# AYAMA ayama_surface
# grid 64 x 64  step 8 m  exaggeration 1
# axes: +X east, +Y north, +Z up (metres from the SW corner)
mtllib surface.mtl
o ayama_surface
v 0.0000 504.0000 427.6175
v 8.0000 504.0000 425.2522
v 16.0000 504.0000 419.6753
v 24.0000 504.0000 418.0363
v 32.0000 504.0000 419.1251
v 40.0000 504.0000 419.3793
v 48.0000 504.0000 421.4498
v 56.0000 504.0000 427.9366
v 64.0000 504.0000 424.3020
v 72.0000 504.0000 421.9374
v 80.0000 504.0000 430.9724
v 88.0000 504.0000 423.6856
v 96.0000 504.0000 418.7112
v 104.0000 504.0000 411.2264
v 112.0000 504.0000 411.7495
v 120.0000 504.0000 411.6220
v 128.0000 504.0000 411.7997
v 136.0000 504.0000 411.1181
v 144.0000 504.0000 409.6818
v 152.0000 504.0000 409.9904
v 160.0000 504.0000 462.7469
v 168.0000 504.0000 465.4383
v 176.0000 504.0000 449.6195
v 184.0000 504.0000 431.6176
v 192.0000 504.0000 388.1220
v 200.0000 504.0000 390.3818
v 208.0000 504.0000 396.3673
v 216.0000 504.0000 406.3158
v 224.0000 504.0000 412.2198
v 232.0000 504.0000 411.0477
v 240.0000 504.0000 418.5623
v 248.0000 504.0000 418.4681
v 256.0000 504.0000 411.9592
v 264.0000 504.0000 409.7758
v 272.0000 504.0000 408.4746
v 280.0000 504.0000 406.8837
v 288.0000 504.0000 405.2840
v 296.0000 504.0000 404.7928
v 304.0000 504.0000 410.7977
v 312.0000 504.0000 409.0617
v 320.0000 504.0000 410.9517
v 328.0000 504.0000 410.8260
v 336.0000 504.0000 410.6437
v 344.0000 504.0000 411.5417
v 352.0000 504.0000 411.0943
v 360.0000 504.0000 411.2041
v 368.0000 504.0000 409.7799
v 376.0000 504.0000 413.3074
v 384.0000 504.0000 409.4419
v 392.0000 504.0000 420.8183
v 400.0000 504.0000 420.7283
v 408.0000 504.0000 440.7987
v 416.0000 504.0000 421.9695
v 424.0000 504.0000 430.1165
v 432.0000 504.0000 421.0925
v 440.0000 504.0000 420.2588
v 448.0000 504.0000 434.3320
v 456.0000 504.0000 414.6938
v 464.0000 504.0000 407.1677
v 472.0000 504.0000 399.6338
v 480.0000 504.0000 405.7618
v 488.0000 504.0000 443.0605
v 496.0000 504.0000 444.6960
v 504.0000 504.0000 412.3376
v 0.0000 496.0000 424.1126
v 8.0000 496.0000 421.2971
v 16.0000 496.0000 415.9147
v 24.0000 496.0000 416.0183
v 32.0000 496.0000 415.9544
v 40.0000 496.0000 416.9394
v 48.0000 496.0000 418.1740
v 56.0000 496.0000 419.7374
v 64.0000 496.0000 418.7985
v 72.0000 496.0000 421.1264
v 80.0000 496.0000 424.4000
v 88.0000 496.0000 414.8909
v 96.0000 496.0000 411.1031
v 104.0000 496.0000 410.5330
v 112.0000 496.0000 410.7079
v 120.0000 496.0000 412.8960
v 128.0000 496.0000 414.4984
v 136.0000 496.0000 413.4589
v 144.0000 496.0000 409.1442
v 152.0000 496.0000 404.4007
v 160.0000 496.0000 407.3285
v 168.0000 496.0000 457.4212
v 176.0000 496.0000 463.4930
v 184.0000 496.0000 445.0299
v 192.0000 496.0000 417.1434
v 200.0000 496.0000 391.2752
v 208.0000 496.0000 395.7623
v 216.0000 496.0000 402.2329
v 224.0000 496.0000 407.4029
v 232.0000 496.0000 416.4584
v 240.0000 496.0000 418.0627
v 248.0000 496.0000 411.9550
v 256.0000 496.0000 408.2730
v 264.0000 496.0000 407.5973
v 272.0000 496.0000 407.2384
v 280.0000 496.0000 406.6544
v 288.0000 496.0000 406.1386
v 296.0000 496.0000 420.8074
v 304.0000 496.0000 414.2955
v 312.0000 496.0000 415.7231
v 320.0000 496.0000 419.6013
v 328.0000 496.0000 412.2519
v 336.0000 496.0000 410.6186
v 344.0000 496.0000 410.2692
v 352.0000 496.0000 411.0782
v 360.0000 496.0000 411.6625
v 368.0000 496.0000 412.8916
v 376.0000 496.0000 408.8042
v 384.0000 496.0000 413.3264
v 392.0000 496.0000 421.0346
v 400.0000 496.0000 448.7154
v 408.0000 496.0000 444.9710
v 416.0000 496.0000 422.7578
v 424.0000 496.0000 431.0723
v 432.0000 496.0000 438.5276
v 440.0000 496.0000 433.1171
v 448.0000 496.0000 431.6927
v 456.0000 496.0000 401.4978
v 464.0000 496.0000 404.3942
v 472.0000 496.0000 403.7902
v 480.0000 496.0000 398.8996
v 488.0000 496.0000 411.7629
v 496.0000 496.0000 408.1309
v 504.0000 496.0000 410.5667
v 0.0000 488.0000 421.1809
v 8.0000 488.0000 416.7913
v 16.0000 488.0000 415.1559
v 24.0000 488.0000 417.1000
v 32.0000 488.0000 412.6341
v 40.0000 488.0000 415.8935
v 48.0000 488.0000 424.3932
v 56.0000 488.0000 419.4017
v 64.0000 488.0000 426.5684
v 72.0000 488.0000 419.9581
v 80.0000 488.0000 410.5148
v 88.0000 488.0000 408.9169
v 96.0000 488.0000 412.4601
v 104.0000 488.0000 414.0187
v 112.0000 488.0000 411.8836
v 120.0000 488.0000 414.5174
v 128.0000 488.0000 415.2335
v 136.0000 488.0000 413.5642
v 144.0000 488.0000 411.0081
v 152.0000 488.0000 407.0312
v 160.0000 488.0000 401.4576
v 168.0000 488.0000 400.8445
v 176.0000 488.0000 451.2252
v 184.0000 488.0000 464.6705
v 192.0000 488.0000 443.3766
v 200.0000 488.0000 412.4512
v 208.0000 488.0000 399.0670
v 216.0000 488.0000 405.8336
v 224.0000 488.0000 414.5763
v 232.0000 488.0000 416.1493
v 240.0000 488.0000 410.8448
v 248.0000 488.0000 408.5324
v 256.0000 488.0000 407.6967
v 264.0000 488.0000 407.1108
v 272.0000 488.0000 406.9376
v 280.0000 488.0000 408.1847
v 288.0000 488.0000 426.8669
v 296.0000 488.0000 421.7050
v 304.0000 488.0000 421.2404
v 312.0000 488.0000 423.2515
v 320.0000 488.0000 415.9229
v 328.0000 488.0000 411.7635
v 336.0000 488.0000 410.8211
v 344.0000 488.0000 409.5467
v 352.0000 488.0000 409.7202
v 360.0000 488.0000 410.5015
v 368.0000 488.0000 412.4901
v 376.0000 488.0000 410.8304
v 384.0000 488.0000 418.1108
v 392.0000 488.0000 437.6512
v 400.0000 488.0000 446.0038
v 408.0000 488.0000 426.0406
v 416.0000 488.0000 424.0961
v 424.0000 488.0000 428.2642
v 432.0000 488.0000 442.6293
v 440.0000 488.0000 448.2642
v 448.0000 488.0000 401.0047
v 456.0000 488.0000 398.4855
v 464.0000 488.0000 414.2653
v 472.0000 488.0000 468.1899
v 480.0000 488.0000 400.2158
v 488.0000 488.0000 401.2954
v 496.0000 488.0000 405.3164
v 504.0000 488.0000 408.3654
v 0.0000 480.0000 419.5296
v 8.0000 480.0000 416.0852
v 16.0000 480.0000 414.8102
v 24.0000 480.0000 412.9494
v 32.0000 480.0000 410.1697
v 40.0000 480.0000 417.7202
v 48.0000 480.0000 419.8944
v 56.0000 480.0000 422.4519
v 64.0000 480.0000 426.6994
v 72.0000 480.0000 410.5579
v 80.0000 480.0000 406.8215
v 88.0000 480.0000 410.4980
v 96.0000 480.0000 413.2570
v 104.0000 480.0000 415.0487
v 112.0000 480.0000 415.5001
v 120.0000 480.0000 413.9924
v 128.0000 480.0000 414.8788
v 136.0000 480.0000 413.0233
v 144.0000 480.0000 411.0563
v 152.0000 480.0000 408.1301
v 160.0000 480.0000 403.4525
v 168.0000 480.0000 398.6293
v 176.0000 480.0000 396.0860
v 184.0000 480.0000 448.9137
v 192.0000 480.0000 465.7956
v 200.0000 480.0000 435.9413
v 208.0000 480.0000 415.8203
v 216.0000 480.0000 417.0169
v 224.0000 480.0000 414.5456
v 232.0000 480.0000 409.2042
v 240.0000 480.0000 407.3960
v 248.0000 480.0000 407.9802
v 256.0000 480.0000 406.9876
v 264.0000 480.0000 406.3479
v 272.0000 480.0000 407.8074
v 280.0000 480.0000 423.0122
v 288.0000 480.0000 422.4947
v 296.0000 480.0000 420.9998
v 304.0000 480.0000 418.1543
v 312.0000 480.0000 411.1614
v 320.0000 480.0000 410.5880
v 328.0000 480.0000 411.2148
v 336.0000 480.0000 412.0824
v 344.0000 480.0000 429.4082
v 352.0000 480.0000 410.7288
v 360.0000 480.0000 415.0213
v 368.0000 480.0000 411.0757
v 376.0000 480.0000 410.3122
v 384.0000 480.0000 411.9993
v 392.0000 480.0000 421.4675
v 400.0000 480.0000 423.5044
v 408.0000 480.0000 418.5240
v 416.0000 480.0000 423.3116
v 424.0000 480.0000 428.3348
v 432.0000 480.0000 441.4099
v 440.0000 480.0000 443.8037
v 448.0000 480.0000 404.7879
v 456.0000 480.0000 409.8763
v 464.0000 480.0000 430.3748
v 472.0000 480.0000 463.7368
v 480.0000 480.0000 459.0232
v 488.0000 480.0000 397.2330
v 496.0000 480.0000 401.4195
v 504.0000 480.0000 405.8170
v 0.0000 472.0000 417.6540
v 8.0000 472.0000 415.5218
v 16.0000 472.0000 414.9008
v 24.0000 472.0000 410.5732
v 32.0000 472.0000 414.9599
v 40.0000 472.0000 418.6957
v 48.0000 472.0000 423.3833
v 56.0000 472.0000 426.6540
v 64.0000 472.0000 412.4536
v 72.0000 472.0000 405.4063
v 80.0000 472.0000 407.9917
v 88.0000 472.0000 410.0986
v 96.0000 472.0000 412.4078
v 104.0000 472.0000 414.5439
v 112.0000 472.0000 416.1177
v 120.0000 472.0000 416.8041
v 128.0000 472.0000 415.2780
v 136.0000 472.0000 413.0695
v 144.0000 472.0000 411.4638
v 152.0000 472.0000 409.0773
v 160.0000 472.0000 405.2024
v 168.0000 472.0000 401.1562
v 176.0000 472.0000 397.3030
v 184.0000 472.0000 396.2589
v 192.0000 472.0000 448.0048
v 200.0000 472.0000 422.1068
v 208.0000 472.0000 419.1023
v 216.0000 472.0000 414.3730
v 224.0000 472.0000 410.5135
v 232.0000 472.0000 404.8673
v 240.0000 472.0000 404.5665
v 248.0000 472.0000 406.2039
v 256.0000 472.0000 406.5595
v 264.0000 472.0000 408.2174
v 272.0000 472.0000 425.4682
v 280.0000 472.0000 425.3160
v 288.0000 472.0000 421.0789
v 296.0000 472.0000 416.8447
v 304.0000 472.0000 409.6342
v 312.0000 472.0000 408.3472
v 320.0000 472.0000 409.0272
v 328.0000 472.0000 410.3340
v 336.0000 472.0000 418.1007
v 344.0000 472.0000 450.5871
v 352.0000 472.0000 417.8009
v 360.0000 472.0000 416.3370
v 368.0000 472.0000 407.0617
v 376.0000 472.0000 408.1086
v 384.0000 472.0000 406.1918
v 392.0000 472.0000 413.3229
v 400.0000 472.0000 414.0045
v 408.0000 472.0000 412.4180
v 416.0000 472.0000 420.3621
v 424.0000 472.0000 444.7387
v 432.0000 472.0000 454.6140
v 440.0000 472.0000 454.6751
v 448.0000 472.0000 416.2042
v 456.0000 472.0000 433.5856
v 464.0000 472.0000 427.9909
v 472.0000 472.0000 439.8058
v 480.0000 472.0000 405.5185
v 488.0000 472.0000 409.2774
v 496.0000 472.0000 396.7483
v 504.0000 472.0000 399.7985
v 0.0000 464.0000 418.4852
v 8.0000 464.0000 415.9532
v 16.0000 464.0000 412.9782
v 24.0000 464.0000 411.6237
v 32.0000 464.0000 420.0933
v 40.0000 464.0000 422.4585
v 48.0000 464.0000 424.6838
v 56.0000 464.0000 410.6037
v 64.0000 464.0000 405.9119
v 72.0000 464.0000 407.1616
v 80.0000 464.0000 409.1364
v 88.0000 464.0000 410.0504
v 96.0000 464.0000 412.5759
v 104.0000 464.0000 414.4890
v 112.0000 464.0000 415.1460
v 120.0000 464.0000 415.3782
v 128.0000 464.0000 415.0899
v 136.0000 464.0000 413.0917
v 144.0000 464.0000 411.7426
v 152.0000 464.0000 409.5837
v 160.0000 464.0000 406.8151
v 168.0000 464.0000 403.2788
v 176.0000 464.0000 401.0985
v 184.0000 464.0000 411.8330
v 192.0000 464.0000 420.3080
v 200.0000 464.0000 423.1338
v 208.0000 464.0000 418.2561
v 216.0000 464.0000 409.5038
v 224.0000 464.0000 404.0890
v 232.0000 464.0000 403.8851
v 240.0000 464.0000 404.2812
v 248.0000 464.0000 404.0141
v 256.0000 464.0000 406.7452
v 264.0000 464.0000 421.6317
v 272.0000 464.0000 427.9826
v 280.0000 464.0000 425.6617
v 288.0000 464.0000 418.8624
v 296.0000 464.0000 409.1900
v 304.0000 464.0000 407.8675
v 312.0000 464.0000 408.1089
v 320.0000 464.0000 408.4797
v 328.0000 464.0000 408.2752
v 336.0000 464.0000 410.6183
v 344.0000 464.0000 423.0863
v 352.0000 464.0000 418.7332
v 360.0000 464.0000 417.3470
v 368.0000 464.0000 403.5429
v 376.0000 464.0000 402.3986
v 384.0000 464.0000 421.9771
v 392.0000 464.0000 412.7197
v 400.0000 464.0000 410.4059
v 408.0000 464.0000 418.8800
v 416.0000 464.0000 423.8220
v 424.0000 464.0000 425.9171
v 432.0000 464.0000 450.2467
v 440.0000 464.0000 457.3229
v 448.0000 464.0000 426.0145
v 456.0000 464.0000 412.1190
v 464.0000 464.0000 422.3286
v 472.0000 464.0000 448.9402
v 480.0000 464.0000 447.4044
v 488.0000 464.0000 435.5364
v 496.0000 464.0000 399.1006
v 504.0000 464.0000 394.5619
v 0.0000 456.0000 421.2256
v 8.0000 456.0000 418.2391
v 16.0000 456.0000 412.4892
v 24.0000 456.0000 418.6990
v 32.0000 456.0000 423.5219
v 40.0000 456.0000 422.3486
v 48.0000 456.0000 407.9662
v 56.0000 456.0000 407.3634
v 64.0000 456.0000 409.3229
v 72.0000 456.0000 422.7015
v 80.0000 456.0000 412.5196
v 88.0000 456.0000 411.9541
v 96.0000 456.0000 412.9753
v 104.0000 456.0000 414.4633
v 112.0000 456.0000 415.5279
v 120.0000 456.0000 416.1107
v 128.0000 456.0000 416.3042
v 136.0000 456.0000 413.5315
v 144.0000 456.0000 411.2125
v 152.0000 456.0000 409.4753
v 160.0000 456.0000 407.2628
v 168.0000 456.0000 431.4867
v 176.0000 456.0000 419.6046
v 184.0000 456.0000 421.8076
v 192.0000 456.0000 426.8712
v 200.0000 456.0000 421.4579
v 208.0000 456.0000 409.7334
v 216.0000 456.0000 404.4585
v 224.0000 456.0000 403.6903
v 232.0000 456.0000 403.6348
v 240.0000 456.0000 404.1579
v 248.0000 456.0000 414.3612
v 256.0000 456.0000 417.4222
v 264.0000 456.0000 432.1390
v 272.0000 456.0000 424.6965
v 280.0000 456.0000 420.4736
v 288.0000 456.0000 409.0229
v 296.0000 456.0000 408.5456
v 304.0000 456.0000 408.5440
v 312.0000 456.0000 408.4022
v 320.0000 456.0000 408.1466
v 328.0000 456.0000 407.2506
v 336.0000 456.0000 406.9882
v 344.0000 456.0000 413.8985
v 352.0000 456.0000 417.8100
v 360.0000 456.0000 421.8620
v 368.0000 456.0000 403.4718
v 376.0000 456.0000 430.3339
v 384.0000 456.0000 423.6004
v 392.0000 456.0000 411.1255
v 400.0000 456.0000 418.2928
v 408.0000 456.0000 416.3741
v 416.0000 456.0000 416.9229
v 424.0000 456.0000 421.5099
v 432.0000 456.0000 429.3555
v 440.0000 456.0000 444.2351
v 448.0000 456.0000 398.4977
v 456.0000 456.0000 393.8649
v 464.0000 456.0000 458.0225
v 472.0000 456.0000 452.3141
v 480.0000 456.0000 455.2743
v 488.0000 456.0000 459.9168
v 496.0000 456.0000 446.2900
v 504.0000 456.0000 460.5360
v 0.0000 448.0000 419.6109
v 8.0000 448.0000 416.3716
v 16.0000 448.0000 417.8592
v 24.0000 448.0000 422.8760
v 32.0000 448.0000 422.0314
v 40.0000 448.0000 407.5915
v 48.0000 448.0000 407.6561
v 56.0000 448.0000 410.5206
v 64.0000 448.0000 411.9636
v 72.0000 448.0000 414.3165
v 80.0000 448.0000 413.5791
v 88.0000 448.0000 414.0059
v 96.0000 448.0000 414.4985
v 104.0000 448.0000 415.8720
v 112.0000 448.0000 415.1938
v 120.0000 448.0000 414.8890
v 128.0000 448.0000 415.2513
v 136.0000 448.0000 414.2715
v 144.0000 448.0000 411.6317
v 152.0000 448.0000 408.8792
v 160.0000 448.0000 408.3177
v 168.0000 448.0000 425.5760
v 176.0000 448.0000 422.2654
v 184.0000 448.0000 424.8456
v 192.0000 448.0000 420.9841
v 200.0000 448.0000 407.0108
v 208.0000 448.0000 404.2580
v 216.0000 448.0000 404.3185
v 224.0000 448.0000 403.9762
v 232.0000 448.0000 403.9596
v 240.0000 448.0000 414.2740
v 248.0000 448.0000 427.0159
v 256.0000 448.0000 430.3130
v 264.0000 448.0000 424.4087
v 272.0000 448.0000 420.4941
v 280.0000 448.0000 411.7984
v 288.0000 448.0000 407.9937
v 296.0000 448.0000 408.8058
v 304.0000 448.0000 408.8175
v 312.0000 448.0000 408.3242
v 320.0000 448.0000 407.4659
v 328.0000 448.0000 406.2687
v 336.0000 448.0000 412.0482
v 344.0000 448.0000 414.2509
v 352.0000 448.0000 413.5584
v 360.0000 448.0000 416.3658
v 368.0000 448.0000 417.5488
v 376.0000 448.0000 423.5953
v 384.0000 448.0000 427.4916
v 392.0000 448.0000 415.8056
v 400.0000 448.0000 416.2824
v 408.0000 448.0000 413.9025
v 416.0000 448.0000 416.6092
v 424.0000 448.0000 417.4993
v 432.0000 448.0000 428.9745
v 440.0000 448.0000 425.4713
v 448.0000 448.0000 393.6395
v 456.0000 448.0000 393.4427
v 464.0000 448.0000 443.1581
v 472.0000 448.0000 448.5569
v 480.0000 448.0000 437.9232
v 488.0000 448.0000 446.3878
v 496.0000 448.0000 412.7479
v 504.0000 448.0000 457.3813
v 0.0000 440.0000 417.5075
v 8.0000 440.0000 416.2574
v 16.0000 440.0000 421.8488
v 24.0000 440.0000 418.9122
v 32.0000 440.0000 408.5508
v 40.0000 440.0000 407.9877
v 48.0000 440.0000 410.4033
v 56.0000 440.0000 412.4877
v 64.0000 440.0000 413.3228
v 72.0000 440.0000 414.7146
v 80.0000 440.0000 415.4226
v 88.0000 440.0000 415.3470
v 96.0000 440.0000 415.6510
v 104.0000 440.0000 416.1378
v 112.0000 440.0000 416.0183
v 120.0000 440.0000 414.7143
v 128.0000 440.0000 414.0396
v 136.0000 440.0000 414.0180
v 144.0000 440.0000 411.6025
v 152.0000 440.0000 409.9019
v 160.0000 440.0000 417.3813
v 168.0000 440.0000 423.5085
v 176.0000 440.0000 427.3120
v 184.0000 440.0000 418.5410
v 192.0000 440.0000 405.5234
v 200.0000 440.0000 403.0522
v 208.0000 440.0000 403.9214
v 216.0000 440.0000 404.1858
v 224.0000 440.0000 403.8904
v 232.0000 440.0000 411.4961
v 240.0000 440.0000 431.5867
v 248.0000 440.0000 434.6245
v 256.0000 440.0000 425.0580
v 264.0000 440.0000 417.4201
v 272.0000 440.0000 410.2097
v 280.0000 440.0000 407.7248
v 288.0000 440.0000 408.6353
v 296.0000 440.0000 409.1922
v 304.0000 440.0000 408.9140
v 312.0000 440.0000 407.6195
v 320.0000 440.0000 406.2313
v 328.0000 440.0000 413.4116
v 336.0000 440.0000 411.0311
v 344.0000 440.0000 408.7439
v 352.0000 440.0000 409.2473
v 360.0000 440.0000 406.2585
v 368.0000 440.0000 406.5406
v 376.0000 440.0000 405.1122
v 384.0000 440.0000 415.0611
v 392.0000 440.0000 419.2817
v 400.0000 440.0000 414.4908
v 408.0000 440.0000 411.5982
v 416.0000 440.0000 412.1730
v 424.0000 440.0000 413.1725
v 432.0000 440.0000 423.3479
v 440.0000 440.0000 398.3575
v 448.0000 440.0000 393.5832
v 456.0000 440.0000 405.6102
v 464.0000 440.0000 418.1195
v 472.0000 440.0000 436.9529
v 480.0000 440.0000 444.4913
v 488.0000 440.0000 397.0208
v 496.0000 440.0000 400.9430
v 504.0000 440.0000 424.8930
v 0.0000 432.0000 416.4762
v 8.0000 432.0000 422.2166
v 16.0000 432.0000 419.3971
v 24.0000 432.0000 410.3392
v 32.0000 432.0000 408.2606
v 40.0000 432.0000 410.9540
v 48.0000 432.0000 412.7369
v 56.0000 432.0000 413.6665
v 64.0000 432.0000 414.5006
v 72.0000 432.0000 415.6410
v 80.0000 432.0000 416.2619
v 88.0000 432.0000 416.4713
v 96.0000 432.0000 415.6835
v 104.0000 432.0000 416.6273
v 112.0000 432.0000 443.4293
v 120.0000 432.0000 414.7364
v 128.0000 432.0000 413.3456
v 136.0000 432.0000 410.8421
v 144.0000 432.0000 410.4082
v 152.0000 432.0000 418.0888
v 160.0000 432.0000 424.6747
v 168.0000 432.0000 431.4245
v 176.0000 432.0000 422.9364
v 184.0000 432.0000 407.9442
v 192.0000 432.0000 403.2320
v 200.0000 432.0000 402.7118
v 208.0000 432.0000 403.5352
v 216.0000 432.0000 403.9118
v 224.0000 432.0000 409.2306
v 232.0000 432.0000 425.4171
v 240.0000 432.0000 437.8268
v 248.0000 432.0000 436.8488
v 256.0000 432.0000 427.7429
v 264.0000 432.0000 414.0187
v 272.0000 432.0000 406.8582
v 280.0000 432.0000 408.0029
v 288.0000 432.0000 408.6629
v 296.0000 432.0000 408.6845
v 304.0000 432.0000 407.7665
v 312.0000 432.0000 406.0202
v 320.0000 432.0000 415.1581
v 328.0000 432.0000 410.5642
v 336.0000 432.0000 406.7323
v 344.0000 432.0000 403.7965
v 352.0000 432.0000 412.0902
v 360.0000 432.0000 458.9598
v 368.0000 432.0000 402.1119
v 376.0000 432.0000 401.5017
v 384.0000 432.0000 411.5152
v 392.0000 432.0000 424.8696
v 400.0000 432.0000 439.2845
v 408.0000 432.0000 416.3179
v 416.0000 432.0000 414.4917
v 424.0000 432.0000 423.2325
v 432.0000 432.0000 403.4673
v 440.0000 432.0000 398.6009
v 448.0000 432.0000 396.6268
v 456.0000 432.0000 407.4522
v 464.0000 432.0000 412.4504
v 472.0000 432.0000 414.8141
v 480.0000 432.0000 438.0946
v 488.0000 432.0000 441.0352
v 496.0000 432.0000 440.7112
v 504.0000 432.0000 454.0358
v 0.0000 424.0000 420.9610
v 8.0000 424.0000 420.1396
v 16.0000 424.0000 410.4356
v 24.0000 424.0000 408.9283
v 32.0000 424.0000 411.6697
v 40.0000 424.0000 412.8702
v 48.0000 424.0000 413.6361
v 56.0000 424.0000 414.3999
v 64.0000 424.0000 415.1989
v 72.0000 424.0000 415.8466
v 80.0000 424.0000 416.4509
v 88.0000 424.0000 416.6359
v 96.0000 424.0000 416.4905
v 104.0000 424.0000 415.1528
v 112.0000 424.0000 415.5462
v 120.0000 424.0000 413.7408
v 128.0000 424.0000 412.5012
v 136.0000 424.0000 410.6154
v 144.0000 424.0000 417.1234
v 152.0000 424.0000 424.3216
v 160.0000 424.0000 435.0271
v 168.0000 424.0000 427.4752
v 176.0000 424.0000 411.2151
v 184.0000 424.0000 404.7544
v 192.0000 424.0000 403.6072
v 200.0000 424.0000 402.5284
v 208.0000 424.0000 403.0298
v 216.0000 424.0000 408.1765
v 224.0000 424.0000 427.4738
v 232.0000 424.0000 437.4183
v 240.0000 424.0000 436.4779
v 248.0000 424.0000 426.1414
v 256.0000 424.0000 412.9398
v 264.0000 424.0000 406.4758
v 272.0000 424.0000 407.1368
v 280.0000 424.0000 408.0084
v 288.0000 424.0000 408.1946
v 296.0000 424.0000 407.6127
v 304.0000 424.0000 406.1746
v 312.0000 424.0000 410.7893
v 320.0000 424.0000 410.9633
v 328.0000 424.0000 408.2162
v 336.0000 424.0000 404.4997
v 344.0000 424.0000 405.3196
v 352.0000 424.0000 401.7939
v 360.0000 424.0000 456.5103
v 368.0000 424.0000 455.8667
v 376.0000 424.0000 458.3657
v 384.0000 424.0000 460.3459
v 392.0000 424.0000 414.1586
v 400.0000 424.0000 421.0089
v 408.0000 424.0000 439.6741
v 416.0000 424.0000 436.1475
v 424.0000 424.0000 407.3196
v 432.0000 424.0000 403.5226
v 440.0000 424.0000 399.2839
v 448.0000 424.0000 400.2916
v 456.0000 424.0000 460.7974
v 464.0000 424.0000 458.8725
v 472.0000 424.0000 423.1421
v 480.0000 424.0000 413.2952
v 488.0000 424.0000 420.7649
v 496.0000 424.0000 438.5639
v 504.0000 424.0000 441.8605
v 0.0000 416.0000 421.7989
v 8.0000 416.0000 412.9438
v 16.0000 416.0000 410.5616
v 24.0000 416.0000 413.0757
v 32.0000 416.0000 413.6004
v 40.0000 416.0000 414.1341
v 48.0000 416.0000 414.3308
v 56.0000 416.0000 414.7837
v 64.0000 416.0000 415.0749
v 72.0000 416.0000 415.6198
v 80.0000 416.0000 416.0135
v 88.0000 416.0000 416.0231
v 96.0000 416.0000 416.0904
v 104.0000 416.0000 415.6238
v 112.0000 416.0000 413.4331
v 120.0000 416.0000 412.4068
v 128.0000 416.0000 412.1944
v 136.0000 416.0000 416.8784
v 144.0000 416.0000 423.5627
v 152.0000 416.0000 430.6393
v 160.0000 416.0000 428.1474
v 168.0000 416.0000 412.2873
v 176.0000 416.0000 405.3080
v 184.0000 416.0000 404.3589
v 192.0000 416.0000 402.9695
v 200.0000 416.0000 401.6613
v 208.0000 416.0000 406.1991
v 216.0000 416.0000 432.2464
v 224.0000 416.0000 436.5157
v 232.0000 416.0000 437.2138
v 240.0000 416.0000 431.3883
v 248.0000 416.0000 413.7194
v 256.0000 416.0000 406.9005
v 264.0000 416.0000 406.6064
v 272.0000 416.0000 407.3567
v 280.0000 416.0000 407.4388
v 288.0000 416.0000 407.0081
v 296.0000 416.0000 406.1044
v 304.0000 416.0000 413.1224
v 312.0000 416.0000 410.0245
v 320.0000 416.0000 408.7075
v 328.0000 416.0000 407.3783
v 336.0000 416.0000 410.9514
v 344.0000 416.0000 406.0889
v 352.0000 416.0000 397.2557
v 360.0000 416.0000 431.1956
v 368.0000 416.0000 451.9257
v 376.0000 416.0000 449.1721
v 384.0000 416.0000 458.6165
v 392.0000 416.0000 462.6953
v 400.0000 416.0000 412.5318
v 408.0000 416.0000 412.2830
v 416.0000 416.0000 408.0255
v 424.0000 416.0000 406.2904
v 432.0000 416.0000 403.3805
v 440.0000 416.0000 399.0874
v 448.0000 416.0000 432.7016
v 456.0000 416.0000 457.9186
v 464.0000 416.0000 456.6137
v 472.0000 416.0000 455.0543
v 480.0000 416.0000 444.3676
v 488.0000 416.0000 432.6469
v 496.0000 416.0000 416.1625
v 504.0000 416.0000 382.9748
v 0.0000 408.0000 414.8449
v 8.0000 408.0000 412.5473
v 16.0000 408.0000 414.3056
v 24.0000 408.0000 414.8977
v 32.0000 408.0000 415.4207
v 40.0000 408.0000 415.2174
v 48.0000 408.0000 414.9129
v 56.0000 408.0000 415.2395
v 64.0000 408.0000 415.2572
v 72.0000 408.0000 415.3142
v 80.0000 408.0000 415.3855
v 88.0000 408.0000 414.9908
v 96.0000 408.0000 414.5146
v 104.0000 408.0000 414.9034
v 112.0000 408.0000 412.2891
v 120.0000 408.0000 412.5227
v 128.0000 408.0000 414.6273
v 136.0000 408.0000 421.4504
v 144.0000 408.0000 426.3830
v 152.0000 408.0000 423.7067
v 160.0000 408.0000 409.0068
v 168.0000 408.0000 404.6868
v 176.0000 408.0000 404.2892
v 184.0000 408.0000 403.3250
v 192.0000 408.0000 401.5891
v 200.0000 408.0000 404.0515
v 208.0000 408.0000 426.8069
v 216.0000 408.0000 433.8305
v 224.0000 408.0000 435.6038
v 232.0000 408.0000 426.9351
v 240.0000 408.0000 407.2323
v 248.0000 408.0000 405.3347
v 256.0000 408.0000 406.0363
v 264.0000 408.0000 406.5464
v 272.0000 408.0000 407.0312
v 280.0000 408.0000 406.7722
v 288.0000 408.0000 405.7940
v 296.0000 408.0000 412.4675
v 304.0000 408.0000 409.0327
v 312.0000 408.0000 408.0069
v 320.0000 408.0000 406.2303
v 328.0000 408.0000 405.4302
v 336.0000 408.0000 454.0596
v 344.0000 408.0000 452.4472
v 352.0000 408.0000 437.2171
v 360.0000 408.0000 452.6228
v 368.0000 408.0000 441.9571
v 376.0000 408.0000 426.2371
v 384.0000 408.0000 439.6375
v 392.0000 408.0000 459.4144
v 400.0000 408.0000 410.1823
v 408.0000 408.0000 406.8705
v 416.0000 408.0000 406.9675
v 424.0000 408.0000 406.9854
v 432.0000 408.0000 405.1051
v 440.0000 408.0000 402.1366
v 448.0000 408.0000 406.0453
v 456.0000 408.0000 413.8111
v 464.0000 408.0000 425.7192
v 472.0000 408.0000 438.3723
v 480.0000 408.0000 418.8280
v 488.0000 408.0000 439.7564
v 496.0000 408.0000 446.9623
v 504.0000 408.0000 449.7980
v 0.0000 400.0000 414.7793
v 8.0000 400.0000 414.5065
v 16.0000 400.0000 414.6682
v 24.0000 400.0000 415.1161
v 32.0000 400.0000 415.7861
v 40.0000 400.0000 415.7502
v 48.0000 400.0000 415.4999
v 56.0000 400.0000 415.4385
v 64.0000 400.0000 415.3256
v 72.0000 400.0000 415.0717
v 80.0000 400.0000 414.3220
v 88.0000 400.0000 413.8136
v 96.0000 400.0000 411.8250
v 104.0000 400.0000 411.9697
v 112.0000 400.0000 412.1943
v 120.0000 400.0000 414.4088
v 128.0000 400.0000 421.1953
v 136.0000 400.0000 429.1633
v 144.0000 400.0000 425.6777
v 152.0000 400.0000 406.7402
v 160.0000 400.0000 404.1624
v 168.0000 400.0000 403.5691
v 176.0000 400.0000 402.8091
v 184.0000 400.0000 401.3766
v 192.0000 400.0000 400.9746
v 200.0000 400.0000 421.2585
v 208.0000 400.0000 434.0016
v 216.0000 400.0000 435.6758
v 224.0000 400.0000 425.3285
v 232.0000 400.0000 405.1168
v 240.0000 400.0000 403.0313
v 248.0000 400.0000 404.5003
v 256.0000 400.0000 405.4600
v 264.0000 400.0000 405.6741
v 272.0000 400.0000 405.9195
v 280.0000 400.0000 411.4585
v 288.0000 400.0000 413.8772
v 296.0000 400.0000 410.6706
v 304.0000 400.0000 409.0217
v 312.0000 400.0000 405.1765
v 320.0000 400.0000 407.9140
v 328.0000 400.0000 398.9420
v 336.0000 400.0000 408.5620
v 344.0000 400.0000 449.5195
v 352.0000 400.0000 446.8876
v 360.0000 400.0000 452.2728
v 368.0000 400.0000 453.9441
v 376.0000 400.0000 425.6176
v 384.0000 400.0000 422.5786
v 392.0000 400.0000 405.9267
v 400.0000 400.0000 404.9347
v 408.0000 400.0000 406.1012
v 416.0000 400.0000 406.8753
v 424.0000 400.0000 411.0564
v 432.0000 400.0000 408.1007
v 440.0000 400.0000 431.5584
v 448.0000 400.0000 438.5942
v 456.0000 400.0000 435.0207
v 464.0000 400.0000 433.5512
v 472.0000 400.0000 411.8901
v 480.0000 400.0000 420.7100
v 488.0000 400.0000 426.2703
v 496.0000 400.0000 450.8434
v 504.0000 400.0000 451.8117
v 0.0000 392.0000 414.7571
v 8.0000 392.0000 414.7158
v 16.0000 392.0000 414.4341
v 24.0000 392.0000 414.3875
v 32.0000 392.0000 414.6947
v 40.0000 392.0000 415.0923
v 48.0000 392.0000 414.9645
v 56.0000 392.0000 414.6557
v 64.0000 392.0000 414.9630
v 72.0000 392.0000 414.1859
v 80.0000 392.0000 413.4666
v 88.0000 392.0000 410.7616
v 96.0000 392.0000 411.3586
v 104.0000 392.0000 411.9456
v 112.0000 392.0000 415.4021
v 120.0000 392.0000 422.4513
v 128.0000 392.0000 434.0214
v 136.0000 392.0000 428.5708
v 144.0000 392.0000 405.2351
v 152.0000 392.0000 402.6091
v 160.0000 392.0000 402.4384
v 168.0000 392.0000 401.6056
v 176.0000 392.0000 400.1866
v 184.0000 392.0000 403.5020
v 192.0000 392.0000 422.0048
v 200.0000 392.0000 431.0399
v 208.0000 392.0000 436.0635
v 216.0000 392.0000 428.3244
v 224.0000 392.0000 408.4148
v 232.0000 392.0000 401.1463
v 240.0000 392.0000 401.9225
v 248.0000 392.0000 403.3936
v 256.0000 392.0000 404.5021
v 264.0000 392.0000 405.4912
v 272.0000 392.0000 416.5746
v 280.0000 392.0000 414.1303
v 288.0000 392.0000 412.2729
v 296.0000 392.0000 410.7120
v 304.0000 392.0000 409.4121
v 312.0000 392.0000 408.7096
v 320.0000 392.0000 455.9130
v 328.0000 392.0000 426.4622
v 336.0000 392.0000 453.0669
v 344.0000 392.0000 449.0722
v 352.0000 392.0000 429.6361
v 360.0000 392.0000 423.2375
v 368.0000 392.0000 449.3457
v 376.0000 392.0000 407.4407
v 384.0000 392.0000 401.4461
v 392.0000 392.0000 402.0259
v 400.0000 392.0000 403.8520
v 408.0000 392.0000 405.8997
v 416.0000 392.0000 415.6748
v 424.0000 392.0000 412.9046
v 432.0000 392.0000 421.7845
v 440.0000 392.0000 444.6767
v 448.0000 392.0000 455.9227
v 456.0000 392.0000 451.5309
v 464.0000 392.0000 444.2422
v 472.0000 392.0000 443.8694
v 480.0000 392.0000 422.0623
v 488.0000 392.0000 423.9918
v 496.0000 392.0000 438.2745
v 504.0000 392.0000 451.3024
v 0.0000 384.0000 414.8458
v 8.0000 384.0000 414.5686
v 16.0000 384.0000 414.4031
v 24.0000 384.0000 413.9420
v 32.0000 384.0000 414.1915
v 40.0000 384.0000 414.4466
v 48.0000 384.0000 414.2032
v 56.0000 384.0000 414.2085
v 64.0000 384.0000 413.9033
v 72.0000 384.0000 413.0414
v 80.0000 384.0000 410.5604
v 88.0000 384.0000 410.5281
v 96.0000 384.0000 411.8459
v 104.0000 384.0000 417.3141
v 112.0000 384.0000 426.1472
v 120.0000 384.0000 435.4674
v 128.0000 384.0000 435.9283
v 136.0000 384.0000 414.0503
v 144.0000 384.0000 400.8422
v 152.0000 384.0000 400.8561
v 160.0000 384.0000 400.0597
v 168.0000 384.0000 398.4020
v 176.0000 384.0000 398.5707
v 184.0000 384.0000 424.9713
v 192.0000 384.0000 436.5188
v 200.0000 384.0000 436.1388
v 208.0000 384.0000 432.4389
v 216.0000 384.0000 415.6638
v 224.0000 384.0000 416.6291
v 232.0000 384.0000 411.9825
v 240.0000 384.0000 400.8104
v 248.0000 384.0000 403.2753
v 256.0000 384.0000 418.5713
v 264.0000 384.0000 414.1391
v 272.0000 384.0000 411.5689
v 280.0000 384.0000 412.7981
v 288.0000 384.0000 409.6813
v 296.0000 384.0000 401.9970
v 304.0000 384.0000 402.2160
v 312.0000 384.0000 407.0630
v 320.0000 384.0000 453.6146
v 328.0000 384.0000 452.0633
v 336.0000 384.0000 451.8496
v 344.0000 384.0000 452.3594
v 352.0000 384.0000 448.5423
v 360.0000 384.0000 409.1611
v 368.0000 384.0000 400.3274
v 376.0000 384.0000 399.7167
v 384.0000 384.0000 400.5511
v 392.0000 384.0000 401.9698
v 400.0000 384.0000 407.4988
v 408.0000 384.0000 416.7354
v 416.0000 384.0000 412.2517
v 424.0000 384.0000 410.4524
v 432.0000 384.0000 430.5409
v 440.0000 384.0000 448.5808
v 448.0000 384.0000 460.8255
v 456.0000 384.0000 461.0001
v 464.0000 384.0000 455.5641
v 472.0000 384.0000 449.2185
v 480.0000 384.0000 425.5389
v 488.0000 384.0000 426.2589
v 496.0000 384.0000 436.8418
v 504.0000 384.0000 446.6205
v 0.0000 376.0000 418.7947
v 8.0000 376.0000 413.6606
v 16.0000 376.0000 414.0475
v 24.0000 376.0000 413.5373
v 32.0000 376.0000 413.8352
v 40.0000 376.0000 413.9643
v 48.0000 376.0000 414.0455
v 56.0000 376.0000 413.6443
v 64.0000 376.0000 412.9981
v 72.0000 376.0000 410.2641
v 80.0000 376.0000 410.0367
v 88.0000 376.0000 411.7132
v 96.0000 376.0000 418.8393
v 104.0000 376.0000 425.2530
v 112.0000 376.0000 436.0557
v 120.0000 376.0000 435.3550
v 128.0000 376.0000 418.4389
v 136.0000 376.0000 399.6820
v 144.0000 376.0000 399.0639
v 152.0000 376.0000 398.2930
v 160.0000 376.0000 396.6036
v 168.0000 376.0000 399.4777
v 176.0000 376.0000 437.0451
v 184.0000 376.0000 439.6154
v 192.0000 376.0000 439.3671
v 200.0000 376.0000 432.3839
v 208.0000 376.0000 417.3124
v 216.0000 376.0000 438.6241
v 224.0000 376.0000 423.7634
v 232.0000 376.0000 426.5284
v 240.0000 376.0000 424.9059
v 248.0000 376.0000 415.6081
v 256.0000 376.0000 405.2888
v 264.0000 376.0000 409.4123
v 272.0000 376.0000 412.7953
v 280.0000 376.0000 408.0416
v 288.0000 376.0000 404.5858
v 296.0000 376.0000 409.4901
v 304.0000 376.0000 404.7006
v 312.0000 376.0000 412.2400
v 320.0000 376.0000 450.8983
v 328.0000 376.0000 451.3383
v 336.0000 376.0000 426.8234
v 344.0000 376.0000 448.6237
v 352.0000 376.0000 402.5872
v 360.0000 376.0000 399.0179
v 368.0000 376.0000 398.5814
v 376.0000 376.0000 400.6044
v 384.0000 376.0000 401.6127
v 392.0000 376.0000 414.6919
v 400.0000 376.0000 418.5119
v 408.0000 376.0000 415.6753
v 416.0000 376.0000 457.4714
v 424.0000 376.0000 421.3495
v 432.0000 376.0000 419.0566
v 440.0000 376.0000 417.0367
v 448.0000 376.0000 415.7973
v 456.0000 376.0000 452.6069
v 464.0000 376.0000 456.1332
v 472.0000 376.0000 457.4664
v 480.0000 376.0000 428.3000
v 488.0000 376.0000 433.4327
v 496.0000 376.0000 423.4575
v 504.0000 376.0000 429.9146
v 0.0000 368.0000 410.9804
v 8.0000 368.0000 412.6385
v 16.0000 368.0000 412.6374
v 24.0000 368.0000 413.1428
v 32.0000 368.0000 413.4178
v 40.0000 368.0000 413.8965
v 48.0000 368.0000 413.5698
v 56.0000 368.0000 413.0896
v 64.0000 368.0000 410.3356
v 72.0000 368.0000 409.5093
v 80.0000 368.0000 410.3146
v 88.0000 368.0000 418.7298
v 96.0000 368.0000 425.1895
v 104.0000 368.0000 433.8600
v 112.0000 368.0000 435.8607
v 120.0000 368.0000 416.0547
v 128.0000 368.0000 398.3592
v 136.0000 368.0000 397.4963
v 144.0000 368.0000 396.6033
v 152.0000 368.0000 395.0033
v 160.0000 368.0000 406.3803
v 168.0000 368.0000 437.1605
v 176.0000 368.0000 441.1261
v 184.0000 368.0000 440.6228
v 192.0000 368.0000 430.5465
v 200.0000 368.0000 410.6409
v 208.0000 368.0000 407.8367
v 216.0000 368.0000 410.4772
v 224.0000 368.0000 414.0848
v 232.0000 368.0000 414.5284
v 240.0000 368.0000 409.8989
v 248.0000 368.0000 406.6483
v 256.0000 368.0000 404.6395
v 264.0000 368.0000 402.7068
v 272.0000 368.0000 408.4036
v 280.0000 368.0000 460.8953
v 288.0000 368.0000 429.7353
v 296.0000 368.0000 443.3153
v 304.0000 368.0000 426.3970
v 312.0000 368.0000 425.0130
v 320.0000 368.0000 450.0547
v 328.0000 368.0000 450.2882
v 336.0000 368.0000 404.4657
v 344.0000 368.0000 396.0866
v 352.0000 368.0000 395.3744
v 360.0000 368.0000 397.1290
v 368.0000 368.0000 400.7640
v 376.0000 368.0000 405.6357
v 384.0000 368.0000 423.1245
v 392.0000 368.0000 423.9194
v 400.0000 368.0000 418.7361
v 408.0000 368.0000 448.3060
v 416.0000 368.0000 452.8094
v 424.0000 368.0000 455.4394
v 432.0000 368.0000 441.8277
v 440.0000 368.0000 415.0062
v 448.0000 368.0000 405.4185
v 456.0000 368.0000 412.1363
v 464.0000 368.0000 425.3871
v 472.0000 368.0000 439.1232
v 480.0000 368.0000 444.3054
v 488.0000 368.0000 442.8751
v 496.0000 368.0000 431.2664
v 504.0000 368.0000 400.3681
v 0.0000 360.0000 414.3392
v 8.0000 360.0000 413.2442
v 16.0000 360.0000 410.1857
v 24.0000 360.0000 411.2564
v 32.0000 360.0000 413.2605
v 40.0000 360.0000 413.1672
v 48.0000 360.0000 413.1151
v 56.0000 360.0000 410.3479
v 64.0000 360.0000 409.1635
v 72.0000 360.0000 409.5258
v 80.0000 360.0000 415.5456
v 88.0000 360.0000 427.4188
v 96.0000 360.0000 433.0261
v 104.0000 360.0000 435.4541
v 112.0000 360.0000 410.0008
v 120.0000 360.0000 396.3833
v 128.0000 360.0000 395.7740
v 136.0000 360.0000 395.1134
v 144.0000 360.0000 393.7819
v 152.0000 360.0000 400.7934
v 160.0000 360.0000 436.4775
v 168.0000 360.0000 439.3250
v 176.0000 360.0000 437.2986
v 184.0000 360.0000 428.5442
v 192.0000 360.0000 409.9233
v 200.0000 360.0000 407.7307
v 208.0000 360.0000 408.6309
v 216.0000 360.0000 407.3647
v 224.0000 360.0000 409.4550
v 232.0000 360.0000 412.5322
v 240.0000 360.0000 411.9342
v 248.0000 360.0000 404.9239
v 256.0000 360.0000 401.2803
v 264.0000 360.0000 401.7033
v 272.0000 360.0000 459.7555
v 280.0000 360.0000 456.7336
v 288.0000 360.0000 456.0152
v 296.0000 360.0000 447.0618
v 304.0000 360.0000 439.5110
v 312.0000 360.0000 418.4723
v 320.0000 360.0000 445.3121
v 328.0000 360.0000 397.9908
v 336.0000 360.0000 394.4654
v 344.0000 360.0000 394.7746
v 352.0000 360.0000 397.5011
v 360.0000 360.0000 402.4601
v 368.0000 360.0000 418.3884
v 376.0000 360.0000 427.3157
v 384.0000 360.0000 420.0208
v 392.0000 360.0000 419.4850
v 400.0000 360.0000 438.2658
v 408.0000 360.0000 436.7550
v 416.0000 360.0000 429.4838
v 424.0000 360.0000 448.0356
v 432.0000 360.0000 418.4251
v 440.0000 360.0000 410.4782
v 448.0000 360.0000 407.8935
v 456.0000 360.0000 408.0589
v 464.0000 360.0000 416.2488
v 472.0000 360.0000 442.9442
v 480.0000 360.0000 438.1371
v 488.0000 360.0000 435.0901
v 496.0000 360.0000 424.0691
v 504.0000 360.0000 402.9513
v 0.0000 352.0000 414.1117
v 8.0000 352.0000 413.2763
v 16.0000 352.0000 412.5371
v 24.0000 352.0000 412.4854
v 32.0000 352.0000 413.8708
v 40.0000 352.0000 412.1880
v 48.0000 352.0000 409.9716
v 56.0000 352.0000 408.8398
v 64.0000 352.0000 408.4265
v 72.0000 352.0000 412.2166
v 80.0000 352.0000 425.2830
v 88.0000 352.0000 432.4896
v 96.0000 352.0000 433.1821
v 104.0000 352.0000 407.6169
v 112.0000 352.0000 395.1980
v 120.0000 352.0000 394.4098
v 128.0000 352.0000 393.4764
v 136.0000 352.0000 392.3055
v 144.0000 352.0000 404.3364
v 152.0000 352.0000 438.3073
v 160.0000 352.0000 439.0674
v 168.0000 352.0000 436.2170
v 176.0000 352.0000 426.5523
v 184.0000 352.0000 408.9008
v 192.0000 352.0000 411.1972
v 200.0000 352.0000 410.1976
v 208.0000 352.0000 412.8010
v 216.0000 352.0000 411.4471
v 224.0000 352.0000 411.0075
v 232.0000 352.0000 411.6772
v 240.0000 352.0000 418.3130
v 248.0000 352.0000 430.3497
v 256.0000 352.0000 406.0786
v 264.0000 352.0000 402.2446
v 272.0000 352.0000 405.8543
v 280.0000 352.0000 457.1469
v 288.0000 352.0000 453.2543
v 296.0000 352.0000 450.8435
v 304.0000 352.0000 434.3999
v 312.0000 352.0000 411.6852
v 320.0000 352.0000 397.4505
v 328.0000 352.0000 393.3541
v 336.0000 352.0000 396.4892
v 344.0000 352.0000 403.4953
v 352.0000 352.0000 414.4071
v 360.0000 352.0000 425.5690
v 368.0000 352.0000 429.3249
v 376.0000 352.0000 420.5342
v 384.0000 352.0000 419.2550
v 392.0000 352.0000 437.2839
v 400.0000 352.0000 434.4963
v 408.0000 352.0000 423.9812
v 416.0000 352.0000 425.8568
v 424.0000 352.0000 430.2613
v 432.0000 352.0000 420.2871
v 440.0000 352.0000 413.7214
v 448.0000 352.0000 412.4183
v 456.0000 352.0000 411.3919
v 464.0000 352.0000 414.0044
v 472.0000 352.0000 439.0145
v 480.0000 352.0000 441.8932
v 488.0000 352.0000 432.7977
v 496.0000 352.0000 416.8159
v 504.0000 352.0000 410.1981
v 0.0000 344.0000 413.5959
v 8.0000 344.0000 413.4178
v 16.0000 344.0000 412.5051
v 24.0000 344.0000 412.4845
v 32.0000 344.0000 412.8136
v 40.0000 344.0000 411.9578
v 48.0000 344.0000 408.9848
v 56.0000 344.0000 409.2851
v 64.0000 344.0000 411.4297
v 72.0000 344.0000 422.5452
v 80.0000 344.0000 433.2350
v 88.0000 344.0000 433.8041
v 96.0000 344.0000 408.3546
v 104.0000 344.0000 394.0659
v 112.0000 344.0000 393.0042
v 120.0000 344.0000 392.1700
v 128.0000 344.0000 390.5220
v 136.0000 344.0000 410.9820
v 144.0000 344.0000 437.1652
v 152.0000 344.0000 437.4875
v 160.0000 344.0000 434.4701
v 168.0000 344.0000 421.8361
v 176.0000 344.0000 411.8610
v 184.0000 344.0000 412.4560
v 192.0000 344.0000 416.1789
v 200.0000 344.0000 416.4314
v 208.0000 344.0000 413.8203
v 216.0000 344.0000 413.3009
v 224.0000 344.0000 415.4472
v 232.0000 344.0000 419.7702
v 240.0000 344.0000 449.8333
v 248.0000 344.0000 451.2673
v 256.0000 344.0000 424.0908
v 264.0000 344.0000 403.1904
v 272.0000 344.0000 402.7962
v 280.0000 344.0000 441.5212
v 288.0000 344.0000 453.2520
v 296.0000 344.0000 418.9582
v 304.0000 344.0000 404.3200
v 312.0000 344.0000 400.5463
v 320.0000 344.0000 400.4805
v 328.0000 344.0000 404.3452
v 336.0000 344.0000 415.2184
v 344.0000 344.0000 423.5723
v 352.0000 344.0000 444.8521
v 360.0000 344.0000 444.0233
v 368.0000 344.0000 422.7195
v 376.0000 344.0000 422.2950
v 384.0000 344.0000 441.2015
v 392.0000 344.0000 442.8547
v 400.0000 344.0000 430.6947
v 408.0000 344.0000 430.8102
v 416.0000 344.0000 431.2193
v 424.0000 344.0000 424.9874
v 432.0000 344.0000 417.8242
v 440.0000 344.0000 414.9048
v 448.0000 344.0000 415.1099
v 456.0000 344.0000 414.1938
v 464.0000 344.0000 414.2285
v 472.0000 344.0000 415.4570
v 480.0000 344.0000 418.6974
v 488.0000 344.0000 414.8036
v 496.0000 344.0000 418.1521
v 504.0000 344.0000 415.4504
v 0.0000 336.0000 412.4080
v 8.0000 336.0000 412.5164
v 16.0000 336.0000 412.1076
v 24.0000 336.0000 411.9492
v 32.0000 336.0000 411.7794
v 40.0000 336.0000 412.3421
v 48.0000 336.0000 413.6923
v 56.0000 336.0000 415.8474
v 64.0000 336.0000 423.6609
v 72.0000 336.0000 430.8440
v 80.0000 336.0000 433.9288
v 88.0000 336.0000 413.6005
v 96.0000 336.0000 394.9099
v 104.0000 336.0000 392.4376
v 112.0000 336.0000 391.3128
v 120.0000 336.0000 389.6925
v 128.0000 336.0000 406.6500
v 136.0000 336.0000 436.1749
v 144.0000 336.0000 436.4172
v 152.0000 336.0000 430.3835
v 160.0000 336.0000 417.0006
v 168.0000 336.0000 413.9562
v 176.0000 336.0000 414.0167
v 184.0000 336.0000 416.2109
v 192.0000 336.0000 417.6667
v 200.0000 336.0000 416.5008
v 208.0000 336.0000 416.7981
v 216.0000 336.0000 419.0261
v 224.0000 336.0000 418.5115
v 232.0000 336.0000 418.7518
v 240.0000 336.0000 444.4550
v 248.0000 336.0000 453.7689
v 256.0000 336.0000 452.3014
v 264.0000 336.0000 404.8044
v 272.0000 336.0000 404.3093
v 280.0000 336.0000 425.2952
v 288.0000 336.0000 406.3765
v 296.0000 336.0000 404.0244
v 304.0000 336.0000 405.0139
v 312.0000 336.0000 410.4059
v 320.0000 336.0000 416.9326
v 328.0000 336.0000 428.1458
v 336.0000 336.0000 434.5007
v 344.0000 336.0000 443.0443
v 352.0000 336.0000 443.4489
v 360.0000 336.0000 435.0691
v 368.0000 336.0000 417.5645
v 376.0000 336.0000 447.8639
v 384.0000 336.0000 447.7710
v 392.0000 336.0000 450.1718
v 400.0000 336.0000 437.8310
v 408.0000 336.0000 431.2502
v 416.0000 336.0000 428.2752
v 424.0000 336.0000 418.5213
v 432.0000 336.0000 418.9182
v 440.0000 336.0000 415.9749
v 448.0000 336.0000 414.5268
v 456.0000 336.0000 417.1823
v 464.0000 336.0000 416.8095
v 472.0000 336.0000 419.2032
v 480.0000 336.0000 419.1505
v 488.0000 336.0000 420.2044
v 496.0000 336.0000 419.2592
v 504.0000 336.0000 417.7807
v 0.0000 328.0000 412.3856
v 8.0000 328.0000 412.5655
v 16.0000 328.0000 412.1522
v 24.0000 328.0000 412.2426
v 32.0000 328.0000 413.0949
v 40.0000 328.0000 414.4492
v 48.0000 328.0000 418.2770
v 56.0000 328.0000 422.5032
v 64.0000 328.0000 429.2571
v 72.0000 328.0000 432.4484
v 80.0000 328.0000 413.6786
v 88.0000 328.0000 394.9704
v 96.0000 328.0000 394.0487
v 104.0000 328.0000 393.3162
v 112.0000 328.0000 393.1694
v 120.0000 328.0000 398.4960
v 128.0000 328.0000 433.2708
v 136.0000 328.0000 434.7634
v 144.0000 328.0000 427.4189
v 152.0000 328.0000 416.0342
v 160.0000 328.0000 414.3669
v 168.0000 328.0000 414.9471
v 176.0000 328.0000 416.4778
v 184.0000 328.0000 417.1697
v 192.0000 328.0000 425.3815
v 200.0000 328.0000 441.9972
v 208.0000 328.0000 424.6655
v 216.0000 328.0000 417.6816
v 224.0000 328.0000 416.6008
v 232.0000 328.0000 416.3737
v 240.0000 328.0000 419.8020
v 248.0000 328.0000 451.0107
v 256.0000 328.0000 450.7448
v 264.0000 328.0000 405.0327
v 272.0000 328.0000 405.5356
v 280.0000 328.0000 406.0727
v 288.0000 328.0000 404.6479
v 296.0000 328.0000 406.0950
v 304.0000 328.0000 414.6899
v 312.0000 328.0000 440.1851
v 320.0000 328.0000 431.5641
v 328.0000 328.0000 447.6100
v 336.0000 328.0000 429.8710
v 344.0000 328.0000 438.9435
v 352.0000 328.0000 439.6909
v 360.0000 328.0000 421.8774
v 368.0000 328.0000 419.9533
v 376.0000 328.0000 445.6471
v 384.0000 328.0000 449.0385
v 392.0000 328.0000 426.2621
v 400.0000 328.0000 420.7452
v 408.0000 328.0000 441.2015
v 416.0000 328.0000 456.4319
v 424.0000 328.0000 420.2534
v 432.0000 328.0000 419.9802
v 440.0000 328.0000 417.4208
v 448.0000 328.0000 415.2978
v 456.0000 328.0000 418.1006
v 464.0000 328.0000 424.3315
v 472.0000 328.0000 425.2949
v 480.0000 328.0000 418.6456
v 488.0000 328.0000 417.1584
v 496.0000 328.0000 418.5008
v 504.0000 328.0000 418.0023
v 0.0000 320.0000 415.8332
v 8.0000 320.0000 414.6848
v 16.0000 320.0000 413.6531
v 24.0000 320.0000 414.6262
v 32.0000 320.0000 416.4086
v 40.0000 320.0000 418.4483
v 48.0000 320.0000 421.8443
v 56.0000 320.0000 428.6468
v 64.0000 320.0000 430.6907
v 72.0000 320.0000 421.1527
v 80.0000 320.0000 394.9174
v 88.0000 320.0000 394.0506
v 96.0000 320.0000 394.7087
v 104.0000 320.0000 396.2518
v 112.0000 320.0000 402.5412
v 120.0000 320.0000 432.4212
v 128.0000 320.0000 433.3697
v 136.0000 320.0000 424.3150
v 144.0000 320.0000 417.1068
v 152.0000 320.0000 415.9703
v 160.0000 320.0000 416.1779
v 168.0000 320.0000 416.1413
v 176.0000 320.0000 416.6146
v 184.0000 320.0000 417.4697
v 192.0000 320.0000 437.0607
v 200.0000 320.0000 439.8534
v 208.0000 320.0000 434.0881
v 216.0000 320.0000 416.4291
v 224.0000 320.0000 415.6414
v 232.0000 320.0000 415.0758
v 240.0000 320.0000 414.0195
v 248.0000 320.0000 449.5742
v 256.0000 320.0000 449.6379
v 264.0000 320.0000 406.1157
v 272.0000 320.0000 406.8937
v 280.0000 320.0000 407.1419
v 288.0000 320.0000 407.2693
v 296.0000 320.0000 416.0163
v 304.0000 320.0000 416.5567
v 312.0000 320.0000 444.0070
v 320.0000 320.0000 440.1718
v 328.0000 320.0000 440.7686
v 336.0000 320.0000 429.3398
v 344.0000 320.0000 421.6136
v 352.0000 320.0000 419.3227
v 360.0000 320.0000 416.4638
v 368.0000 320.0000 429.5046
v 376.0000 320.0000 434.0540
v 384.0000 320.0000 451.9135
v 392.0000 320.0000 434.4944
v 400.0000 320.0000 420.1998
v 408.0000 320.0000 436.1374
v 416.0000 320.0000 463.7911
v 424.0000 320.0000 461.4867
v 432.0000 320.0000 424.2168
v 440.0000 320.0000 419.2325
v 448.0000 320.0000 417.6252
v 456.0000 320.0000 430.4993
v 464.0000 320.0000 430.1971
v 472.0000 320.0000 432.0270
v 480.0000 320.0000 418.2588
v 488.0000 320.0000 417.0377
v 496.0000 320.0000 415.8829
v 504.0000 320.0000 415.9414
v 0.0000 312.0000 425.7020
v 8.0000 312.0000 416.7769
v 16.0000 312.0000 415.9952
v 24.0000 312.0000 416.5226
v 32.0000 312.0000 418.2056
v 40.0000 312.0000 421.5222
v 48.0000 312.0000 426.6334
v 56.0000 312.0000 427.5069
v 64.0000 312.0000 420.0178
v 72.0000 312.0000 395.8699
v 80.0000 312.0000 393.7502
v 88.0000 312.0000 393.9186
v 96.0000 312.0000 395.5025
v 104.0000 312.0000 403.5987
v 112.0000 312.0000 430.5611
v 120.0000 312.0000 431.8121
v 128.0000 312.0000 423.6996
v 136.0000 312.0000 418.2780
v 144.0000 312.0000 416.8730
v 152.0000 312.0000 416.5238
v 160.0000 312.0000 416.4057
v 168.0000 312.0000 421.8149
v 176.0000 312.0000 421.6434
v 184.0000 312.0000 421.8943
v 192.0000 312.0000 434.8488
v 200.0000 312.0000 437.2974
v 208.0000 312.0000 436.0851
v 216.0000 312.0000 415.0416
v 224.0000 312.0000 414.6369
v 232.0000 312.0000 414.0404
v 240.0000 312.0000 412.1765
v 248.0000 312.0000 407.8062
v 256.0000 312.0000 404.7951
v 264.0000 312.0000 406.1085
v 272.0000 312.0000 408.2324
v 280.0000 312.0000 413.3104
v 288.0000 312.0000 442.1612
v 296.0000 312.0000 421.7343
v 304.0000 312.0000 430.3002
v 312.0000 312.0000 434.7958
v 320.0000 312.0000 442.2533
v 328.0000 312.0000 445.0382
v 336.0000 312.0000 446.1639
v 344.0000 312.0000 441.9803
v 352.0000 312.0000 429.0482
v 360.0000 312.0000 415.1034
v 368.0000 312.0000 423.2037
v 376.0000 312.0000 439.4655
v 384.0000 312.0000 446.8059
v 392.0000 312.0000 421.5808
v 400.0000 312.0000 428.5092
v 408.0000 312.0000 454.8243
v 416.0000 312.0000 462.9964
v 424.0000 312.0000 457.5889
v 432.0000 312.0000 424.9560
v 440.0000 312.0000 423.5051
v 448.0000 312.0000 427.6601
v 456.0000 312.0000 425.8921
v 464.0000 312.0000 422.8821
v 472.0000 312.0000 440.1568
v 480.0000 312.0000 440.1201
v 488.0000 312.0000 413.5730
v 496.0000 312.0000 411.6443
v 504.0000 312.0000 411.4711
v 0.0000 304.0000 424.7492
v 8.0000 304.0000 420.4342
v 16.0000 304.0000 419.5370
v 24.0000 304.0000 419.9038
v 32.0000 304.0000 422.6127
v 40.0000 304.0000 425.9889
v 48.0000 304.0000 427.8380
v 56.0000 304.0000 420.7668
v 64.0000 304.0000 400.8011
v 72.0000 304.0000 397.9370
v 80.0000 304.0000 398.0380
v 88.0000 304.0000 398.3731
v 96.0000 304.0000 404.6195
v 104.0000 304.0000 432.4706
v 112.0000 304.0000 433.1623
v 120.0000 304.0000 424.5016
v 128.0000 304.0000 418.3314
v 136.0000 304.0000 416.4055
v 144.0000 304.0000 415.8471
v 152.0000 304.0000 416.1753
v 160.0000 304.0000 418.0748
v 168.0000 304.0000 419.5554
v 176.0000 304.0000 419.5658
v 184.0000 304.0000 420.0267
v 192.0000 304.0000 432.8978
v 200.0000 304.0000 435.3062
v 208.0000 304.0000 418.0901
v 216.0000 304.0000 415.0038
v 224.0000 304.0000 432.9947
v 232.0000 304.0000 438.8920
v 240.0000 304.0000 421.7793
v 248.0000 304.0000 410.5581
v 256.0000 304.0000 407.7344
v 264.0000 304.0000 409.8249
v 272.0000 304.0000 411.8070
v 280.0000 304.0000 439.2315
v 288.0000 304.0000 439.1562
v 296.0000 304.0000 421.1819
v 304.0000 304.0000 435.2547
v 312.0000 304.0000 426.1801
v 320.0000 304.0000 428.5056
v 328.0000 304.0000 439.0336
v 336.0000 304.0000 443.3092
v 344.0000 304.0000 444.9448
v 352.0000 304.0000 441.1755
v 360.0000 304.0000 416.8199
v 368.0000 304.0000 427.2072
v 376.0000 304.0000 424.6148
v 384.0000 304.0000 421.6862
v 392.0000 304.0000 422.5786
v 400.0000 304.0000 425.2581
v 408.0000 304.0000 454.5415
v 416.0000 304.0000 439.8939
v 424.0000 304.0000 424.6767
v 432.0000 304.0000 424.8140
v 440.0000 304.0000 428.6552
v 448.0000 304.0000 442.7470
v 456.0000 304.0000 422.8644
v 464.0000 304.0000 424.4733
v 472.0000 304.0000 432.2277
v 480.0000 304.0000 436.7293
v 488.0000 304.0000 414.2155
v 496.0000 304.0000 412.7288
v 504.0000 304.0000 412.0385
v 0.0000 296.0000 422.7505
v 8.0000 296.0000 421.9060
v 16.0000 296.0000 422.9056
v 24.0000 296.0000 423.9536
v 32.0000 296.0000 425.1066
v 40.0000 296.0000 427.9343
v 48.0000 296.0000 424.4498
v 56.0000 296.0000 408.7111
v 64.0000 296.0000 402.9180
v 72.0000 296.0000 403.9149
v 80.0000 296.0000 405.0494
v 88.0000 296.0000 409.4868
v 96.0000 296.0000 433.3460
v 104.0000 296.0000 433.8923
v 112.0000 296.0000 423.9423
v 120.0000 296.0000 418.4398
v 128.0000 296.0000 416.3795
v 136.0000 296.0000 415.8951
v 144.0000 296.0000 417.1515
v 152.0000 296.0000 418.6965
v 160.0000 296.0000 417.7662
v 168.0000 296.0000 417.7440
v 176.0000 296.0000 417.3444
v 184.0000 296.0000 417.5528
v 192.0000 296.0000 431.8799
v 200.0000 296.0000 433.6080
v 208.0000 296.0000 417.1657
v 216.0000 296.0000 419.4146
v 224.0000 296.0000 438.3034
v 232.0000 296.0000 440.7632
v 240.0000 296.0000 440.1259
v 248.0000 296.0000 412.9219
v 256.0000 296.0000 411.9200
v 264.0000 296.0000 412.8023
v 272.0000 296.0000 434.8618
v 280.0000 296.0000 440.6216
v 288.0000 296.0000 439.8968
v 296.0000 296.0000 420.5283
v 304.0000 296.0000 426.2365
v 312.0000 296.0000 420.6938
v 320.0000 296.0000 419.7615
v 328.0000 296.0000 420.2388
v 336.0000 296.0000 424.7359
v 344.0000 296.0000 434.8514
v 352.0000 296.0000 437.8659
v 360.0000 296.0000 419.1953
v 368.0000 296.0000 424.7683
v 376.0000 296.0000 424.4461
v 384.0000 296.0000 424.8603
v 392.0000 296.0000 423.8087
v 400.0000 296.0000 423.8967
v 408.0000 296.0000 425.5341
v 416.0000 296.0000 425.2778
v 424.0000 296.0000 425.0956
v 432.0000 296.0000 424.5679
v 440.0000 296.0000 423.0655
v 448.0000 296.0000 422.4302
v 456.0000 296.0000 423.0519
v 464.0000 296.0000 425.5800
v 472.0000 296.0000 454.5703
v 480.0000 296.0000 432.9086
v 488.0000 296.0000 417.9165
v 496.0000 296.0000 417.2007
v 504.0000 296.0000 439.4722
v 0.0000 288.0000 422.3864
v 8.0000 288.0000 421.9373
v 16.0000 288.0000 423.0779
v 24.0000 288.0000 423.8315
v 32.0000 288.0000 425.3000
v 40.0000 288.0000 421.0823
v 48.0000 288.0000 414.8929
v 56.0000 288.0000 404.4437
v 64.0000 288.0000 405.8482
v 72.0000 288.0000 407.8042
v 80.0000 288.0000 414.5751
v 88.0000 288.0000 433.6724
v 96.0000 288.0000 433.6124
v 104.0000 288.0000 421.3043
v 112.0000 288.0000 417.6821
v 120.0000 288.0000 416.1614
v 128.0000 288.0000 417.1075
v 136.0000 288.0000 416.3636
v 144.0000 288.0000 431.1751
v 152.0000 288.0000 430.4761
v 160.0000 288.0000 426.6251
v 168.0000 288.0000 417.3684
v 176.0000 288.0000 416.7007
v 184.0000 288.0000 416.4841
v 192.0000 288.0000 416.7651
v 200.0000 288.0000 417.0552
v 208.0000 288.0000 416.9030
v 216.0000 288.0000 419.0531
v 224.0000 288.0000 439.0835
v 232.0000 288.0000 440.1933
v 240.0000 288.0000 437.6337
v 248.0000 288.0000 414.3121
v 256.0000 288.0000 413.8806
v 264.0000 288.0000 429.7944
v 272.0000 288.0000 436.2644
v 280.0000 288.0000 439.8295
v 288.0000 288.0000 432.0062
v 296.0000 288.0000 419.2417
v 304.0000 288.0000 423.1328
v 312.0000 288.0000 431.7933
v 320.0000 288.0000 437.9851
v 328.0000 288.0000 427.4018
v 336.0000 288.0000 421.1143
v 344.0000 288.0000 422.4689
v 352.0000 288.0000 424.2652
v 360.0000 288.0000 421.4046
v 368.0000 288.0000 420.4207
v 376.0000 288.0000 424.9565
v 384.0000 288.0000 424.1948
v 392.0000 288.0000 424.6820
v 400.0000 288.0000 424.7463
v 408.0000 288.0000 425.5652
v 416.0000 288.0000 425.6875
v 424.0000 288.0000 424.6198
v 432.0000 288.0000 424.5123
v 440.0000 288.0000 423.1107
v 448.0000 288.0000 420.9960
v 456.0000 288.0000 420.7730
v 464.0000 288.0000 423.3141
v 472.0000 288.0000 441.4436
v 480.0000 288.0000 433.7378
v 488.0000 288.0000 419.2511
v 496.0000 288.0000 433.6563
v 504.0000 288.0000 435.8694
v 0.0000 280.0000 423.3217
v 8.0000 280.0000 423.2570
v 16.0000 280.0000 423.7195
v 24.0000 280.0000 423.4156
v 32.0000 280.0000 419.9744
v 40.0000 280.0000 415.0108
v 48.0000 280.0000 406.5347
v 56.0000 280.0000 405.3660
v 64.0000 280.0000 407.3981
v 72.0000 280.0000 413.1194
v 80.0000 280.0000 430.5891
v 88.0000 280.0000 431.7699
v 96.0000 280.0000 418.7875
v 104.0000 280.0000 416.8266
v 112.0000 280.0000 416.4747
v 120.0000 280.0000 417.9470
v 128.0000 280.0000 418.5284
v 136.0000 280.0000 419.7518
v 144.0000 280.0000 430.7720
v 152.0000 280.0000 430.9754
v 160.0000 280.0000 428.9331
v 168.0000 280.0000 418.7152
v 176.0000 280.0000 415.3241
v 184.0000 280.0000 414.4623
v 192.0000 280.0000 414.4070
v 200.0000 280.0000 415.3304
v 208.0000 280.0000 416.3262
v 216.0000 280.0000 418.2177
v 224.0000 280.0000 438.5223
v 232.0000 280.0000 439.5812
v 240.0000 280.0000 417.9315
v 248.0000 280.0000 415.3200
v 256.0000 280.0000 414.9357
v 264.0000 280.0000 435.6270
v 272.0000 280.0000 435.2480
v 280.0000 280.0000 439.8752
v 288.0000 280.0000 423.3732
v 296.0000 280.0000 422.4511
v 304.0000 280.0000 425.7020
v 312.0000 280.0000 439.3829
v 320.0000 280.0000 439.8850
v 328.0000 280.0000 439.1875
v 336.0000 280.0000 432.0648
v 344.0000 280.0000 425.9815
v 352.0000 280.0000 435.4723
v 360.0000 280.0000 427.0203
v 368.0000 280.0000 421.0622
v 376.0000 280.0000 428.6934
v 384.0000 280.0000 426.8485
v 392.0000 280.0000 426.2906
v 400.0000 280.0000 426.4660
v 408.0000 280.0000 427.5515
v 416.0000 280.0000 434.9433
v 424.0000 280.0000 425.6407
v 432.0000 280.0000 425.0106
v 440.0000 280.0000 423.2009
v 448.0000 280.0000 419.8299
v 456.0000 280.0000 421.1104
v 464.0000 280.0000 424.2264
v 472.0000 280.0000 429.4590
v 480.0000 280.0000 424.1474
v 488.0000 280.0000 427.2738
v 496.0000 280.0000 435.2386
v 504.0000 280.0000 434.7084
v 0.0000 272.0000 425.4619
v 8.0000 272.0000 424.0060
v 16.0000 272.0000 426.2383
v 24.0000 272.0000 422.0747
v 32.0000 272.0000 414.8770
v 40.0000 272.0000 409.7552
v 48.0000 272.0000 408.4950
v 56.0000 272.0000 407.4541
v 64.0000 272.0000 411.3689
v 72.0000 272.0000 427.0944
v 80.0000 272.0000 430.0598
v 88.0000 272.0000 417.5720
v 96.0000 272.0000 415.5302
v 104.0000 272.0000 415.3222
v 112.0000 272.0000 417.8519
v 120.0000 272.0000 420.3578
v 128.0000 272.0000 421.1646
v 136.0000 272.0000 419.1981
v 144.0000 272.0000 429.0652
v 152.0000 272.0000 429.6386
v 160.0000 272.0000 427.2258
v 168.0000 272.0000 422.9361
v 176.0000 272.0000 413.9616
v 184.0000 272.0000 412.8609
v 192.0000 272.0000 413.6927
v 200.0000 272.0000 414.6358
v 208.0000 272.0000 416.0258
v 216.0000 272.0000 418.0197
v 224.0000 272.0000 438.0303
v 232.0000 272.0000 437.1127
v 240.0000 272.0000 416.3334
v 248.0000 272.0000 415.7916
v 256.0000 272.0000 420.1521
v 264.0000 272.0000 424.8528
v 272.0000 272.0000 439.6461
v 280.0000 272.0000 433.4420
v 288.0000 272.0000 421.8246
v 296.0000 272.0000 425.0552
v 304.0000 272.0000 425.0511
v 312.0000 272.0000 432.2888
v 320.0000 272.0000 432.9226
v 328.0000 272.0000 433.4969
v 336.0000 272.0000 428.2406
v 344.0000 272.0000 426.5370
v 352.0000 272.0000 429.6691
v 360.0000 272.0000 436.3226
v 368.0000 272.0000 424.8513
v 376.0000 272.0000 430.7049
v 384.0000 272.0000 429.1987
v 392.0000 272.0000 428.6556
v 400.0000 272.0000 429.1309
v 408.0000 272.0000 429.2660
v 416.0000 272.0000 430.9167
v 424.0000 272.0000 428.4405
v 432.0000 272.0000 426.3127
v 440.0000 272.0000 422.7724
v 448.0000 272.0000 422.2733
v 456.0000 272.0000 430.3618
v 464.0000 272.0000 429.8460
v 472.0000 272.0000 429.0538
v 480.0000 272.0000 429.2288
v 488.0000 272.0000 433.5378
v 496.0000 272.0000 439.8698
v 504.0000 272.0000 439.5021
v 0.0000 264.0000 428.5454
v 8.0000 264.0000 426.5722
v 16.0000 264.0000 427.5839
v 24.0000 264.0000 419.9365
v 32.0000 264.0000 414.1568
v 40.0000 264.0000 411.3723
v 48.0000 264.0000 410.6312
v 56.0000 264.0000 411.1559
v 64.0000 264.0000 425.9336
v 72.0000 264.0000 430.1308
v 80.0000 264.0000 417.9388
v 88.0000 264.0000 413.6058
v 96.0000 264.0000 413.6306
v 104.0000 264.0000 415.7434
v 112.0000 264.0000 420.0831
v 120.0000 264.0000 418.6268
v 128.0000 264.0000 418.0838
v 136.0000 264.0000 417.8547
v 144.0000 264.0000 428.3288
v 152.0000 264.0000 428.4678
v 160.0000 264.0000 422.2695
v 168.0000 264.0000 421.5468
v 176.0000 264.0000 411.6528
v 184.0000 264.0000 410.5183
v 192.0000 264.0000 410.8996
v 200.0000 264.0000 413.8561
v 208.0000 264.0000 416.7594
v 216.0000 264.0000 418.8589
v 224.0000 264.0000 417.9030
v 232.0000 264.0000 417.0169
v 240.0000 264.0000 417.1214
v 248.0000 264.0000 417.0279
v 256.0000 264.0000 439.8158
v 264.0000 264.0000 428.4178
v 272.0000 264.0000 438.2436
v 280.0000 264.0000 423.4030
v 288.0000 264.0000 424.0247
v 296.0000 264.0000 425.4105
v 304.0000 264.0000 426.9190
v 312.0000 264.0000 435.8394
v 320.0000 264.0000 441.6125
v 328.0000 264.0000 429.7762
v 336.0000 264.0000 424.5130
v 344.0000 264.0000 424.6151
v 352.0000 264.0000 441.8517
v 360.0000 264.0000 444.1589
v 368.0000 264.0000 430.4441
v 376.0000 264.0000 423.3708
v 384.0000 264.0000 427.1716
v 392.0000 264.0000 428.3946
v 400.0000 264.0000 428.8029
v 408.0000 264.0000 428.7773
v 416.0000 264.0000 430.0379
v 424.0000 264.0000 430.6312
v 432.0000 264.0000 427.1285
v 440.0000 264.0000 423.5530
v 448.0000 264.0000 424.4615
v 456.0000 264.0000 429.5629
v 464.0000 264.0000 430.4872
v 472.0000 264.0000 432.4412
v 480.0000 264.0000 434.6890
v 488.0000 264.0000 430.9943
v 496.0000 264.0000 434.3368
v 504.0000 264.0000 435.5539
v 0.0000 256.0000 427.9428
v 8.0000 256.0000 424.3600
v 16.0000 256.0000 419.9477
v 24.0000 256.0000 412.2351
v 32.0000 256.0000 413.8389
v 40.0000 256.0000 413.5656
v 48.0000 256.0000 412.6180
v 56.0000 256.0000 420.6754
v 64.0000 256.0000 430.1733
v 72.0000 256.0000 420.3111
v 80.0000 256.0000 411.9896
v 88.0000 256.0000 410.7618
v 96.0000 256.0000 410.2970
v 104.0000 256.0000 416.3999
v 112.0000 256.0000 417.2067
v 120.0000 256.0000 416.7590
v 128.0000 256.0000 415.9319
v 136.0000 256.0000 416.9098
v 144.0000 256.0000 428.0653
v 152.0000 256.0000 428.3858
v 160.0000 256.0000 422.7701
v 168.0000 256.0000 419.3367
v 176.0000 256.0000 411.9133
v 184.0000 256.0000 415.9164
v 192.0000 256.0000 415.2355
v 200.0000 256.0000 434.4055
v 208.0000 256.0000 435.7338
v 216.0000 256.0000 436.7988
v 224.0000 256.0000 416.4845
v 232.0000 256.0000 415.2428
v 240.0000 256.0000 417.1455
v 248.0000 256.0000 422.7971
v 256.0000 256.0000 436.3618
v 264.0000 256.0000 437.7735
v 272.0000 256.0000 429.2644
v 280.0000 256.0000 422.7260
v 288.0000 256.0000 423.6301
v 296.0000 256.0000 424.4119
v 304.0000 256.0000 425.5211
v 312.0000 256.0000 425.7495
v 320.0000 256.0000 427.4676
v 328.0000 256.0000 436.3925
v 336.0000 256.0000 421.5275
v 344.0000 256.0000 421.9191
v 352.0000 256.0000 423.9983
v 360.0000 256.0000 437.8359
v 368.0000 256.0000 427.2895
v 376.0000 256.0000 422.6195
v 384.0000 256.0000 424.6143
v 392.0000 256.0000 426.7527
v 400.0000 256.0000 427.1115
v 408.0000 256.0000 426.7550
v 416.0000 256.0000 427.2386
v 424.0000 256.0000 427.3658
v 432.0000 256.0000 425.2971
v 440.0000 256.0000 424.7886
v 448.0000 256.0000 427.7124
v 456.0000 256.0000 426.1858
v 464.0000 256.0000 426.3543
v 472.0000 256.0000 427.3993
v 480.0000 256.0000 428.0835
v 488.0000 256.0000 428.6795
v 496.0000 256.0000 427.0576
v 504.0000 256.0000 427.8023
v 0.0000 248.0000 418.4593
v 8.0000 248.0000 412.3574
v 16.0000 248.0000 410.5055
v 24.0000 248.0000 411.0565
v 32.0000 248.0000 411.8089
v 40.0000 248.0000 418.8361
v 48.0000 248.0000 415.7977
v 56.0000 248.0000 423.9969
v 64.0000 248.0000 425.9385
v 72.0000 248.0000 412.2258
v 80.0000 248.0000 409.8880
v 88.0000 248.0000 408.4054
v 96.0000 248.0000 426.5182
v 104.0000 248.0000 435.2416
v 112.0000 248.0000 432.6939
v 120.0000 248.0000 418.8669
v 128.0000 248.0000 417.0236
v 136.0000 248.0000 415.8554
v 144.0000 248.0000 416.5415
v 152.0000 248.0000 418.1969
v 160.0000 248.0000 417.5267
v 168.0000 248.0000 417.9556
v 176.0000 248.0000 414.3676
v 184.0000 248.0000 414.7074
v 192.0000 248.0000 415.1632
v 200.0000 248.0000 435.4747
v 208.0000 248.0000 436.8537
v 216.0000 248.0000 435.8845
v 224.0000 248.0000 415.1051
v 232.0000 248.0000 415.9146
v 240.0000 248.0000 417.6973
v 248.0000 248.0000 423.4150
v 256.0000 248.0000 436.7333
v 264.0000 248.0000 436.4973
v 272.0000 248.0000 423.2975
v 280.0000 248.0000 422.6122
v 288.0000 248.0000 423.4552
v 296.0000 248.0000 424.0643
v 304.0000 248.0000 424.9715
v 312.0000 248.0000 425.8416
v 320.0000 248.0000 425.7855
v 328.0000 248.0000 438.1105
v 336.0000 248.0000 420.7966
v 344.0000 248.0000 420.1547
v 352.0000 248.0000 420.8175
v 360.0000 248.0000 422.6855
v 368.0000 248.0000 432.9456
v 376.0000 248.0000 426.0203
v 384.0000 248.0000 422.2736
v 392.0000 248.0000 425.2826
v 400.0000 248.0000 425.8927
v 408.0000 248.0000 425.4181
v 416.0000 248.0000 424.7190
v 424.0000 248.0000 424.3365
v 432.0000 248.0000 423.8238
v 440.0000 248.0000 425.9610
v 448.0000 248.0000 429.1215
v 456.0000 248.0000 429.3211
v 464.0000 248.0000 423.5103
v 472.0000 248.0000 422.4880
v 480.0000 248.0000 424.2633
v 488.0000 248.0000 425.0687
v 496.0000 248.0000 423.8372
v 504.0000 248.0000 419.0521
v 0.0000 240.0000 415.0753
v 8.0000 240.0000 411.7800
v 16.0000 240.0000 411.2450
v 24.0000 240.0000 411.7356
v 32.0000 240.0000 412.8210
v 40.0000 240.0000 419.5055
v 48.0000 240.0000 424.9641
v 56.0000 240.0000 427.2913
v 64.0000 240.0000 415.2917
v 72.0000 240.0000 412.7026
v 80.0000 240.0000 411.6642
v 88.0000 240.0000 410.4440
v 96.0000 240.0000 434.7510
v 104.0000 240.0000 434.9044
v 112.0000 240.0000 432.7703
v 120.0000 240.0000 418.0543
v 128.0000 240.0000 416.3499
v 136.0000 240.0000 415.7616
v 144.0000 240.0000 416.5385
v 152.0000 240.0000 428.0117
v 160.0000 240.0000 430.2397
v 168.0000 240.0000 430.1624
v 176.0000 240.0000 417.4786
v 184.0000 240.0000 415.3213
v 192.0000 240.0000 415.8884
v 200.0000 240.0000 432.4812
v 208.0000 240.0000 436.3955
v 216.0000 240.0000 425.3918
v 224.0000 240.0000 416.4326
v 232.0000 240.0000 417.2908
v 240.0000 240.0000 421.2392
v 248.0000 240.0000 434.5532
v 256.0000 240.0000 433.8096
v 264.0000 240.0000 426.9080
v 272.0000 240.0000 423.1060
v 280.0000 240.0000 422.5764
v 288.0000 240.0000 423.8883
v 296.0000 240.0000 424.2922
v 304.0000 240.0000 424.6427
v 312.0000 240.0000 425.6113
v 320.0000 240.0000 425.6233
v 328.0000 240.0000 434.8051
v 336.0000 240.0000 428.1036
v 344.0000 240.0000 425.3833
v 352.0000 240.0000 424.6537
v 360.0000 240.0000 433.8845
v 368.0000 240.0000 438.8612
v 376.0000 240.0000 423.9356
v 384.0000 240.0000 421.6521
v 392.0000 240.0000 423.5821
v 400.0000 240.0000 425.0659
v 408.0000 240.0000 425.0544
v 416.0000 240.0000 424.0600
v 424.0000 240.0000 423.6293
v 432.0000 240.0000 423.5598
v 440.0000 240.0000 426.3185
v 448.0000 240.0000 426.5676
v 456.0000 240.0000 427.6433
v 464.0000 240.0000 422.4210
v 472.0000 240.0000 422.3495
v 480.0000 240.0000 424.4468
v 488.0000 240.0000 426.2531
v 496.0000 240.0000 424.3158
v 504.0000 240.0000 418.6010
v 0.0000 232.0000 413.5859
v 8.0000 232.0000 412.4799
v 16.0000 232.0000 412.2632
v 24.0000 232.0000 412.9592
v 32.0000 232.0000 415.9398
v 40.0000 232.0000 427.3639
v 48.0000 232.0000 425.4109
v 56.0000 232.0000 416.5901
v 64.0000 232.0000 415.7948
v 72.0000 232.0000 415.0573
v 80.0000 232.0000 415.5029
v 88.0000 232.0000 414.7067
v 96.0000 232.0000 430.0782
v 104.0000 232.0000 431.0629
v 112.0000 232.0000 431.1703
v 120.0000 232.0000 418.7552
v 128.0000 232.0000 417.9629
v 136.0000 232.0000 430.1175
v 144.0000 232.0000 430.6597
v 152.0000 232.0000 431.1450
v 160.0000 232.0000 433.0843
v 168.0000 232.0000 431.4945
v 176.0000 232.0000 416.8305
v 184.0000 232.0000 416.2887
v 192.0000 232.0000 417.4020
v 200.0000 232.0000 417.5016
v 208.0000 232.0000 436.2322
v 216.0000 232.0000 420.8940
v 224.0000 232.0000 418.7059
v 232.0000 232.0000 419.2265
v 240.0000 232.0000 429.4608
v 248.0000 232.0000 436.8739
v 256.0000 232.0000 438.0734
v 264.0000 232.0000 424.1257
v 272.0000 232.0000 424.0865
v 280.0000 232.0000 422.6545
v 288.0000 232.0000 424.6031
v 296.0000 232.0000 424.0920
v 304.0000 232.0000 424.0583
v 312.0000 232.0000 424.7058
v 320.0000 232.0000 430.8021
v 328.0000 232.0000 436.6563
v 336.0000 232.0000 434.9744
v 344.0000 232.0000 434.7084
v 352.0000 232.0000 425.5690
v 360.0000 232.0000 426.5028
v 368.0000 232.0000 424.1602
v 376.0000 232.0000 427.3798
v 384.0000 232.0000 422.8178
v 392.0000 232.0000 422.4261
v 400.0000 232.0000 425.2298
v 408.0000 232.0000 424.6524
v 416.0000 232.0000 423.8000
v 424.0000 232.0000 423.1281
v 432.0000 232.0000 425.0036
v 440.0000 232.0000 426.6257
v 448.0000 232.0000 426.4980
v 456.0000 232.0000 422.2380
v 464.0000 232.0000 420.9442
v 472.0000 232.0000 423.2531
v 480.0000 232.0000 424.5144
v 488.0000 232.0000 423.5648
v 496.0000 232.0000 419.0667
v 504.0000 232.0000 414.9721
v 0.0000 224.0000 412.8036
v 8.0000 224.0000 412.7983
v 16.0000 224.0000 412.5293
v 24.0000 224.0000 414.6291
v 32.0000 224.0000 425.1120
v 40.0000 224.0000 426.2962
v 48.0000 224.0000 419.2791
v 56.0000 224.0000 415.3582
v 64.0000 224.0000 415.7812
v 72.0000 224.0000 416.2923
v 80.0000 224.0000 416.4750
v 88.0000 224.0000 416.3829
v 96.0000 224.0000 426.1982
v 104.0000 224.0000 427.6372
v 112.0000 224.0000 429.9970
v 120.0000 224.0000 428.5779
v 128.0000 224.0000 418.4035
v 136.0000 224.0000 420.9612
v 144.0000 224.0000 428.9697
v 152.0000 224.0000 430.0661
v 160.0000 224.0000 431.8413
v 168.0000 224.0000 431.1060
v 176.0000 224.0000 415.6429
v 184.0000 224.0000 416.1078
v 192.0000 224.0000 418.0725
v 200.0000 224.0000 419.0887
v 208.0000 224.0000 420.1296
v 216.0000 224.0000 418.9051
v 224.0000 224.0000 419.4505
v 232.0000 224.0000 421.0695
v 240.0000 224.0000 427.3977
v 248.0000 224.0000 436.4078
v 256.0000 224.0000 436.8572
v 264.0000 224.0000 423.2097
v 272.0000 224.0000 422.6423
v 280.0000 224.0000 423.5301
v 288.0000 224.0000 424.0448
v 296.0000 224.0000 424.2159
v 304.0000 224.0000 423.6417
v 312.0000 224.0000 424.0231
v 320.0000 224.0000 424.4244
v 328.0000 224.0000 426.1761
v 336.0000 224.0000 435.7135
v 344.0000 224.0000 435.2454
v 352.0000 224.0000 426.5661
v 360.0000 224.0000 426.1325
v 368.0000 224.0000 430.9099
v 376.0000 224.0000 439.7398
v 384.0000 224.0000 432.8541
v 392.0000 224.0000 421.5225
v 400.0000 224.0000 424.4894
v 408.0000 224.0000 424.0610
v 416.0000 224.0000 423.0362
v 424.0000 224.0000 421.9969
v 432.0000 224.0000 425.6231
v 440.0000 224.0000 425.9770
v 448.0000 224.0000 425.9179
v 456.0000 224.0000 424.7350
v 464.0000 224.0000 419.9052
v 472.0000 224.0000 421.2355
v 480.0000 224.0000 422.2034
v 488.0000 224.0000 417.2241
v 496.0000 224.0000 415.1870
v 504.0000 224.0000 415.3276
v 0.0000 216.0000 412.2192
v 8.0000 216.0000 412.4908
v 16.0000 216.0000 413.4554
v 24.0000 216.0000 420.0800
v 32.0000 216.0000 426.0435
v 40.0000 216.0000 422.3784
v 48.0000 216.0000 416.5948
v 56.0000 216.0000 416.1886
v 64.0000 216.0000 415.4700
v 72.0000 216.0000 416.4937
v 80.0000 216.0000 416.5228
v 88.0000 216.0000 416.1656
v 96.0000 216.0000 416.7346
v 104.0000 216.0000 417.4316
v 112.0000 216.0000 428.7544
v 120.0000 216.0000 426.3835
v 128.0000 216.0000 416.6281
v 136.0000 216.0000 416.4174
v 144.0000 216.0000 427.4828
v 152.0000 216.0000 414.9030
v 160.0000 216.0000 415.5067
v 168.0000 216.0000 414.1533
v 176.0000 216.0000 413.9321
v 184.0000 216.0000 413.6745
v 192.0000 216.0000 415.2091
v 200.0000 216.0000 416.5092
v 208.0000 216.0000 418.2117
v 216.0000 216.0000 419.4650
v 224.0000 216.0000 420.1049
v 232.0000 216.0000 423.9986
v 240.0000 216.0000 434.7982
v 248.0000 216.0000 435.6325
v 256.0000 216.0000 423.0818
v 264.0000 216.0000 424.9644
v 272.0000 216.0000 421.8452
v 280.0000 216.0000 423.5188
v 288.0000 216.0000 424.2581
v 296.0000 216.0000 424.6723
v 304.0000 216.0000 424.4730
v 312.0000 216.0000 424.4890
v 320.0000 216.0000 423.2288
v 328.0000 216.0000 424.7727
v 336.0000 216.0000 429.3656
v 344.0000 216.0000 432.0519
v 352.0000 216.0000 427.0456
v 360.0000 216.0000 424.4698
v 368.0000 216.0000 426.8700
v 376.0000 216.0000 434.5584
v 384.0000 216.0000 422.4577
v 392.0000 216.0000 421.3436
v 400.0000 216.0000 425.5014
v 408.0000 216.0000 424.8907
v 416.0000 216.0000 421.8828
v 424.0000 216.0000 420.9144
v 432.0000 216.0000 428.9783
v 440.0000 216.0000 424.4040
v 448.0000 216.0000 424.6263
v 456.0000 216.0000 418.8475
v 464.0000 216.0000 417.7706
v 472.0000 216.0000 418.3954
v 480.0000 216.0000 416.8667
v 488.0000 216.0000 415.1397
v 496.0000 216.0000 415.9656
v 504.0000 216.0000 416.5806
v 0.0000 208.0000 411.5296
v 8.0000 208.0000 411.8638
v 16.0000 208.0000 415.5258
v 24.0000 208.0000 422.9959
v 32.0000 208.0000 420.2667
v 40.0000 208.0000 415.3724
v 48.0000 208.0000 414.6020
v 56.0000 208.0000 414.8521
v 64.0000 208.0000 414.8993
v 72.0000 208.0000 414.5652
v 80.0000 208.0000 414.8871
v 88.0000 208.0000 414.8717
v 96.0000 208.0000 414.8646
v 104.0000 208.0000 414.8990
v 112.0000 208.0000 413.9389
v 120.0000 208.0000 413.2572
v 128.0000 208.0000 412.7197
v 136.0000 208.0000 412.0266
v 144.0000 208.0000 411.5879
v 152.0000 208.0000 411.3817
v 160.0000 208.0000 412.2844
v 168.0000 208.0000 414.5397
v 176.0000 208.0000 414.4840
v 184.0000 208.0000 413.6810
v 192.0000 208.0000 415.0851
v 200.0000 208.0000 416.6419
v 208.0000 208.0000 419.4639
v 216.0000 208.0000 420.4509
v 224.0000 208.0000 420.7265
v 232.0000 208.0000 429.8805
v 240.0000 208.0000 434.1002
v 248.0000 208.0000 434.8715
v 256.0000 208.0000 421.4222
v 264.0000 208.0000 423.3834
v 272.0000 208.0000 425.0428
v 280.0000 208.0000 425.6633
v 288.0000 208.0000 424.4281
v 296.0000 208.0000 423.5170
v 304.0000 208.0000 423.5873
v 312.0000 208.0000 422.4478
v 320.0000 208.0000 422.8912
v 328.0000 208.0000 423.9662
v 336.0000 208.0000 425.9334
v 344.0000 208.0000 428.0790
v 352.0000 208.0000 425.6825
v 360.0000 208.0000 420.2281
v 368.0000 208.0000 421.4601
v 376.0000 208.0000 425.8569
v 384.0000 208.0000 438.5370
v 392.0000 208.0000 426.9335
v 400.0000 208.0000 418.9247
v 408.0000 208.0000 424.1541
v 416.0000 208.0000 421.7805
v 424.0000 208.0000 434.4283
v 432.0000 208.0000 438.3865
v 440.0000 208.0000 435.6544
v 448.0000 208.0000 434.8472
v 456.0000 208.0000 417.6224
v 464.0000 208.0000 416.5659
v 472.0000 208.0000 416.4801
v 480.0000 208.0000 415.0630
v 488.0000 208.0000 415.7807
v 496.0000 208.0000 427.3768
v 504.0000 208.0000 426.6812
v 0.0000 200.0000 410.5291
v 8.0000 200.0000 412.8424
v 16.0000 200.0000 420.3322
v 24.0000 200.0000 422.0455
v 32.0000 200.0000 413.2285
v 40.0000 200.0000 413.3554
v 48.0000 200.0000 413.1220
v 56.0000 200.0000 414.7778
v 64.0000 200.0000 414.1771
v 72.0000 200.0000 423.2592
v 80.0000 200.0000 438.0889
v 88.0000 200.0000 416.0042
v 96.0000 200.0000 412.4081
v 104.0000 200.0000 412.1958
v 112.0000 200.0000 412.2339
v 120.0000 200.0000 412.6189
v 128.0000 200.0000 413.8511
v 136.0000 200.0000 426.3986
v 144.0000 200.0000 427.7236
v 152.0000 200.0000 429.1378
v 160.0000 200.0000 430.8464
v 168.0000 200.0000 433.4134
v 176.0000 200.0000 416.0171
v 184.0000 200.0000 412.5592
v 192.0000 200.0000 414.4796
v 200.0000 200.0000 416.3580
v 208.0000 200.0000 419.1251
v 216.0000 200.0000 420.4686
v 224.0000 200.0000 421.9840
v 232.0000 200.0000 433.3562
v 240.0000 200.0000 433.4445
v 248.0000 200.0000 423.2568
v 256.0000 200.0000 423.7383
v 264.0000 200.0000 434.1960
v 272.0000 200.0000 434.5451
v 280.0000 200.0000 429.8577
v 288.0000 200.0000 429.9919
v 296.0000 200.0000 432.6872
v 304.0000 200.0000 431.2841
v 312.0000 200.0000 421.6026
v 320.0000 200.0000 421.0230
v 328.0000 200.0000 423.5696
v 336.0000 200.0000 427.1037
v 344.0000 200.0000 427.7655
v 352.0000 200.0000 423.0202
v 360.0000 200.0000 418.2764
v 368.0000 200.0000 419.1259
v 376.0000 200.0000 420.7851
v 384.0000 200.0000 436.9653
v 392.0000 200.0000 434.3676
v 400.0000 200.0000 417.9644
v 408.0000 200.0000 421.6274
v 416.0000 200.0000 430.0029
v 424.0000 200.0000 433.8325
v 432.0000 200.0000 435.4409
v 440.0000 200.0000 435.2297
v 448.0000 200.0000 417.7952
v 456.0000 200.0000 416.0642
v 464.0000 200.0000 415.9308
v 472.0000 200.0000 414.9755
v 480.0000 200.0000 415.3339
v 488.0000 200.0000 421.4478
v 496.0000 200.0000 427.9196
v 504.0000 200.0000 429.9399
v 0.0000 192.0000 409.8897
v 8.0000 192.0000 417.7689
v 16.0000 192.0000 421.3970
v 24.0000 192.0000 413.0246
v 32.0000 192.0000 410.7289
v 40.0000 192.0000 411.0569
v 48.0000 192.0000 420.8821
v 56.0000 192.0000 412.8994
v 64.0000 192.0000 412.3654
v 72.0000 192.0000 434.9358
v 80.0000 192.0000 436.2213
v 88.0000 192.0000 432.4871
v 96.0000 192.0000 410.3571
v 104.0000 192.0000 427.4707
v 112.0000 192.0000 427.2601
v 120.0000 192.0000 426.7467
v 128.0000 192.0000 425.9895
v 136.0000 192.0000 425.3385
v 144.0000 192.0000 426.3366
v 152.0000 192.0000 429.5872
v 160.0000 192.0000 433.8391
v 168.0000 192.0000 420.1470
v 176.0000 192.0000 413.2373
v 184.0000 192.0000 411.5494
v 192.0000 192.0000 413.4089
v 200.0000 192.0000 417.8868
v 208.0000 192.0000 420.3738
v 216.0000 192.0000 420.9990
v 224.0000 192.0000 422.8997
v 232.0000 192.0000 432.4019
v 240.0000 192.0000 432.5208
v 248.0000 192.0000 421.9485
v 256.0000 192.0000 423.7662
v 264.0000 192.0000 423.9596
v 272.0000 192.0000 433.3255
v 280.0000 192.0000 432.0256
v 288.0000 192.0000 432.0707
v 296.0000 192.0000 432.1792
v 304.0000 192.0000 432.1140
v 312.0000 192.0000 426.1077
v 320.0000 192.0000 419.8117
v 328.0000 192.0000 422.8173
v 336.0000 192.0000 424.9026
v 344.0000 192.0000 427.5175
v 352.0000 192.0000 428.5946
v 360.0000 192.0000 417.6534
v 368.0000 192.0000 417.9719
v 376.0000 192.0000 420.3207
v 384.0000 192.0000 419.2636
v 392.0000 192.0000 423.4308
v 400.0000 192.0000 422.1858
v 408.0000 192.0000 417.5676
v 416.0000 192.0000 421.3365
v 424.0000 192.0000 421.9539
v 432.0000 192.0000 431.7416
v 440.0000 192.0000 418.1618
v 448.0000 192.0000 416.0877
v 456.0000 192.0000 415.4085
v 464.0000 192.0000 414.9043
v 472.0000 192.0000 415.6181
v 480.0000 192.0000 420.8515
v 488.0000 192.0000 424.9068
v 496.0000 192.0000 427.1125
v 504.0000 192.0000 419.5642
v 0.0000 184.0000 411.6790
v 8.0000 184.0000 420.1318
v 16.0000 184.0000 415.3482
v 24.0000 184.0000 410.2271
v 32.0000 184.0000 409.1948
v 40.0000 184.0000 417.4148
v 48.0000 184.0000 412.9367
v 56.0000 184.0000 411.7703
v 64.0000 184.0000 410.1303
v 72.0000 184.0000 432.3606
v 80.0000 184.0000 433.7953
v 88.0000 184.0000 431.9518
v 96.0000 184.0000 409.7332
v 104.0000 184.0000 406.5650
v 112.0000 184.0000 429.9727
v 120.0000 184.0000 429.4980
v 128.0000 184.0000 424.6748
v 136.0000 184.0000 424.5526
v 144.0000 184.0000 424.6536
v 152.0000 184.0000 430.4271
v 160.0000 184.0000 433.4507
v 168.0000 184.0000 430.3905
v 176.0000 184.0000 410.5816
v 184.0000 184.0000 410.5547
v 192.0000 184.0000 412.8944
v 200.0000 184.0000 417.5122
v 208.0000 184.0000 419.8102
v 216.0000 184.0000 420.7659
v 224.0000 184.0000 430.9258
v 232.0000 184.0000 431.2618
v 240.0000 184.0000 421.4832
v 248.0000 184.0000 421.6091
v 256.0000 184.0000 421.5476
v 264.0000 184.0000 422.3140
v 272.0000 184.0000 431.3603
v 280.0000 184.0000 431.4810
v 288.0000 184.0000 431.1692
v 296.0000 184.0000 430.9119
v 304.0000 184.0000 430.3955
v 312.0000 184.0000 427.7444
v 320.0000 184.0000 419.3564
v 328.0000 184.0000 424.4184
v 336.0000 184.0000 426.0073
v 344.0000 184.0000 426.9225
v 352.0000 184.0000 428.2206
v 360.0000 184.0000 428.3802
v 368.0000 184.0000 420.4357
v 376.0000 184.0000 418.1115
v 384.0000 184.0000 419.7220
v 392.0000 184.0000 435.1035
v 400.0000 184.0000 435.7592
v 408.0000 184.0000 418.0470
v 416.0000 184.0000 417.6144
v 424.0000 184.0000 420.0677
v 432.0000 184.0000 427.8406
v 440.0000 184.0000 417.4565
v 448.0000 184.0000 415.6270
v 456.0000 184.0000 415.1280
v 464.0000 184.0000 425.1690
v 472.0000 184.0000 422.3855
v 480.0000 184.0000 428.4403
v 488.0000 184.0000 428.1304
v 496.0000 184.0000 421.6159
v 504.0000 184.0000 420.4762
v 0.0000 176.0000 415.5089
v 8.0000 176.0000 416.4196
v 16.0000 176.0000 409.8901
v 24.0000 176.0000 409.0110
v 32.0000 176.0000 411.1237
v 40.0000 176.0000 435.7858
v 48.0000 176.0000 435.4493
v 56.0000 176.0000 419.0248
v 64.0000 176.0000 409.7409
v 72.0000 176.0000 430.3331
v 80.0000 176.0000 431.8602
v 88.0000 176.0000 430.4389
v 96.0000 176.0000 409.0274
v 104.0000 176.0000 408.8088
v 112.0000 176.0000 426.2636
v 120.0000 176.0000 429.1558
v 128.0000 176.0000 425.6223
v 136.0000 176.0000 414.2782
v 144.0000 176.0000 415.6817
v 152.0000 176.0000 426.4724
v 160.0000 176.0000 429.1856
v 168.0000 176.0000 433.2051
v 176.0000 176.0000 410.1099
v 184.0000 176.0000 410.7558
v 192.0000 176.0000 413.2643
v 200.0000 176.0000 417.6771
v 208.0000 176.0000 419.1506
v 216.0000 176.0000 419.8512
v 224.0000 176.0000 422.7998
v 232.0000 176.0000 421.4751
v 240.0000 176.0000 420.8520
v 248.0000 176.0000 420.5910
v 256.0000 176.0000 423.1050
v 264.0000 176.0000 422.2162
v 272.0000 176.0000 422.8804
v 280.0000 176.0000 430.5817
v 288.0000 176.0000 430.2082
v 296.0000 176.0000 429.2863
v 304.0000 176.0000 425.2660
v 312.0000 176.0000 418.8892
v 320.0000 176.0000 419.8744
v 328.0000 176.0000 426.8083
v 336.0000 176.0000 420.7819
v 344.0000 176.0000 423.8585
v 352.0000 176.0000 426.6521
v 360.0000 176.0000 428.7359
v 368.0000 176.0000 425.9277
v 376.0000 176.0000 417.3248
v 384.0000 176.0000 418.5946
v 392.0000 176.0000 425.4049
v 400.0000 176.0000 422.6261
v 408.0000 176.0000 425.7158
v 416.0000 176.0000 417.6216
v 424.0000 176.0000 417.6757
v 432.0000 176.0000 417.2892
v 440.0000 176.0000 416.1768
v 448.0000 176.0000 415.5325
v 456.0000 176.0000 417.1008
v 464.0000 176.0000 428.8246
v 472.0000 176.0000 427.5375
v 480.0000 176.0000 418.5953
v 488.0000 176.0000 416.3249
v 496.0000 176.0000 421.9622
v 504.0000 176.0000 414.4523
v 0.0000 168.0000 414.7123
v 8.0000 168.0000 409.2704
v 16.0000 168.0000 408.1165
v 24.0000 168.0000 406.9046
v 32.0000 168.0000 414.1555
v 40.0000 168.0000 435.9234
v 48.0000 168.0000 433.8962
v 56.0000 168.0000 426.9290
v 64.0000 168.0000 407.8581
v 72.0000 168.0000 425.0334
v 80.0000 168.0000 430.0812
v 88.0000 168.0000 429.3654
v 96.0000 168.0000 407.9803
v 104.0000 168.0000 407.5767
v 112.0000 168.0000 424.3914
v 120.0000 168.0000 424.9958
v 128.0000 168.0000 425.0304
v 136.0000 168.0000 414.3511
v 144.0000 168.0000 415.4927
v 152.0000 168.0000 427.1695
v 160.0000 168.0000 431.4079
v 168.0000 168.0000 433.0268
v 176.0000 168.0000 409.6108
v 184.0000 168.0000 410.8456
v 192.0000 168.0000 413.1693
v 200.0000 168.0000 416.6163
v 208.0000 168.0000 419.1681
v 216.0000 168.0000 422.8044
v 224.0000 168.0000 420.8176
v 232.0000 168.0000 430.9677
v 240.0000 168.0000 432.0643
v 248.0000 168.0000 425.0243
v 256.0000 168.0000 424.7989
v 264.0000 168.0000 425.5739
v 272.0000 168.0000 421.7328
v 280.0000 168.0000 427.8420
v 288.0000 168.0000 427.6759
v 296.0000 168.0000 419.9452
v 304.0000 168.0000 418.2186
v 312.0000 168.0000 418.9579
v 320.0000 168.0000 424.5535
v 328.0000 168.0000 424.4138
v 336.0000 168.0000 421.1067
v 344.0000 168.0000 421.0689
v 352.0000 168.0000 424.7597
v 360.0000 168.0000 427.4946
v 368.0000 168.0000 430.7894
v 376.0000 168.0000 417.0319
v 384.0000 168.0000 417.6315
v 392.0000 168.0000 419.5321
v 400.0000 168.0000 421.8792
v 408.0000 168.0000 427.1111
v 416.0000 168.0000 429.2382
v 424.0000 168.0000 417.6864
v 432.0000 168.0000 417.3116
v 440.0000 168.0000 416.1767
v 448.0000 168.0000 416.9636
v 456.0000 168.0000 423.7090
v 464.0000 168.0000 430.1234
v 472.0000 168.0000 429.1954
v 480.0000 168.0000 416.0714
v 488.0000 168.0000 418.4226
v 496.0000 168.0000 426.0943
v 504.0000 168.0000 417.5392
v 0.0000 160.0000 409.6235
v 8.0000 160.0000 407.7113
v 16.0000 160.0000 407.2144
v 24.0000 160.0000 411.7865
v 32.0000 160.0000 411.8995
v 40.0000 160.0000 434.4175
v 48.0000 160.0000 431.6731
v 56.0000 160.0000 429.8451
v 64.0000 160.0000 406.2377
v 72.0000 160.0000 404.2082
v 80.0000 160.0000 429.6749
v 88.0000 160.0000 429.0160
v 96.0000 160.0000 407.4738
v 104.0000 160.0000 407.3958
v 112.0000 160.0000 425.2886
v 120.0000 160.0000 429.3466
v 128.0000 160.0000 426.4727
v 136.0000 160.0000 419.6712
v 144.0000 160.0000 429.6440
v 152.0000 160.0000 432.6130
v 160.0000 160.0000 436.1904
v 168.0000 160.0000 435.7498
v 176.0000 160.0000 410.8914
v 184.0000 160.0000 411.2967
v 192.0000 160.0000 413.6318
v 200.0000 160.0000 416.1324
v 208.0000 160.0000 420.9647
v 216.0000 160.0000 421.1492
v 224.0000 160.0000 431.7314
v 232.0000 160.0000 430.9941
v 240.0000 160.0000 430.9121
v 248.0000 160.0000 430.7173
v 256.0000 160.0000 421.9007
v 264.0000 160.0000 421.7075
v 272.0000 160.0000 421.3905
v 280.0000 160.0000 420.1470
v 288.0000 160.0000 419.7914
v 296.0000 160.0000 418.9378
v 304.0000 160.0000 421.9035
v 312.0000 160.0000 424.0178
v 320.0000 160.0000 423.3352
v 328.0000 160.0000 423.0325
v 336.0000 160.0000 423.5036
v 344.0000 160.0000 422.6633
v 352.0000 160.0000 421.7563
v 360.0000 160.0000 423.5105
v 368.0000 160.0000 426.2431
v 376.0000 160.0000 430.0791
v 384.0000 160.0000 418.7143
v 392.0000 160.0000 419.1803
v 400.0000 160.0000 420.7488
v 408.0000 160.0000 425.9441
v 416.0000 160.0000 419.7233
v 424.0000 160.0000 421.0242
v 432.0000 160.0000 416.9027
v 440.0000 160.0000 415.9742
v 448.0000 160.0000 425.5398
v 456.0000 160.0000 426.6485
v 464.0000 160.0000 421.6133
v 472.0000 160.0000 415.9398
v 480.0000 160.0000 415.9945
v 488.0000 160.0000 427.0385
v 496.0000 160.0000 429.4770
v 504.0000 160.0000 429.3580
v 0.0000 152.0000 405.9501
v 8.0000 152.0000 405.8945
v 16.0000 152.0000 406.7933
v 24.0000 152.0000 413.1091
v 32.0000 152.0000 410.6977
v 40.0000 152.0000 423.2550
v 48.0000 152.0000 430.6553
v 56.0000 152.0000 428.8057
v 64.0000 152.0000 404.3118
v 72.0000 152.0000 403.8789
v 80.0000 152.0000 429.1249
v 88.0000 152.0000 429.6377
v 96.0000 152.0000 407.6786
v 104.0000 152.0000 407.0791
v 112.0000 152.0000 426.8020
v 120.0000 152.0000 428.8285
v 128.0000 152.0000 428.9837
v 136.0000 152.0000 431.7048
v 144.0000 152.0000 432.7303
v 152.0000 152.0000 434.3915
v 160.0000 152.0000 435.8051
v 168.0000 152.0000 437.2234
v 176.0000 152.0000 410.6957
v 184.0000 152.0000 411.9587
v 192.0000 152.0000 413.8194
v 200.0000 152.0000 417.7078
v 208.0000 152.0000 423.1392
v 216.0000 152.0000 425.6842
v 224.0000 152.0000 425.5161
v 232.0000 152.0000 429.7003
v 240.0000 152.0000 429.6609
v 248.0000 152.0000 429.3895
v 256.0000 152.0000 424.0787
v 264.0000 152.0000 420.5993
v 272.0000 152.0000 421.9047
v 280.0000 152.0000 423.2729
v 288.0000 152.0000 421.6672
v 296.0000 152.0000 425.2395
v 304.0000 152.0000 424.0437
v 312.0000 152.0000 423.0201
v 320.0000 152.0000 422.4353
v 328.0000 152.0000 422.6581
v 336.0000 152.0000 422.3732
v 344.0000 152.0000 422.9955
v 352.0000 152.0000 420.6953
v 360.0000 152.0000 423.2175
v 368.0000 152.0000 424.9667
v 376.0000 152.0000 424.8613
v 384.0000 152.0000 421.1824
v 392.0000 152.0000 418.4424
v 400.0000 152.0000 419.2626
v 408.0000 152.0000 425.9822
v 416.0000 152.0000 419.6250
v 424.0000 152.0000 416.6780
v 432.0000 152.0000 416.2725
v 440.0000 152.0000 415.2704
v 448.0000 152.0000 414.9607
v 456.0000 152.0000 421.1228
v 464.0000 152.0000 414.5259
v 472.0000 152.0000 418.2898
v 480.0000 152.0000 423.1085
v 488.0000 152.0000 429.5139
v 496.0000 152.0000 427.0239
v 504.0000 152.0000 412.9939
v 0.0000 144.0000 404.2791
v 8.0000 144.0000 405.2013
v 16.0000 144.0000 417.7299
v 24.0000 144.0000 417.8505
v 32.0000 144.0000 421.5665
v 40.0000 144.0000 418.8770
v 48.0000 144.0000 429.8497
v 56.0000 144.0000 428.2500
v 64.0000 144.0000 404.4814
v 72.0000 144.0000 404.5518
v 80.0000 144.0000 428.9544
v 88.0000 144.0000 431.0785
v 96.0000 144.0000 431.2979
v 104.0000 144.0000 407.2163
v 112.0000 144.0000 428.7954
v 120.0000 144.0000 430.4669
v 128.0000 144.0000 432.0847
v 136.0000 144.0000 435.0402
v 144.0000 144.0000 435.9073
v 152.0000 144.0000 426.0434
v 160.0000 144.0000 416.2192
v 168.0000 144.0000 413.8629
v 176.0000 144.0000 410.8475
v 184.0000 144.0000 412.1646
v 192.0000 144.0000 414.5136
v 200.0000 144.0000 421.9096
v 208.0000 144.0000 426.9080
v 216.0000 144.0000 425.0273
v 224.0000 144.0000 423.7055
v 232.0000 144.0000 425.1353
v 240.0000 144.0000 428.3569
v 248.0000 144.0000 423.8384
v 256.0000 144.0000 421.3562
v 264.0000 144.0000 420.7273
v 272.0000 144.0000 420.7318
v 280.0000 144.0000 423.5545
v 288.0000 144.0000 424.9802
v 296.0000 144.0000 424.1203
v 304.0000 144.0000 423.3461
v 312.0000 144.0000 423.4565
v 320.0000 144.0000 422.7393
v 328.0000 144.0000 423.2687
v 336.0000 144.0000 425.3748
v 344.0000 144.0000 421.9661
v 352.0000 144.0000 423.9279
v 360.0000 144.0000 420.3163
v 368.0000 144.0000 422.9858
v 376.0000 144.0000 423.2524
v 384.0000 144.0000 423.2726
v 392.0000 144.0000 418.1604
v 400.0000 144.0000 418.2263
v 408.0000 144.0000 420.3409
v 416.0000 144.0000 416.3202
v 424.0000 144.0000 415.4816
v 432.0000 144.0000 415.2067
v 440.0000 144.0000 414.0146
v 448.0000 144.0000 413.2314
v 456.0000 144.0000 412.8952
v 464.0000 144.0000 412.2120
v 472.0000 144.0000 412.8300
v 480.0000 144.0000 415.9051
v 488.0000 144.0000 424.9501
v 496.0000 144.0000 412.6046
v 504.0000 144.0000 412.9668
v 0.0000 136.0000 404.1328
v 8.0000 136.0000 408.1898
v 16.0000 136.0000 436.4873
v 24.0000 136.0000 433.6387
v 32.0000 136.0000 420.0165
v 40.0000 136.0000 416.9540
v 48.0000 136.0000 429.0732
v 56.0000 136.0000 427.5688
v 64.0000 136.0000 407.3293
v 72.0000 136.0000 405.1052
v 80.0000 136.0000 428.4904
v 88.0000 136.0000 432.1133
v 96.0000 136.0000 432.5995
v 104.0000 136.0000 408.1691
v 112.0000 136.0000 408.7158
v 120.0000 136.0000 410.2277
v 128.0000 136.0000 410.1653
v 136.0000 136.0000 410.2557
v 144.0000 136.0000 410.3510
v 152.0000 136.0000 410.4944
v 160.0000 136.0000 411.3052
v 168.0000 136.0000 410.4792
v 176.0000 136.0000 411.4740
v 184.0000 136.0000 413.0183
v 192.0000 136.0000 423.0175
v 200.0000 136.0000 424.8132
v 208.0000 136.0000 425.1501
v 216.0000 136.0000 424.1203
v 224.0000 136.0000 422.9595
v 232.0000 136.0000 426.2319
v 240.0000 136.0000 425.4973
v 248.0000 136.0000 421.7088
v 256.0000 136.0000 420.5045
v 264.0000 136.0000 419.5936
v 272.0000 136.0000 426.5547
v 280.0000 136.0000 424.7941
v 288.0000 136.0000 424.1990
v 296.0000 136.0000 423.6118
v 304.0000 136.0000 423.6064
v 312.0000 136.0000 423.1339
v 320.0000 136.0000 427.6783
v 328.0000 136.0000 427.4011
v 336.0000 136.0000 427.9073
v 344.0000 136.0000 428.0580
v 352.0000 136.0000 422.9630
v 360.0000 136.0000 425.9637
v 368.0000 136.0000 422.5929
v 376.0000 136.0000 422.6921
v 384.0000 136.0000 424.4600
v 392.0000 136.0000 423.6433
v 400.0000 136.0000 419.2144
v 408.0000 136.0000 417.0154
v 416.0000 136.0000 416.1494
v 424.0000 136.0000 416.2993
v 432.0000 136.0000 414.2153
v 440.0000 136.0000 413.7443
v 448.0000 136.0000 418.5420
v 456.0000 136.0000 415.3832
v 464.0000 136.0000 410.6967
v 472.0000 136.0000 410.6186
v 480.0000 136.0000 411.1538
v 488.0000 136.0000 411.0938
v 496.0000 136.0000 411.8610
v 504.0000 136.0000 415.9167
v 0.0000 128.0000 403.6144
v 8.0000 128.0000 410.8818
v 16.0000 128.0000 435.5172
v 24.0000 128.0000 434.7787
v 32.0000 128.0000 423.8898
v 40.0000 128.0000 416.2626
v 48.0000 128.0000 428.6357
v 56.0000 128.0000 415.8112
v 64.0000 128.0000 411.0050
v 72.0000 128.0000 405.6619
v 80.0000 128.0000 428.3943
v 88.0000 128.0000 433.2621
v 96.0000 128.0000 433.5756
v 104.0000 128.0000 409.8428
v 112.0000 128.0000 409.8114
v 120.0000 128.0000 410.9643
v 128.0000 128.0000 410.9836
v 136.0000 128.0000 412.1980
v 144.0000 128.0000 412.6812
v 152.0000 128.0000 413.2395
v 160.0000 128.0000 413.0080
v 168.0000 128.0000 412.6349
v 176.0000 128.0000 412.7987
v 184.0000 128.0000 415.7064
v 192.0000 128.0000 426.8923
v 200.0000 128.0000 426.0320
v 208.0000 128.0000 425.7089
v 216.0000 128.0000 424.2901
v 224.0000 128.0000 422.3522
v 232.0000 128.0000 421.5848
v 240.0000 128.0000 424.3326
v 248.0000 128.0000 420.4066
v 256.0000 128.0000 419.4388
v 264.0000 128.0000 425.5546
v 272.0000 128.0000 424.8895
v 280.0000 128.0000 424.3878
v 288.0000 128.0000 424.6686
v 296.0000 128.0000 424.3461
v 304.0000 128.0000 424.5091
v 312.0000 128.0000 427.1827
v 320.0000 128.0000 426.7765
v 328.0000 128.0000 426.7917
v 336.0000 128.0000 427.4221
v 344.0000 128.0000 428.2763
v 352.0000 128.0000 428.4995
v 360.0000 128.0000 424.6427
v 368.0000 128.0000 421.6604
v 376.0000 128.0000 422.4417
v 384.0000 128.0000 424.0174
v 392.0000 128.0000 421.9611
v 400.0000 128.0000 419.8329
v 408.0000 128.0000 416.4472
v 416.0000 128.0000 420.7868
v 424.0000 128.0000 426.7236
v 432.0000 128.0000 430.1441
v 440.0000 128.0000 416.9018
v 448.0000 128.0000 417.2585
v 456.0000 128.0000 426.2924
v 464.0000 128.0000 422.0241
v 472.0000 128.0000 409.3497
v 480.0000 128.0000 408.7610
v 488.0000 128.0000 409.4702
v 496.0000 128.0000 410.5856
v 504.0000 128.0000 412.3838
v 0.0000 120.0000 408.1323
v 8.0000 120.0000 411.6880
v 16.0000 120.0000 435.6709
v 24.0000 120.0000 434.5566
v 32.0000 120.0000 430.9577
v 40.0000 120.0000 412.3878
v 48.0000 120.0000 424.5651
v 56.0000 120.0000 424.6419
v 64.0000 120.0000 424.7424
v 72.0000 120.0000 406.1967
v 80.0000 120.0000 426.2325
v 88.0000 120.0000 434.4415
v 96.0000 120.0000 434.2766
v 104.0000 120.0000 412.3102
v 112.0000 120.0000 411.6827
v 120.0000 120.0000 413.4448
v 128.0000 120.0000 413.8119
v 136.0000 120.0000 414.4911
v 144.0000 120.0000 415.1698
v 152.0000 120.0000 420.7761
v 160.0000 120.0000 414.5238
v 168.0000 120.0000 414.9351
v 176.0000 120.0000 414.4518
v 184.0000 120.0000 421.0145
v 192.0000 120.0000 424.6678
v 200.0000 120.0000 425.3498
v 208.0000 120.0000 425.5405
v 216.0000 120.0000 424.4792
v 224.0000 120.0000 422.6851
v 232.0000 120.0000 420.9738
v 240.0000 120.0000 420.4662
v 248.0000 120.0000 425.1739
v 256.0000 120.0000 424.6624
v 264.0000 120.0000 424.2679
v 272.0000 120.0000 424.1350
v 280.0000 120.0000 424.7318
v 288.0000 120.0000 424.3274
v 296.0000 120.0000 426.5243
v 304.0000 120.0000 427.4713
v 312.0000 120.0000 426.8752
v 320.0000 120.0000 426.4507
v 328.0000 120.0000 427.0307
v 336.0000 120.0000 427.1831
v 344.0000 120.0000 428.0429
v 352.0000 120.0000 429.2758
v 360.0000 120.0000 427.5193
v 368.0000 120.0000 422.6517
v 376.0000 120.0000 421.4083
v 384.0000 120.0000 421.5320
v 392.0000 120.0000 421.5087
v 400.0000 120.0000 420.8337
v 408.0000 120.0000 418.8539
v 416.0000 120.0000 428.1924
v 424.0000 120.0000 428.3467
v 432.0000 120.0000 412.8695
v 440.0000 120.0000 413.2275
v 448.0000 120.0000 414.2421
v 456.0000 120.0000 426.6460
v 464.0000 120.0000 430.3709
v 472.0000 120.0000 426.2195
v 480.0000 120.0000 421.5017
v 488.0000 120.0000 407.8963
v 496.0000 120.0000 408.8997
v 504.0000 120.0000 409.8399
v 0.0000 112.0000 412.6286
v 8.0000 112.0000 412.8242
v 16.0000 112.0000 435.8986
v 24.0000 112.0000 434.5616
v 32.0000 112.0000 431.4641
v 40.0000 112.0000 413.7119
v 48.0000 112.0000 421.7969
v 56.0000 112.0000 425.4373
v 64.0000 112.0000 425.5876
v 72.0000 112.0000 407.0326
v 80.0000 112.0000 405.7059
v 88.0000 112.0000 434.3843
v 96.0000 112.0000 435.4163
v 104.0000 112.0000 413.5384
v 112.0000 112.0000 412.8526
v 120.0000 112.0000 414.2449
v 128.0000 112.0000 415.5211
v 136.0000 112.0000 416.3972
v 144.0000 112.0000 417.0508
v 152.0000 112.0000 416.9236
v 160.0000 112.0000 415.6695
v 168.0000 112.0000 415.3967
v 176.0000 112.0000 418.0658
v 184.0000 112.0000 422.5406
v 192.0000 112.0000 424.8503
v 200.0000 112.0000 424.7703
v 208.0000 112.0000 425.2097
v 216.0000 112.0000 425.9485
v 224.0000 112.0000 425.1176
v 232.0000 112.0000 422.3583
v 240.0000 112.0000 423.7236
v 248.0000 112.0000 423.9907
v 256.0000 112.0000 424.2518
v 264.0000 112.0000 424.2750
v 272.0000 112.0000 424.6616
v 280.0000 112.0000 424.1973
v 288.0000 112.0000 423.4729
v 296.0000 112.0000 428.0590
v 304.0000 112.0000 427.5444
v 312.0000 112.0000 427.0827
v 320.0000 112.0000 426.8851
v 328.0000 112.0000 426.8166
v 336.0000 112.0000 427.6060
v 344.0000 112.0000 427.9845
v 352.0000 112.0000 429.3366
v 360.0000 112.0000 427.8206
v 368.0000 112.0000 421.2850
v 376.0000 112.0000 419.4679
v 384.0000 112.0000 420.1443
v 392.0000 112.0000 422.8517
v 400.0000 112.0000 420.6169
v 408.0000 112.0000 418.1938
v 416.0000 112.0000 430.7029
v 424.0000 112.0000 433.1345
v 432.0000 112.0000 413.5800
v 440.0000 112.0000 410.5395
v 448.0000 112.0000 413.2724
v 456.0000 112.0000 414.3029
v 464.0000 112.0000 427.5359
v 472.0000 112.0000 428.8663
v 480.0000 112.0000 427.1791
v 488.0000 112.0000 429.7982
v 496.0000 112.0000 407.4870
v 504.0000 112.0000 408.3610
v 0.0000 104.0000 414.5165
v 8.0000 104.0000 414.6624
v 16.0000 104.0000 412.7509
v 24.0000 104.0000 434.7745
v 32.0000 104.0000 432.5448
v 40.0000 104.0000 415.6467
v 48.0000 104.0000 418.8171
v 56.0000 104.0000 426.5075
v 64.0000 104.0000 426.5580
v 72.0000 104.0000 408.2651
v 80.0000 104.0000 406.9187
v 88.0000 104.0000 435.0421
v 96.0000 104.0000 437.0452
v 104.0000 104.0000 409.0056
v 112.0000 104.0000 412.4407
v 120.0000 104.0000 414.6935
v 128.0000 104.0000 416.3025
v 136.0000 104.0000 417.1229
v 144.0000 104.0000 417.9975
v 152.0000 104.0000 417.7328
v 160.0000 104.0000 416.3651
v 168.0000 104.0000 416.1972
v 176.0000 104.0000 421.6562
v 184.0000 104.0000 424.0501
v 192.0000 104.0000 427.2038
v 200.0000 104.0000 427.0418
v 208.0000 104.0000 427.7756
v 216.0000 104.0000 425.8890
v 224.0000 104.0000 429.0538
v 232.0000 104.0000 432.6948
v 240.0000 104.0000 423.9149
v 248.0000 104.0000 423.6902
v 256.0000 104.0000 423.4628
v 264.0000 104.0000 423.6634
v 272.0000 104.0000 423.9095
v 280.0000 104.0000 423.7927
v 288.0000 104.0000 423.3407
v 296.0000 104.0000 424.4930
v 304.0000 104.0000 427.7705
v 312.0000 104.0000 427.1927
v 320.0000 104.0000 427.2374
v 328.0000 104.0000 427.4264
v 336.0000 104.0000 427.8711
v 344.0000 104.0000 428.4203
v 352.0000 104.0000 429.7735
v 360.0000 104.0000 431.2798
v 368.0000 104.0000 421.3697
v 376.0000 104.0000 419.3814
v 384.0000 104.0000 422.4178
v 392.0000 104.0000 425.4909
v 400.0000 104.0000 424.6660
v 408.0000 104.0000 417.9500
v 416.0000 104.0000 425.5829
v 424.0000 104.0000 428.7405
v 432.0000 104.0000 414.5157
v 440.0000 104.0000 409.5201
v 448.0000 104.0000 412.3873
v 456.0000 104.0000 411.1416
v 464.0000 104.0000 424.2871
v 472.0000 104.0000 425.3877
v 480.0000 104.0000 426.0939
v 488.0000 104.0000 415.8455
v 496.0000 104.0000 428.3746
v 504.0000 104.0000 407.2221
v 0.0000 96.0000 426.4537
v 8.0000 96.0000 428.5412
v 16.0000 96.0000 428.4484
v 24.0000 96.0000 435.1089
v 32.0000 96.0000 433.3828
v 40.0000 96.0000 419.1580
v 48.0000 96.0000 417.9817
v 56.0000 96.0000 427.8440
v 64.0000 96.0000 427.7177
v 72.0000 96.0000 410.9678
v 80.0000 96.0000 407.7396
v 88.0000 96.0000 436.2005
v 96.0000 96.0000 438.4618
v 104.0000 96.0000 435.9252
v 112.0000 96.0000 411.4162
v 120.0000 96.0000 419.0108
v 128.0000 96.0000 416.8071
v 136.0000 96.0000 417.7534
v 144.0000 96.0000 418.3789
v 152.0000 96.0000 417.9235
v 160.0000 96.0000 416.7130
v 168.0000 96.0000 417.1447
v 176.0000 96.0000 423.7401
v 184.0000 96.0000 427.7889
v 192.0000 96.0000 431.6224
v 200.0000 96.0000 430.0189
v 208.0000 96.0000 429.2359
v 216.0000 96.0000 434.2577
v 224.0000 96.0000 432.6273
v 232.0000 96.0000 431.8623
v 240.0000 96.0000 424.5587
v 248.0000 96.0000 423.4684
v 256.0000 96.0000 422.9741
v 264.0000 96.0000 423.0727
v 272.0000 96.0000 423.6960
v 280.0000 96.0000 423.6823
v 288.0000 96.0000 423.2279
v 296.0000 96.0000 422.5565
v 304.0000 96.0000 428.5793
v 312.0000 96.0000 427.8292
v 320.0000 96.0000 427.7634
v 328.0000 96.0000 427.8991
v 336.0000 96.0000 428.4532
v 344.0000 96.0000 429.2379
v 352.0000 96.0000 430.5930
v 360.0000 96.0000 424.5515
v 368.0000 96.0000 420.1813
v 376.0000 96.0000 419.3540
v 384.0000 96.0000 423.3811
v 392.0000 96.0000 425.0457
v 400.0000 96.0000 423.9312
v 408.0000 96.0000 418.4309
v 416.0000 96.0000 421.6681
v 424.0000 96.0000 427.0212
v 432.0000 96.0000 416.9731
v 440.0000 96.0000 409.4416
v 448.0000 96.0000 410.2027
v 456.0000 96.0000 410.6544
v 464.0000 96.0000 412.5686
v 472.0000 96.0000 414.7654
v 480.0000 96.0000 419.2348
v 488.0000 96.0000 429.8166
v 496.0000 96.0000 431.1174
v 504.0000 96.0000 406.7785
v 0.0000 88.0000 436.1822
v 8.0000 88.0000 429.5587
v 16.0000 88.0000 429.4783
v 24.0000 88.0000 435.7495
v 32.0000 88.0000 435.2167
v 40.0000 88.0000 422.7311
v 48.0000 88.0000 418.0142
v 56.0000 88.0000 429.4419
v 64.0000 88.0000 429.0566
v 72.0000 88.0000 421.6659
v 80.0000 88.0000 408.1836
v 88.0000 88.0000 409.2557
v 96.0000 88.0000 410.0542
v 104.0000 88.0000 410.4412
v 112.0000 88.0000 410.7406
v 120.0000 88.0000 413.8430
v 128.0000 88.0000 416.0119
v 136.0000 88.0000 418.5812
v 144.0000 88.0000 418.1543
v 152.0000 88.0000 417.7834
v 160.0000 88.0000 417.2351
v 168.0000 88.0000 421.5776
v 176.0000 88.0000 426.4259
v 184.0000 88.0000 430.5645
v 192.0000 88.0000 431.0029
v 200.0000 88.0000 430.5534
v 208.0000 88.0000 436.7886
v 216.0000 88.0000 434.0911
v 224.0000 88.0000 432.4376
v 232.0000 88.0000 431.5508
v 240.0000 88.0000 430.7898
v 248.0000 88.0000 423.5442
v 256.0000 88.0000 422.7883
v 264.0000 88.0000 422.9566
v 272.0000 88.0000 423.5527
v 280.0000 88.0000 423.7488
v 288.0000 88.0000 423.3114
v 296.0000 88.0000 422.7458
v 304.0000 88.0000 422.4201
v 312.0000 88.0000 428.9843
v 320.0000 88.0000 428.7646
v 328.0000 88.0000 428.9889
v 336.0000 88.0000 429.5456
v 344.0000 88.0000 423.0469
v 352.0000 88.0000 421.8040
v 360.0000 88.0000 423.4050
v 368.0000 88.0000 423.7003
v 376.0000 88.0000 419.2549
v 384.0000 88.0000 422.0049
v 392.0000 88.0000 419.7227
v 400.0000 88.0000 419.3835
v 408.0000 88.0000 420.8517
v 416.0000 88.0000 415.9254
v 424.0000 88.0000 421.9804
v 432.0000 88.0000 422.4935
v 440.0000 88.0000 411.4175
v 448.0000 88.0000 410.1063
v 456.0000 88.0000 413.6665
v 464.0000 88.0000 409.2515
v 472.0000 88.0000 422.6808
v 480.0000 88.0000 429.1303
v 488.0000 88.0000 429.6988
v 496.0000 88.0000 430.5598
v 504.0000 88.0000 407.5671
v 0.0000 80.0000 437.5941
v 8.0000 80.0000 430.8398
v 16.0000 80.0000 430.9332
v 24.0000 80.0000 435.4804
v 32.0000 80.0000 420.4150
v 40.0000 80.0000 414.8215
v 48.0000 80.0000 416.1633
v 56.0000 80.0000 431.1537
v 64.0000 80.0000 430.4418
v 72.0000 80.0000 429.7045
v 80.0000 80.0000 408.3976
v 88.0000 80.0000 409.0308
v 96.0000 80.0000 410.7907
v 104.0000 80.0000 411.5450
v 112.0000 80.0000 412.9316
v 120.0000 80.0000 412.7322
v 128.0000 80.0000 415.2196
v 136.0000 80.0000 417.3655
v 144.0000 80.0000 417.8085
v 152.0000 80.0000 417.5258
v 160.0000 80.0000 417.1906
v 168.0000 80.0000 434.2439
v 176.0000 80.0000 430.3704
v 184.0000 80.0000 430.7698
v 192.0000 80.0000 430.6373
v 200.0000 80.0000 427.6585
v 208.0000 80.0000 437.0067
v 216.0000 80.0000 434.3817
v 224.0000 80.0000 431.9977
v 232.0000 80.0000 430.8712
v 240.0000 80.0000 430.4258
v 248.0000 80.0000 429.6504
v 256.0000 80.0000 422.7834
v 264.0000 80.0000 422.8077
v 272.0000 80.0000 423.2722
v 280.0000 80.0000 423.5969
v 288.0000 80.0000 423.4068
v 296.0000 80.0000 423.1674
v 304.0000 80.0000 423.2430
v 312.0000 80.0000 424.6354
v 320.0000 80.0000 430.0140
v 328.0000 80.0000 430.2174
v 336.0000 80.0000 426.7272
v 344.0000 80.0000 423.2403
v 352.0000 80.0000 422.6989
v 360.0000 80.0000 419.2806
v 368.0000 80.0000 418.6144
v 376.0000 80.0000 418.6281
v 384.0000 80.0000 418.8680
v 392.0000 80.0000 422.3200
v 400.0000 80.0000 421.9733
v 408.0000 80.0000 420.3075
v 416.0000 80.0000 415.0186
v 424.0000 80.0000 416.1599
v 432.0000 80.0000 425.7814
v 440.0000 80.0000 419.2053
v 448.0000 80.0000 410.1308
v 456.0000 80.0000 411.5161
v 464.0000 80.0000 409.8277
v 472.0000 80.0000 409.0241
v 480.0000 80.0000 425.0301
v 488.0000 80.0000 420.5092
v 496.0000 80.0000 405.5517
v 504.0000 80.0000 406.0909
v 0.0000 72.0000 437.7445
v 8.0000 72.0000 431.6653
v 16.0000 72.0000 418.6240
v 24.0000 72.0000 416.2415
v 32.0000 72.0000 415.7537
v 40.0000 72.0000 414.4948
v 48.0000 72.0000 415.7621
v 56.0000 72.0000 432.9830
v 64.0000 72.0000 431.7626
v 72.0000 72.0000 431.1642
v 80.0000 72.0000 407.7398
v 88.0000 72.0000 429.8321
v 96.0000 72.0000 432.3240
v 104.0000 72.0000 435.0583
v 112.0000 72.0000 438.3872
v 120.0000 72.0000 412.6341
v 128.0000 72.0000 417.2614
v 136.0000 72.0000 417.2313
v 144.0000 72.0000 417.9661
v 152.0000 72.0000 417.4007
v 160.0000 72.0000 416.7787
v 168.0000 72.0000 427.3662
v 176.0000 72.0000 427.5097
v 184.0000 72.0000 426.2747
v 192.0000 72.0000 425.9855
v 200.0000 72.0000 425.4589
v 208.0000 72.0000 426.3101
v 216.0000 72.0000 434.9195
v 224.0000 72.0000 432.9664
v 232.0000 72.0000 431.8897
v 240.0000 72.0000 430.5710
v 248.0000 72.0000 429.4444
v 256.0000 72.0000 427.8185
v 264.0000 72.0000 422.7651
v 272.0000 72.0000 423.0798
v 280.0000 72.0000 423.5137
v 288.0000 72.0000 423.6976
v 296.0000 72.0000 423.9059
v 304.0000 72.0000 426.3668
v 312.0000 72.0000 427.0363
v 320.0000 72.0000 422.3849
v 328.0000 72.0000 425.3234
v 336.0000 72.0000 422.6890
v 344.0000 72.0000 421.4639
v 352.0000 72.0000 422.1537
v 360.0000 72.0000 417.8066
v 368.0000 72.0000 417.5379
v 376.0000 72.0000 417.9023
v 384.0000 72.0000 420.6348
v 392.0000 72.0000 420.6470
v 400.0000 72.0000 418.5461
v 408.0000 72.0000 417.4084
v 416.0000 72.0000 414.5420
v 424.0000 72.0000 413.5734
v 432.0000 72.0000 414.9870
v 440.0000 72.0000 417.0035
v 448.0000 72.0000 412.6606
v 456.0000 72.0000 410.3098
v 464.0000 72.0000 411.5629
v 472.0000 72.0000 407.8156
v 480.0000 72.0000 406.3167
v 488.0000 72.0000 405.5734
v 496.0000 72.0000 405.7606
v 504.0000 72.0000 406.0750
v 0.0000 64.0000 438.4821
v 8.0000 64.0000 432.2095
v 16.0000 64.0000 430.2770
v 24.0000 64.0000 430.4641
v 32.0000 64.0000 420.2473
v 40.0000 64.0000 413.8897
v 48.0000 64.0000 412.6224
v 56.0000 64.0000 434.4530
v 64.0000 64.0000 433.0297
v 72.0000 64.0000 431.9455
v 80.0000 64.0000 406.0850
v 88.0000 64.0000 429.3189
v 96.0000 64.0000 432.3327
v 104.0000 64.0000 434.8605
v 112.0000 64.0000 437.4215
v 120.0000 64.0000 412.1552
v 128.0000 64.0000 414.7846
v 136.0000 64.0000 416.5798
v 144.0000 64.0000 420.8143
v 152.0000 64.0000 417.4903
v 160.0000 64.0000 416.8573
v 168.0000 64.0000 423.4890
v 176.0000 64.0000 423.7325
v 184.0000 64.0000 424.5103
v 192.0000 64.0000 425.4073
v 200.0000 64.0000 423.8925
v 208.0000 64.0000 423.3730
v 216.0000 64.0000 422.2262
v 224.0000 64.0000 433.7600
v 232.0000 64.0000 432.2915
v 240.0000 64.0000 430.7414
v 248.0000 64.0000 429.1583
v 256.0000 64.0000 428.9344
v 264.0000 64.0000 422.9164
v 272.0000 64.0000 422.9468
v 280.0000 64.0000 423.6070
v 288.0000 64.0000 424.6071
v 296.0000 64.0000 426.9471
v 304.0000 64.0000 427.7984
v 312.0000 64.0000 418.6275
v 320.0000 64.0000 418.8277
v 328.0000 64.0000 419.8834
v 336.0000 64.0000 418.8463
v 344.0000 64.0000 418.0649
v 352.0000 64.0000 417.5240
v 360.0000 64.0000 415.8694
v 368.0000 64.0000 418.6559
v 376.0000 64.0000 418.7032
v 384.0000 64.0000 418.4658
v 392.0000 64.0000 415.6371
v 400.0000 64.0000 415.2614
v 408.0000 64.0000 413.6881
v 416.0000 64.0000 412.6910
v 424.0000 64.0000 412.5371
v 432.0000 64.0000 413.4008
v 440.0000 64.0000 416.2281
v 448.0000 64.0000 412.8349
v 456.0000 64.0000 409.4120
v 464.0000 64.0000 411.8620
v 472.0000 64.0000 407.9325
v 480.0000 64.0000 408.1167
v 488.0000 64.0000 405.9792
v 496.0000 64.0000 405.8936
v 504.0000 64.0000 405.8339
v 0.0000 56.0000 436.1579
v 8.0000 56.0000 432.8811
v 16.0000 56.0000 430.4522
v 24.0000 56.0000 431.1768
v 32.0000 56.0000 431.5311
v 40.0000 56.0000 414.1152
v 48.0000 56.0000 411.4384
v 56.0000 56.0000 433.6995
v 64.0000 56.0000 434.2841
v 72.0000 56.0000 432.5621
v 80.0000 56.0000 405.9369
v 88.0000 56.0000 428.0845
v 96.0000 56.0000 431.9721
v 104.0000 56.0000 434.4045
v 112.0000 56.0000 437.1374
v 120.0000 56.0000 411.1085
v 128.0000 56.0000 414.0317
v 136.0000 56.0000 418.5124
v 144.0000 56.0000 420.4999
v 152.0000 56.0000 417.3576
v 160.0000 56.0000 416.7346
v 168.0000 56.0000 420.9538
v 176.0000 56.0000 421.2635
v 184.0000 56.0000 423.0567
v 192.0000 56.0000 424.1260
v 200.0000 56.0000 424.1080
v 208.0000 56.0000 423.7167
v 216.0000 56.0000 423.5276
v 224.0000 56.0000 434.8219
v 232.0000 56.0000 433.2126
v 240.0000 56.0000 430.7962
v 248.0000 56.0000 429.4457
v 256.0000 56.0000 429.4095
v 264.0000 56.0000 429.6983
v 272.0000 56.0000 425.7000
v 280.0000 56.0000 427.4068
v 288.0000 56.0000 427.9036
v 296.0000 56.0000 424.6520
v 304.0000 56.0000 417.2403
v 312.0000 56.0000 416.7034
v 320.0000 56.0000 416.7127
v 328.0000 56.0000 415.7400
v 336.0000 56.0000 415.9041
v 344.0000 56.0000 415.1374
v 352.0000 56.0000 415.4181
v 360.0000 56.0000 419.3937
v 368.0000 56.0000 418.3605
v 376.0000 56.0000 415.7716
v 384.0000 56.0000 414.4094
v 392.0000 56.0000 414.0738
v 400.0000 56.0000 412.7796
v 408.0000 56.0000 412.5126
v 416.0000 56.0000 412.1523
v 424.0000 56.0000 412.1800
v 432.0000 56.0000 412.3869
v 440.0000 56.0000 414.9153
v 448.0000 56.0000 417.2119
v 456.0000 56.0000 409.3086
v 464.0000 56.0000 409.1524
v 472.0000 56.0000 407.4947
v 480.0000 56.0000 406.2690
v 488.0000 56.0000 405.7544
v 496.0000 56.0000 405.3384
v 504.0000 56.0000 416.3238
v 0.0000 48.0000 436.1944
v 8.0000 48.0000 434.3306
v 16.0000 48.0000 430.6903
v 24.0000 48.0000 431.9779
v 32.0000 48.0000 432.5852
v 40.0000 48.0000 416.5475
v 48.0000 48.0000 412.7617
v 56.0000 48.0000 411.3491
v 64.0000 48.0000 434.9803
v 72.0000 48.0000 433.0322
v 80.0000 48.0000 410.7381
v 88.0000 48.0000 405.2347
v 96.0000 48.0000 431.6625
v 104.0000 48.0000 433.9687
v 112.0000 48.0000 436.5787
v 120.0000 48.0000 412.1305
v 128.0000 48.0000 412.8915
v 136.0000 48.0000 417.6925
v 144.0000 48.0000 418.0635
v 152.0000 48.0000 417.0059
v 160.0000 48.0000 416.4355
v 168.0000 48.0000 421.0804
v 176.0000 48.0000 420.8311
v 184.0000 48.0000 422.3589
v 192.0000 48.0000 423.9420
v 200.0000 48.0000 424.9576
v 208.0000 48.0000 424.7190
v 216.0000 48.0000 423.8092
v 224.0000 48.0000 424.6872
v 232.0000 48.0000 434.1291
v 240.0000 48.0000 432.7355
v 248.0000 48.0000 431.0046
v 256.0000 48.0000 430.3868
v 264.0000 48.0000 430.6012
v 272.0000 48.0000 428.7935
v 280.0000 48.0000 428.9419
v 288.0000 48.0000 418.5645
v 296.0000 48.0000 416.8045
v 304.0000 48.0000 416.6459
v 312.0000 48.0000 416.8165
v 320.0000 48.0000 416.3239
v 328.0000 48.0000 415.1734
v 336.0000 48.0000 414.8381
v 344.0000 48.0000 417.4692
v 352.0000 48.0000 420.8706
v 360.0000 48.0000 419.9575
v 368.0000 48.0000 418.7799
v 376.0000 48.0000 417.9491
v 384.0000 48.0000 414.0908
v 392.0000 48.0000 412.3488
v 400.0000 48.0000 411.9688
v 408.0000 48.0000 411.8469
v 416.0000 48.0000 411.9757
v 424.0000 48.0000 412.3171
v 432.0000 48.0000 412.8992
v 440.0000 48.0000 414.7521
v 448.0000 48.0000 418.8682
v 456.0000 48.0000 411.5187
v 464.0000 48.0000 410.1139
v 472.0000 48.0000 407.0396
v 480.0000 48.0000 406.0302
v 488.0000 48.0000 405.2816
v 496.0000 48.0000 419.6660
v 504.0000 48.0000 422.7142
v 0.0000 40.0000 436.2495
v 8.0000 40.0000 435.0237
v 16.0000 40.0000 431.8419
v 24.0000 40.0000 432.3271
v 32.0000 40.0000 418.7446
v 40.0000 40.0000 417.0047
v 48.0000 40.0000 415.1920
v 56.0000 40.0000 412.0477
v 64.0000 40.0000 435.4837
v 72.0000 40.0000 433.5900
v 80.0000 40.0000 427.0762
v 88.0000 40.0000 405.1235
v 96.0000 40.0000 431.6115
v 104.0000 40.0000 433.7675
v 112.0000 40.0000 436.1367
v 120.0000 40.0000 413.3541
v 128.0000 40.0000 411.5182
v 136.0000 40.0000 416.6326
v 144.0000 40.0000 416.5475
v 152.0000 40.0000 416.7595
v 160.0000 40.0000 416.1088
v 168.0000 40.0000 435.1727
v 176.0000 40.0000 422.1729
v 184.0000 40.0000 422.6064
v 192.0000 40.0000 422.2567
v 200.0000 40.0000 424.8622
v 208.0000 40.0000 425.5461
v 216.0000 40.0000 424.1652
v 224.0000 40.0000 425.1844
v 232.0000 40.0000 426.5740
v 240.0000 40.0000 434.1197
v 248.0000 40.0000 432.1669
v 256.0000 40.0000 431.2437
v 264.0000 40.0000 430.7527
v 272.0000 40.0000 430.9383
v 280.0000 40.0000 419.0618
v 288.0000 40.0000 418.3027
v 296.0000 40.0000 417.3036
v 304.0000 40.0000 416.3973
v 312.0000 40.0000 427.6649
v 320.0000 40.0000 426.8803
v 328.0000 40.0000 417.2190
v 336.0000 40.0000 420.8404
v 344.0000 40.0000 420.3822
v 352.0000 40.0000 417.2041
v 360.0000 40.0000 416.3850
v 368.0000 40.0000 420.2596
v 376.0000 40.0000 417.5149
v 384.0000 40.0000 412.5415
v 392.0000 40.0000 411.8124
v 400.0000 40.0000 411.2343
v 408.0000 40.0000 415.2766
v 416.0000 40.0000 413.3015
v 424.0000 40.0000 415.1267
v 432.0000 40.0000 414.8675
v 440.0000 40.0000 411.4723
v 448.0000 40.0000 409.8581
v 456.0000 40.0000 409.1841
v 464.0000 40.0000 408.2948
v 472.0000 40.0000 407.4689
v 480.0000 40.0000 411.0228
v 488.0000 40.0000 418.7720
v 496.0000 40.0000 425.1105
v 504.0000 40.0000 420.8307
v 0.0000 32.0000 437.0071
v 8.0000 32.0000 439.2629
v 16.0000 32.0000 439.8006
v 24.0000 32.0000 440.6498
v 32.0000 32.0000 417.9190
v 40.0000 32.0000 417.7723
v 48.0000 32.0000 417.4764
v 56.0000 32.0000 411.7772
v 64.0000 32.0000 436.4255
v 72.0000 32.0000 434.3712
v 80.0000 32.0000 432.0646
v 88.0000 32.0000 405.0945
v 96.0000 32.0000 431.6920
v 104.0000 32.0000 433.6907
v 112.0000 32.0000 435.8470
v 120.0000 32.0000 419.7492
v 128.0000 32.0000 410.6338
v 136.0000 32.0000 415.9252
v 144.0000 32.0000 415.8913
v 152.0000 32.0000 416.9017
v 160.0000 32.0000 415.9796
v 168.0000 32.0000 434.9003
v 176.0000 32.0000 424.5378
v 184.0000 32.0000 424.1891
v 192.0000 32.0000 422.2385
v 200.0000 32.0000 425.4041
v 208.0000 32.0000 430.7664
v 216.0000 32.0000 429.1386
v 224.0000 32.0000 425.4678
v 232.0000 32.0000 427.3297
v 240.0000 32.0000 435.9065
v 248.0000 32.0000 434.3744
v 256.0000 32.0000 432.4474
v 264.0000 32.0000 421.9612
v 272.0000 32.0000 418.0574
v 280.0000 32.0000 418.0532
v 288.0000 32.0000 418.2874
v 296.0000 32.0000 416.7804
v 304.0000 32.0000 416.4226
v 312.0000 32.0000 419.9773
v 320.0000 32.0000 422.3502
v 328.0000 32.0000 428.4921
v 336.0000 32.0000 420.9520
v 344.0000 32.0000 414.1541
v 352.0000 32.0000 412.6559
v 360.0000 32.0000 414.9207
v 368.0000 32.0000 418.7670
v 376.0000 32.0000 421.6230
v 384.0000 32.0000 416.2603
v 392.0000 32.0000 413.1604
v 400.0000 32.0000 421.4586
v 408.0000 32.0000 428.4240
v 416.0000 32.0000 426.0500
v 424.0000 32.0000 410.4741
v 432.0000 32.0000 410.0434
v 440.0000 32.0000 409.9053
v 448.0000 32.0000 409.5558
v 456.0000 32.0000 409.2711
v 464.0000 32.0000 408.6555
v 472.0000 32.0000 411.3395
v 480.0000 32.0000 410.5179
v 488.0000 32.0000 414.7426
v 496.0000 32.0000 423.6210
v 504.0000 32.0000 421.7805
v 0.0000 24.0000 435.4195
v 8.0000 24.0000 438.9066
v 16.0000 24.0000 439.4277
v 24.0000 24.0000 441.4605
v 32.0000 24.0000 419.1507
v 40.0000 24.0000 419.8672
v 48.0000 24.0000 419.1159
v 56.0000 24.0000 411.6019
v 64.0000 24.0000 437.8403
v 72.0000 24.0000 435.7031
v 80.0000 24.0000 433.3179
v 88.0000 24.0000 404.1596
v 96.0000 24.0000 431.2951
v 104.0000 24.0000 433.1878
v 112.0000 24.0000 435.4021
v 120.0000 24.0000 437.3439
v 128.0000 24.0000 409.5554
v 136.0000 24.0000 412.9163
v 144.0000 24.0000 415.2688
v 152.0000 24.0000 416.4232
v 160.0000 24.0000 415.9233
v 168.0000 24.0000 425.8821
v 176.0000 24.0000 429.8422
v 184.0000 24.0000 424.0498
v 192.0000 24.0000 423.3397
v 200.0000 24.0000 426.7509
v 208.0000 24.0000 433.3022
v 216.0000 24.0000 433.5050
v 224.0000 24.0000 431.1796
v 232.0000 24.0000 425.9914
v 240.0000 24.0000 429.4158
v 248.0000 24.0000 435.0844
v 256.0000 24.0000 421.3063
v 264.0000 24.0000 419.0125
v 272.0000 24.0000 418.5237
v 280.0000 24.0000 423.0636
v 288.0000 24.0000 424.1055
v 296.0000 24.0000 423.3173
v 304.0000 24.0000 416.0905
v 312.0000 24.0000 417.1146
v 320.0000 24.0000 423.3776
v 328.0000 24.0000 424.6343
v 336.0000 24.0000 426.8503
v 344.0000 24.0000 419.4391
v 352.0000 24.0000 420.7487
v 360.0000 24.0000 421.8164
v 368.0000 24.0000 420.2432
v 376.0000 24.0000 422.9031
v 384.0000 24.0000 423.1139
v 392.0000 24.0000 422.3973
v 400.0000 24.0000 423.4310
v 408.0000 24.0000 409.5122
v 416.0000 24.0000 409.3233
v 424.0000 24.0000 409.6060
v 432.0000 24.0000 409.6933
v 440.0000 24.0000 409.6693
v 448.0000 24.0000 409.4679
v 456.0000 24.0000 409.8686
v 464.0000 24.0000 410.9587
v 472.0000 24.0000 411.7445
v 480.0000 24.0000 409.6263
v 488.0000 24.0000 412.9290
v 496.0000 24.0000 421.9110
v 504.0000 24.0000 421.1241
v 0.0000 16.0000 428.3696
v 8.0000 16.0000 440.6684
v 16.0000 16.0000 439.5815
v 24.0000 16.0000 441.7401
v 32.0000 16.0000 419.1696
v 40.0000 16.0000 422.4921
v 48.0000 16.0000 420.0679
v 56.0000 16.0000 412.1434
v 64.0000 16.0000 438.9139
v 72.0000 16.0000 436.8883
v 80.0000 16.0000 434.2670
v 88.0000 16.0000 403.5479
v 96.0000 16.0000 430.8702
v 104.0000 16.0000 433.0793
v 112.0000 16.0000 435.1535
v 120.0000 16.0000 437.3586
v 128.0000 16.0000 409.4355
v 136.0000 16.0000 412.6267
v 144.0000 16.0000 415.1872
v 152.0000 16.0000 416.4544
v 160.0000 16.0000 416.1449
v 168.0000 16.0000 420.2565
v 176.0000 16.0000 434.6879
v 184.0000 16.0000 430.4018
v 192.0000 16.0000 426.6163
v 200.0000 16.0000 431.3032
v 208.0000 16.0000 433.9764
v 216.0000 16.0000 433.8283
v 224.0000 16.0000 432.2872
v 232.0000 16.0000 425.5396
v 240.0000 16.0000 424.7774
v 248.0000 16.0000 423.2653
v 256.0000 16.0000 422.7289
v 264.0000 16.0000 420.3779
v 272.0000 16.0000 418.2685
v 280.0000 16.0000 418.5019
v 288.0000 16.0000 425.1402
v 296.0000 16.0000 425.4029
v 304.0000 16.0000 417.0772
v 312.0000 16.0000 417.4378
v 320.0000 16.0000 423.5918
v 328.0000 16.0000 426.8412
v 336.0000 16.0000 427.6629
v 344.0000 16.0000 426.1407
v 352.0000 16.0000 424.1311
v 360.0000 16.0000 425.7004
v 368.0000 16.0000 424.5877
v 376.0000 16.0000 422.7620
v 384.0000 16.0000 420.6798
v 392.0000 16.0000 411.9016
v 400.0000 16.0000 408.4359
v 408.0000 16.0000 408.9994
v 416.0000 16.0000 409.3907
v 424.0000 16.0000 409.9140
v 432.0000 16.0000 410.8008
v 440.0000 16.0000 412.3972
v 448.0000 16.0000 409.8920
v 456.0000 16.0000 409.9029
v 464.0000 16.0000 410.9628
v 472.0000 16.0000 410.9393
v 480.0000 16.0000 410.6699
v 488.0000 16.0000 412.1992
v 496.0000 16.0000 419.3856
v 504.0000 16.0000 420.5006
v 0.0000 8.0000 427.8068
v 8.0000 8.0000 440.6548
v 16.0000 8.0000 440.2661
v 24.0000 8.0000 441.9321
v 32.0000 8.0000 419.2094
v 40.0000 8.0000 418.8527
v 48.0000 8.0000 420.0677
v 56.0000 8.0000 412.6302
v 64.0000 8.0000 413.0611
v 72.0000 8.0000 412.0233
v 80.0000 8.0000 411.5260
v 88.0000 8.0000 421.5435
v 96.0000 8.0000 423.4243
v 104.0000 8.0000 432.9689
v 112.0000 8.0000 434.9038
v 120.0000 8.0000 437.3364
v 128.0000 8.0000 409.3900
v 136.0000 8.0000 412.4595
v 144.0000 8.0000 415.1501
v 152.0000 8.0000 416.6912
v 160.0000 8.0000 416.4494
v 168.0000 8.0000 415.3810
v 176.0000 8.0000 419.8541
v 184.0000 8.0000 434.1267
v 192.0000 8.0000 430.5039
v 200.0000 8.0000 433.7658
v 208.0000 8.0000 435.1496
v 216.0000 8.0000 431.0784
v 224.0000 8.0000 418.9198
v 232.0000 8.0000 420.4767
v 240.0000 8.0000 425.9579
v 248.0000 8.0000 419.0730
v 256.0000 8.0000 418.8551
v 264.0000 8.0000 418.4733
v 272.0000 8.0000 418.5476
v 280.0000 8.0000 426.2816
v 288.0000 8.0000 425.2878
v 296.0000 8.0000 426.0621
v 304.0000 8.0000 415.7928
v 312.0000 8.0000 418.4272
v 320.0000 8.0000 418.8094
v 328.0000 8.0000 419.3978
v 336.0000 8.0000 422.2424
v 344.0000 8.0000 425.0841
v 352.0000 8.0000 425.5433
v 360.0000 8.0000 425.7809
v 368.0000 8.0000 425.6535
v 376.0000 8.0000 423.6863
v 384.0000 8.0000 408.0963
v 392.0000 8.0000 407.9428
v 400.0000 8.0000 408.4799
v 408.0000 8.0000 409.1945
v 416.0000 8.0000 410.8339
v 424.0000 8.0000 410.7710
v 432.0000 8.0000 411.5580
v 440.0000 8.0000 412.4008
v 448.0000 8.0000 414.7976
v 456.0000 8.0000 410.2453
v 464.0000 8.0000 412.4025
v 472.0000 8.0000 410.7682
v 480.0000 8.0000 412.5788
v 488.0000 8.0000 411.9552
v 496.0000 8.0000 416.4570
v 504.0000 8.0000 420.9213
v 0.0000 0.0000 427.3923
v 8.0000 0.0000 427.8103
v 16.0000 0.0000 436.3731
v 24.0000 0.0000 438.6783
v 32.0000 0.0000 422.3254
v 40.0000 0.0000 418.3555
v 48.0000 0.0000 418.1602
v 56.0000 0.0000 413.0645
v 64.0000 0.0000 413.5426
v 72.0000 0.0000 431.2449
v 80.0000 0.0000 431.0753
v 88.0000 0.0000 429.5309
v 96.0000 0.0000 423.0512
v 104.0000 0.0000 433.0084
v 112.0000 0.0000 434.6590
v 120.0000 0.0000 437.4378
v 128.0000 0.0000 408.5709
v 136.0000 0.0000 412.4029
v 144.0000 0.0000 415.2086
v 152.0000 0.0000 416.7172
v 160.0000 0.0000 416.6422
v 168.0000 0.0000 415.5687
v 176.0000 0.0000 414.2412
v 184.0000 0.0000 414.2572
v 192.0000 0.0000 415.9464
v 200.0000 0.0000 415.7171
v 208.0000 0.0000 417.1333
v 216.0000 0.0000 417.5233
v 224.0000 0.0000 417.6177
v 232.0000 0.0000 419.0891
v 240.0000 0.0000 418.9820
v 248.0000 0.0000 419.4061
v 256.0000 0.0000 419.5616
v 264.0000 0.0000 419.3664
v 272.0000 0.0000 419.2656
v 280.0000 0.0000 418.6512
v 288.0000 0.0000 417.4317
v 296.0000 0.0000 415.8862
v 304.0000 0.0000 415.0362
v 312.0000 0.0000 414.8993
v 320.0000 0.0000 416.1954
v 328.0000 0.0000 414.3450
v 336.0000 0.0000 417.2361
v 344.0000 0.0000 422.6590
v 352.0000 0.0000 425.4956
v 360.0000 0.0000 425.7937
v 368.0000 0.0000 406.3828
v 376.0000 0.0000 406.7738
v 384.0000 0.0000 407.4547
v 392.0000 0.0000 408.4185
v 400.0000 0.0000 409.3475
v 408.0000 0.0000 412.6942
v 416.0000 0.0000 411.4055
v 424.0000 0.0000 411.1176
v 432.0000 0.0000 411.6997
v 440.0000 0.0000 412.7216
v 448.0000 0.0000 413.8014
v 456.0000 0.0000 411.4164
v 464.0000 0.0000 414.2722
v 472.0000 0.0000 410.7523
v 480.0000 0.0000 412.9043
v 488.0000 0.0000 411.4662
v 496.0000 0.0000 414.6012
v 504.0000 0.0000 420.6308
vt 0.0000 1.0000
vt 0.0159 1.0000
vt 0.0317 1.0000
vt 0.0476 1.0000
vt 0.0635 1.0000
vt 0.0794 1.0000
vt 0.0952 1.0000
vt 0.1111 1.0000
vt 0.1270 1.0000
vt 0.1429 1.0000
vt 0.1587 1.0000
vt 0.1746 1.0000
vt 0.1905 1.0000
vt 0.2063 1.0000
vt 0.2222 1.0000
vt 0.2381 1.0000
vt 0.2540 1.0000
vt 0.2698 1.0000
vt 0.2857 1.0000
vt 0.3016 1.0000
vt 0.3175 1.0000
vt 0.3333 1.0000
vt 0.3492 1.0000
vt 0.3651 1.0000
vt 0.3810 1.0000
vt 0.3968 1.0000
vt 0.4127 1.0000
vt 0.4286 1.0000
vt 0.4444 1.0000
vt 0.4603 1.0000
vt 0.4762 1.0000
vt 0.4921 1.0000
vt 0.5079 1.0000
vt 0.5238 1.0000
vt 0.5397 1.0000
vt 0.5556 1.0000
vt 0.5714 1.0000
vt 0.5873 1.0000
vt 0.6032 1.0000
vt 0.6190 1.0000
vt 0.6349 1.0000
vt 0.6508 1.0000
vt 0.6667 1.0000
vt 0.6825 1.0000
vt 0.6984 1.0000
vt 0.7143 1.0000
vt 0.7302 1.0000
vt 0.7460 1.0000
vt 0.7619 1.0000
vt 0.7778 1.0000
vt 0.7937 1.0000
vt 0.8095 1.0000
vt 0.8254 1.0000
vt 0.8413 1.0000
vt 0.8571 1.0000
vt 0.8730 1.0000
vt 0.8889 1.0000
vt 0.9048 1.0000
vt 0.9206 1.0000
vt 0.9365 1.0000
vt 0.9524 1.0000
vt 0.9683 1.0000
vt 0.9841 1.0000
vt 1.0000 1.0000
vt 0.0000 0.9841
vt 0.0159 0.9841
vt 0.0317 0.9841
vt 0.0476 0.9841
vt 0.0635 0.9841
vt 0.0794 0.9841
vt 0.0952 0.9841
vt 0.1111 0.9841
vt 0.1270 0.9841
vt 0.1429 0.9841
vt 0.1587 0.9841
vt 0.1746 0.9841
vt 0.1905 0.9841
vt 0.2063 0.9841
vt 0.2222 0.9841
vt 0.2381 0.9841
vt 0.2540 0.9841
vt 0.2698 0.9841
vt 0.2857 0.9841
vt 0.3016 0.9841
vt 0.3175 0.9841
vt 0.3333 0.9841
vt 0.3492 0.9841
vt 0.3651 0.9841
vt 0.3810 0.9841
vt 0.3968 0.9841
vt 0.4127 0.9841
vt 0.4286 0.9841
vt 0.4444 0.9841
vt 0.4603 0.9841
vt 0.4762 0.9841
vt 0.4921 0.9841
vt 0.5079 0.9841
vt 0.5238 0.9841
vt 0.5397 0.9841
vt 0.5556 0.9841
vt 0.5714 0.9841
vt 0.5873 0.9841
vt 0.6032 0.9841
vt 0.6190 0.9841
vt 0.6349 0.9841
vt 0.6508 0.9841
vt 0.6667 0.9841
vt 0.6825 0.9841
vt 0.6984 0.9841
vt 0.7143 0.9841
vt 0.7302 0.9841
vt 0.7460 0.9841
vt 0.7619 0.9841
vt 0.7778 0.9841
vt 0.7937 0.9841
vt 0.8095 0.9841
vt 0.8254 0.9841
vt 0.8413 0.9841
vt 0.8571 0.9841
vt 0.8730 0.9841
vt 0.8889 0.9841
vt 0.9048 0.9841
vt 0.9206 0.9841
vt 0.9365 0.9841
vt 0.9524 0.9841
vt 0.9683 0.9841
vt 0.9841 0.9841
vt 1.0000 0.9841
vt 0.0000 0.9683
vt 0.0159 0.9683
vt 0.0317 0.9683
vt 0.0476 0.9683
vt 0.0635 0.9683
vt 0.0794 0.9683
vt 0.0952 0.9683
vt 0.1111 0.9683
vt 0.1270 0.9683
vt 0.1429 0.9683
vt 0.1587 0.9683
vt 0.1746 0.9683
vt 0.1905 0.9683
vt 0.2063 0.9683
vt 0.2222 0.9683
vt 0.2381 0.9683
vt 0.2540 0.9683
vt 0.2698 0.9683
vt 0.2857 0.9683
vt 0.3016 0.9683
vt 0.3175 0.9683
vt 0.3333 0.9683
vt 0.3492 0.9683
vt 0.3651 0.9683
vt 0.3810 0.9683
vt 0.3968 0.9683
vt 0.4127 0.9683
vt 0.4286 0.9683
vt 0.4444 0.9683
vt 0.4603 0.9683
vt 0.4762 0.9683
vt 0.4921 0.9683
vt 0.5079 0.9683
vt 0.5238 0.9683
vt 0.5397 0.9683
vt 0.5556 0.9683
vt 0.5714 0.9683
vt 0.5873 0.9683
vt 0.6032 0.9683
vt 0.6190 0.9683
vt 0.6349 0.9683
vt 0.6508 0.9683
vt 0.6667 0.9683
vt 0.6825 0.9683
vt 0.6984 0.9683
vt 0.7143 0.9683
vt 0.7302 0.9683
vt 0.7460 0.9683
vt 0.7619 0.9683
vt 0.7778 0.9683
vt 0.7937 0.9683
vt 0.8095 0.9683
vt 0.8254 0.9683
vt 0.8413 0.9683
vt 0.8571 0.9683
vt 0.8730 0.9683
vt 0.8889 0.9683
vt 0.9048 0.9683
vt 0.9206 0.9683
vt 0.9365 0.9683
vt 0.9524 0.9683
vt 0.9683 0.9683
vt 0.9841 0.9683
vt 1.0000 0.9683
vt 0.0000 0.9524
vt 0.0159 0.9524
vt 0.0317 0.9524
vt 0.0476 0.9524
vt 0.0635 0.9524
vt 0.0794 0.9524
vt 0.0952 0.9524
vt 0.1111 0.9524
vt 0.1270 0.9524
vt 0.1429 0.9524
vt 0.1587 0.9524
vt 0.1746 0.9524
vt 0.1905 0.9524
vt 0.2063 0.9524
vt 0.2222 0.9524
vt 0.2381 0.9524
vt 0.2540 0.9524
vt 0.2698 0.9524
vt 0.2857 0.9524
vt 0.3016 0.9524
vt 0.3175 0.9524
vt 0.3333 0.9524
vt 0.3492 0.9524
vt 0.3651 0.9524
vt 0.3810 0.9524
vt 0.3968 0.9524
vt 0.4127 0.9524
vt 0.4286 0.9524
vt 0.4444 0.9524
vt 0.4603 0.9524
vt 0.4762 0.9524
vt 0.4921 0.9524
vt 0.5079 0.9524
vt 0.5238 0.9524
vt 0.5397 0.9524
vt 0.5556 0.9524
vt 0.5714 0.9524
vt 0.5873 0.9524
vt 0.6032 0.9524
vt 0.6190 0.9524
vt 0.6349 0.9524
vt 0.6508 0.9524
vt 0.6667 0.9524
vt 0.6825 0.9524
vt 0.6984 0.9524
vt 0.7143 0.9524
vt 0.7302 0.9524
vt 0.7460 0.9524
vt 0.7619 0.9524
vt 0.7778 0.9524
vt 0.7937 0.9524
vt 0.8095 0.9524
vt 0.8254 0.9524
vt 0.8413 0.9524
vt 0.8571 0.9524
vt 0.8730 0.9524
vt 0.8889 0.9524
vt 0.9048 0.9524
vt 0.9206 0.9524
vt 0.9365 0.9524
vt 0.9524 0.9524
vt 0.9683 0.9524
vt 0.9841 0.9524
vt 1.0000 0.9524
vt 0.0000 0.9365
vt 0.0159 0.9365
vt 0.0317 0.9365
vt 0.0476 0.9365
vt 0.0635 0.9365
vt 0.0794 0.9365
vt 0.0952 0.9365
vt 0.1111 0.9365
vt 0.1270 0.9365
vt 0.1429 0.9365
vt 0.1587 0.9365
vt 0.1746 0.9365
vt 0.1905 0.9365
vt 0.2063 0.9365
vt 0.2222 0.9365
vt 0.2381 0.9365
vt 0.2540 0.9365
vt 0.2698 0.9365
vt 0.2857 0.9365
vt 0.3016 0.9365
vt 0.3175 0.9365
vt 0.3333 0.9365
vt 0.3492 0.9365
vt 0.3651 0.9365
vt 0.3810 0.9365
vt 0.3968 0.9365
vt 0.4127 0.9365
vt 0.4286 0.9365
vt 0.4444 0.9365
vt 0.4603 0.9365
vt 0.4762 0.9365
vt 0.4921 0.9365
vt 0.5079 0.9365
vt 0.5238 0.9365
vt 0.5397 0.9365
vt 0.5556 0.9365
vt 0.5714 0.9365
vt 0.5873 0.9365
vt 0.6032 0.9365
vt 0.6190 0.9365
vt 0.6349 0.9365
vt 0.6508 0.9365
vt 0.6667 0.9365
vt 0.6825 0.9365
vt 0.6984 0.9365
vt 0.7143 0.9365
vt 0.7302 0.9365
vt 0.7460 0.9365
vt 0.7619 0.9365
vt 0.7778 0.9365
vt 0.7937 0.9365
vt 0.8095 0.9365
vt 0.8254 0.9365
vt 0.8413 0.9365
vt 0.8571 0.9365
vt 0.8730 0.9365
vt 0.8889 0.9365
vt 0.9048 0.9365
vt 0.9206 0.9365
vt 0.9365 0.9365
vt 0.9524 0.9365
vt 0.9683 0.9365
vt 0.9841 0.9365
vt 1.0000 0.9365
vt 0.0000 0.9206
vt 0.0159 0.9206
vt 0.0317 0.9206
vt 0.0476 0.9206
vt 0.0635 0.9206
vt 0.0794 0.9206
vt 0.0952 0.9206
vt 0.1111 0.9206
vt 0.1270 0.9206
vt 0.1429 0.9206
vt 0.1587 0.9206
vt 0.1746 0.9206
vt 0.1905 0.9206
vt 0.2063 0.9206
vt 0.2222 0.9206
vt 0.2381 0.9206
vt 0.2540 0.9206
vt 0.2698 0.9206
vt 0.2857 0.9206
vt 0.3016 0.9206
vt 0.3175 0.9206
vt 0.3333 0.9206
vt 0.3492 0.9206
vt 0.3651 0.9206
vt 0.3810 0.9206
vt 0.3968 0.9206
vt 0.4127 0.9206
vt 0.4286 0.9206
vt 0.4444 0.9206
vt 0.4603 0.9206
vt 0.4762 0.9206
vt 0.4921 0.9206
vt 0.5079 0.9206
vt 0.5238 0.9206
vt 0.5397 0.9206
vt 0.5556 0.9206
vt 0.5714 0.9206
vt 0.5873 0.9206
vt 0.6032 0.9206
vt 0.6190 0.9206
vt 0.6349 0.9206
vt 0.6508 0.9206
vt 0.6667 0.9206
vt 0.6825 0.9206
vt 0.6984 0.9206
vt 0.7143 0.9206
vt 0.7302 0.9206
vt 0.7460 0.9206
vt 0.7619 0.9206
vt 0.7778 0.9206
vt 0.7937 0.9206
vt 0.8095 0.9206
vt 0.8254 0.9206
vt 0.8413 0.9206
vt 0.8571 0.9206
vt 0.8730 0.9206
vt 0.8889 0.9206
vt 0.9048 0.9206
vt 0.9206 0.9206
vt 0.9365 0.9206
vt 0.9524 0.9206
vt 0.9683 0.9206
vt 0.9841 0.9206
vt 1.0000 0.9206
vt 0.0000 0.9048
vt 0.0159 0.9048
vt 0.0317 0.9048
vt 0.0476 0.9048
vt 0.0635 0.9048
vt 0.0794 0.9048
vt 0.0952 0.9048
vt 0.1111 0.9048
vt 0.1270 0.9048
vt 0.1429 0.9048
vt 0.1587 0.9048
vt 0.1746 0.9048
vt 0.1905 0.9048
vt 0.2063 0.9048
vt 0.2222 0.9048
vt 0.2381 0.9048
vt 0.2540 0.9048
vt 0.2698 0.9048
vt 0.2857 0.9048
vt 0.3016 0.9048
vt 0.3175 0.9048
vt 0.3333 0.9048
vt 0.3492 0.9048
vt 0.3651 0.9048
vt 0.3810 0.9048
vt 0.3968 0.9048
vt 0.4127 0.9048
vt 0.4286 0.9048
vt 0.4444 0.9048
vt 0.4603 0.9048
vt 0.4762 0.9048
vt 0.4921 0.9048
vt 0.5079 0.9048
vt 0.5238 0.9048
vt 0.5397 0.9048
vt 0.5556 0.9048
vt 0.5714 0.9048
vt 0.5873 0.9048
vt 0.6032 0.9048
vt 0.6190 0.9048
vt 0.6349 0.9048
vt 0.6508 0.9048
vt 0.6667 0.9048
vt 0.6825 0.9048
vt 0.6984 0.9048
vt 0.7143 0.9048
vt 0.7302 0.9048
vt 0.7460 0.9048
vt 0.7619 0.9048
vt 0.7778 0.9048
vt 0.7937 0.9048
vt 0.8095 0.9048
vt 0.8254 0.9048
vt 0.8413 0.9048
vt 0.8571 0.9048
vt 0.8730 0.9048
vt 0.8889 0.9048
vt 0.9048 0.9048
vt 0.9206 0.9048
vt 0.9365 0.9048
vt 0.9524 0.9048
vt 0.9683 0.9048
vt 0.9841 0.9048
vt 1.0000 0.9048
vt 0.0000 0.8889
vt 0.0159 0.8889
vt 0.0317 0.8889
vt 0.0476 0.8889
vt 0.0635 0.8889
vt 0.0794 0.8889
vt 0.0952 0.8889
vt 0.1111 0.8889
vt 0.1270 0.8889
vt 0.1429 0.8889
vt 0.1587 0.8889
vt 0.1746 0.8889
vt 0.1905 0.8889
vt 0.2063 0.8889
vt 0.2222 0.8889
vt 0.2381 0.8889
vt 0.2540 0.8889
vt 0.2698 0.8889
vt 0.2857 0.8889
vt 0.3016 0.8889
vt 0.3175 0.8889
vt 0.3333 0.8889
vt 0.3492 0.8889
vt 0.3651 0.8889
vt 0.3810 0.8889
vt 0.3968 0.8889
vt 0.4127 0.8889
vt 0.4286 0.8889
vt 0.4444 0.8889
vt 0.4603 0.8889
vt 0.4762 0.8889
vt 0.4921 0.8889
vt 0.5079 0.8889
vt 0.5238 0.8889
vt 0.5397 0.8889
vt 0.5556 0.8889
vt 0.5714 0.8889
vt 0.5873 0.8889
vt 0.6032 0.8889
vt 0.6190 0.8889
vt 0.6349 0.8889
vt 0.6508 0.8889
vt 0.6667 0.8889
vt 0.6825 0.8889
vt 0.6984 0.8889
vt 0.7143 0.8889
vt 0.7302 0.8889
vt 0.7460 0.8889
vt 0.7619 0.8889
vt 0.7778 0.8889
vt 0.7937 0.8889
vt 0.8095 0.8889
vt 0.8254 0.8889
vt 0.8413 0.8889
vt 0.8571 0.8889
vt 0.8730 0.8889
vt 0.8889 0.8889
vt 0.9048 0.8889
vt 0.9206 0.8889
vt 0.9365 0.8889
vt 0.9524 0.8889
vt 0.9683 0.8889
vt 0.9841 0.8889
vt 1.0000 0.8889
vt 0.0000 0.8730
vt 0.0159 0.8730
vt 0.0317 0.8730
vt 0.0476 0.8730
vt 0.0635 0.8730
vt 0.0794 0.8730
vt 0.0952 0.8730
vt 0.1111 0.8730
vt 0.1270 0.8730
vt 0.1429 0.8730
vt 0.1587 0.8730
vt 0.1746 0.8730
vt 0.1905 0.8730
vt 0.2063 0.8730
vt 0.2222 0.8730
vt 0.2381 0.8730
vt 0.2540 0.8730
vt 0.2698 0.8730
vt 0.2857 0.8730
vt 0.3016 0.8730
vt 0.3175 0.8730
vt 0.3333 0.8730
vt 0.3492 0.8730
vt 0.3651 0.8730
vt 0.3810 0.8730
vt 0.3968 0.8730
vt 0.4127 0.8730
vt 0.4286 0.8730
vt 0.4444 0.8730
vt 0.4603 0.8730
vt 0.4762 0.8730
vt 0.4921 0.8730
vt 0.5079 0.8730
vt 0.5238 0.8730
vt 0.5397 0.8730
vt 0.5556 0.8730
vt 0.5714 0.8730
vt 0.5873 0.8730
vt 0.6032 0.8730
vt 0.6190 0.8730
vt 0.6349 0.8730
vt 0.6508 0.8730
vt 0.6667 0.8730
vt 0.6825 0.8730
vt 0.6984 0.8730
vt 0.7143 0.8730
vt 0.7302 0.8730
vt 0.7460 0.8730
vt 0.7619 0.8730
vt 0.7778 0.8730
vt 0.7937 0.8730
vt 0.8095 0.8730
vt 0.8254 0.8730
vt 0.8413 0.8730
vt 0.8571 0.8730
vt 0.8730 0.8730
vt 0.8889 0.8730
vt 0.9048 0.8730
vt 0.9206 0.8730
vt 0.9365 0.8730
vt 0.9524 0.8730
vt 0.9683 0.8730
vt 0.9841 0.8730
vt 1.0000 0.8730
vt 0.0000 0.8571
vt 0.0159 0.8571
vt 0.0317 0.8571
vt 0.0476 0.8571
vt 0.0635 0.8571
vt 0.0794 0.8571
vt 0.0952 0.8571
vt 0.1111 0.8571
vt 0.1270 0.8571
vt 0.1429 0.8571
vt 0.1587 0.8571
vt 0.1746 0.8571
vt 0.1905 0.8571
vt 0.2063 0.8571
vt 0.2222 0.8571
vt 0.2381 0.8571
vt 0.2540 0.8571
vt 0.2698 0.8571
vt 0.2857 0.8571
vt 0.3016 0.8571
vt 0.3175 0.8571
vt 0.3333 0.8571
vt 0.3492 0.8571
vt 0.3651 0.8571
vt 0.3810 0.8571
vt 0.3968 0.8571
vt 0.4127 0.8571
vt 0.4286 0.8571
vt 0.4444 0.8571
vt 0.4603 0.8571
vt 0.4762 0.8571
vt 0.4921 0.8571
vt 0.5079 0.8571
vt 0.5238 0.8571
vt 0.5397 0.8571
vt 0.5556 0.8571
vt 0.5714 0.8571
vt 0.5873 0.8571
vt 0.6032 0.8571
vt 0.6190 0.8571
vt 0.6349 0.8571
vt 0.6508 0.8571
vt 0.6667 0.8571
vt 0.6825 0.8571
vt 0.6984 0.8571
vt 0.7143 0.8571
vt 0.7302 0.8571
vt 0.7460 0.8571
vt 0.7619 0.8571
vt 0.7778 0.8571
vt 0.7937 0.8571
vt 0.8095 0.8571
vt 0.8254 0.8571
vt 0.8413 0.8571
vt 0.8571 0.8571
vt 0.8730 0.8571
vt 0.8889 0.8571
vt 0.9048 0.8571
vt 0.9206 0.8571
vt 0.9365 0.8571
vt 0.9524 0.8571
vt 0.9683 0.8571
vt 0.9841 0.8571
vt 1.0000 0.8571
vt 0.0000 0.8413
vt 0.0159 0.8413
vt 0.0317 0.8413
vt 0.0476 0.8413
vt 0.0635 0.8413
vt 0.0794 0.8413
vt 0.0952 0.8413
vt 0.1111 0.8413
vt 0.1270 0.8413
vt 0.1429 0.8413
vt 0.1587 0.8413
vt 0.1746 0.8413
vt 0.1905 0.8413
vt 0.2063 0.8413
vt 0.2222 0.8413
vt 0.2381 0.8413
vt 0.2540 0.8413
vt 0.2698 0.8413
vt 0.2857 0.8413
vt 0.3016 0.8413
vt 0.3175 0.8413
vt 0.3333 0.8413
vt 0.3492 0.8413
vt 0.3651 0.8413
vt 0.3810 0.8413
vt 0.3968 0.8413
vt 0.4127 0.8413
vt 0.4286 0.8413
vt 0.4444 0.8413
vt 0.4603 0.8413
vt 0.4762 0.8413
vt 0.4921 0.8413
vt 0.5079 0.8413
vt 0.5238 0.8413
vt 0.5397 0.8413
vt 0.5556 0.8413
vt 0.5714 0.8413
vt 0.5873 0.8413
vt 0.6032 0.8413
vt 0.6190 0.8413
vt 0.6349 0.8413
vt 0.6508 0.8413
vt 0.6667 0.8413
vt 0.6825 0.8413
vt 0.6984 0.8413
vt 0.7143 0.8413
vt 0.7302 0.8413
vt 0.7460 0.8413
vt 0.7619 0.8413
vt 0.7778 0.8413
vt 0.7937 0.8413
vt 0.8095 0.8413
vt 0.8254 0.8413
vt 0.8413 0.8413
vt 0.8571 0.8413
vt 0.8730 0.8413
vt 0.8889 0.8413
vt 0.9048 0.8413
vt 0.9206 0.8413
vt 0.9365 0.8413
vt 0.9524 0.8413
vt 0.9683 0.8413
vt 0.9841 0.8413
vt 1.0000 0.8413
vt 0.0000 0.8254
vt 0.0159 0.8254
vt 0.0317 0.8254
vt 0.0476 0.8254
vt 0.0635 0.8254
vt 0.0794 0.8254
vt 0.0952 0.8254
vt 0.1111 0.8254
vt 0.1270 0.8254
vt 0.1429 0.8254
vt 0.1587 0.8254
vt 0.1746 0.8254
vt 0.1905 0.8254
vt 0.2063 0.8254
vt 0.2222 0.8254
vt 0.2381 0.8254
vt 0.2540 0.8254
vt 0.2698 0.8254
vt 0.2857 0.8254
vt 0.3016 0.8254
vt 0.3175 0.8254
vt 0.3333 0.8254
vt 0.3492 0.8254
vt 0.3651 0.8254
vt 0.3810 0.8254
vt 0.3968 0.8254
vt 0.4127 0.8254
vt 0.4286 0.8254
vt 0.4444 0.8254
vt 0.4603 0.8254
vt 0.4762 0.8254
vt 0.4921 0.8254
vt 0.5079 0.8254
vt 0.5238 0.8254
vt 0.5397 0.8254
vt 0.5556 0.8254
vt 0.5714 0.8254
vt 0.5873 0.8254
vt 0.6032 0.8254
vt 0.6190 0.8254
vt 0.6349 0.8254
vt 0.6508 0.8254
vt 0.6667 0.8254
vt 0.6825 0.8254
vt 0.6984 0.8254
vt 0.7143 0.8254
vt 0.7302 0.8254
vt 0.7460 0.8254
vt 0.7619 0.8254
vt 0.7778 0.8254
vt 0.7937 0.8254
vt 0.8095 0.8254
vt 0.8254 0.8254
vt 0.8413 0.8254
vt 0.8571 0.8254
vt 0.8730 0.8254
vt 0.8889 0.8254
vt 0.9048 0.8254
vt 0.9206 0.8254
vt 0.9365 0.8254
vt 0.9524 0.8254
vt 0.9683 0.8254
vt 0.9841 0.8254
vt 1.0000 0.8254
vt 0.0000 0.8095
vt 0.0159 0.8095
vt 0.0317 0.8095
vt 0.0476 0.8095
vt 0.0635 0.8095
vt 0.0794 0.8095
vt 0.0952 0.8095
vt 0.1111 0.8095
vt 0.1270 0.8095
vt 0.1429 0.8095
vt 0.1587 0.8095
vt 0.1746 0.8095
vt 0.1905 0.8095
vt 0.2063 0.8095
vt 0.2222 0.8095
vt 0.2381 0.8095
vt 0.2540 0.8095
vt 0.2698 0.8095
vt 0.2857 0.8095
vt 0.3016 0.8095
vt 0.3175 0.8095
vt 0.3333 0.8095
vt 0.3492 0.8095
vt 0.3651 0.8095
vt 0.3810 0.8095
vt 0.3968 0.8095
vt 0.4127 0.8095
vt 0.4286 0.8095
vt 0.4444 0.8095
vt 0.4603 0.8095
vt 0.4762 0.8095
vt 0.4921 0.8095
vt 0.5079 0.8095
vt 0.5238 0.8095
vt 0.5397 0.8095
vt 0.5556 0.8095
vt 0.5714 0.8095
vt 0.5873 0.8095
vt 0.6032 0.8095
vt 0.6190 0.8095
vt 0.6349 0.8095
vt 0.6508 0.8095
vt 0.6667 0.8095
vt 0.6825 0.8095
vt 0.6984 0.8095
vt 0.7143 0.8095
vt 0.7302 0.8095
vt 0.7460 0.8095
vt 0.7619 0.8095
vt 0.7778 0.8095
vt 0.7937 0.8095
vt 0.8095 0.8095
vt 0.8254 0.8095
vt 0.8413 0.8095
vt 0.8571 0.8095
vt 0.8730 0.8095
vt 0.8889 0.8095
vt 0.9048 0.8095
vt 0.9206 0.8095
vt 0.9365 0.8095
vt 0.9524 0.8095
vt 0.9683 0.8095
vt 0.9841 0.8095
vt 1.0000 0.8095
vt 0.0000 0.7937
vt 0.0159 0.7937
vt 0.0317 0.7937
vt 0.0476 0.7937
vt 0.0635 0.7937
vt 0.0794 0.7937
vt 0.0952 0.7937
vt 0.1111 0.7937
vt 0.1270 0.7937
vt 0.1429 0.7937
vt 0.1587 0.7937
vt 0.1746 0.7937
vt 0.1905 0.7937
vt 0.2063 0.7937
vt 0.2222 0.7937
vt 0.2381 0.7937
vt 0.2540 0.7937
vt 0.2698 0.7937
vt 0.2857 0.7937
vt 0.3016 0.7937
vt 0.3175 0.7937
vt 0.3333 0.7937
vt 0.3492 0.7937
vt 0.3651 0.7937
vt 0.3810 0.7937
vt 0.3968 0.7937
vt 0.4127 0.7937
vt 0.4286 0.7937
vt 0.4444 0.7937
vt 0.4603 0.7937
vt 0.4762 0.7937
vt 0.4921 0.7937
vt 0.5079 0.7937
vt 0.5238 0.7937
vt 0.5397 0.7937
vt 0.5556 0.7937
vt 0.5714 0.7937
vt 0.5873 0.7937
vt 0.6032 0.7937
vt 0.6190 0.7937
vt 0.6349 0.7937
vt 0.6508 0.7937
vt 0.6667 0.7937
vt 0.6825 0.7937
vt 0.6984 0.7937
vt 0.7143 0.7937
vt 0.7302 0.7937
vt 0.7460 0.7937
vt 0.7619 0.7937
vt 0.7778 0.7937
vt 0.7937 0.7937
vt 0.8095 0.7937
vt 0.8254 0.7937
vt 0.8413 0.7937
vt 0.8571 0.7937
vt 0.8730 0.7937
vt 0.8889 0.7937
vt 0.9048 0.7937
vt 0.9206 0.7937
vt 0.9365 0.7937
vt 0.9524 0.7937
vt 0.9683 0.7937
vt 0.9841 0.7937
vt 1.0000 0.7937
vt 0.0000 0.7778
vt 0.0159 0.7778
vt 0.0317 0.7778
vt 0.0476 0.7778
vt 0.0635 0.7778
vt 0.0794 0.7778
vt 0.0952 0.7778
vt 0.1111 0.7778
vt 0.1270 0.7778
vt 0.1429 0.7778
vt 0.1587 0.7778
vt 0.1746 0.7778
vt 0.1905 0.7778
vt 0.2063 0.7778
vt 0.2222 0.7778
vt 0.2381 0.7778
vt 0.2540 0.7778
vt 0.2698 0.7778
vt 0.2857 0.7778
vt 0.3016 0.7778
vt 0.3175 0.7778
vt 0.3333 0.7778
vt 0.3492 0.7778
vt 0.3651 0.7778
vt 0.3810 0.7778
vt 0.3968 0.7778
vt 0.4127 0.7778
vt 0.4286 0.7778
vt 0.4444 0.7778
vt 0.4603 0.7778
vt 0.4762 0.7778
vt 0.4921 0.7778
vt 0.5079 0.7778
vt 0.5238 0.7778
vt 0.5397 0.7778
vt 0.5556 0.7778
vt 0.5714 0.7778
vt 0.5873 0.7778
vt 0.6032 0.7778
vt 0.6190 0.7778
vt 0.6349 0.7778
vt 0.6508 0.7778
vt 0.6667 0.7778
vt 0.6825 0.7778
vt 0.6984 0.7778
vt 0.7143 0.7778
vt 0.7302 0.7778
vt 0.7460 0.7778
vt 0.7619 0.7778
vt 0.7778 0.7778
vt 0.7937 0.7778
vt 0.8095 0.7778
vt 0.8254 0.7778
vt 0.8413 0.7778
vt 0.8571 0.7778
vt 0.8730 0.7778
vt 0.8889 0.7778
vt 0.9048 0.7778
vt 0.9206 0.7778
vt 0.9365 0.7778
vt 0.9524 0.7778
vt 0.9683 0.7778
vt 0.9841 0.7778
vt 1.0000 0.7778
vt 0.0000 0.7619
vt 0.0159 0.7619
vt 0.0317 0.7619
vt 0.0476 0.7619
vt 0.0635 0.7619
vt 0.0794 0.7619
vt 0.0952 0.7619
vt 0.1111 0.7619
vt 0.1270 0.7619
vt 0.1429 0.7619
vt 0.1587 0.7619
vt 0.1746 0.7619
vt 0.1905 0.7619
vt 0.2063 0.7619
vt 0.2222 0.7619
vt 0.2381 0.7619
vt 0.2540 0.7619
vt 0.2698 0.7619
vt 0.2857 0.7619
vt 0.3016 0.7619
vt 0.3175 0.7619
vt 0.3333 0.7619
vt 0.3492 0.7619
vt 0.3651 0.7619
vt 0.3810 0.7619
vt 0.3968 0.7619
vt 0.4127 0.7619
vt 0.4286 0.7619
vt 0.4444 0.7619
vt 0.4603 0.7619
vt 0.4762 0.7619
vt 0.4921 0.7619
vt 0.5079 0.7619
vt 0.5238 0.7619
vt 0.5397 0.7619
vt 0.5556 0.7619
vt 0.5714 0.7619
vt 0.5873 0.7619
vt 0.6032 0.7619
vt 0.6190 0.7619
vt 0.6349 0.7619
vt 0.6508 0.7619
vt 0.6667 0.7619
vt 0.6825 0.7619
vt 0.6984 0.7619
vt 0.7143 0.7619
vt 0.7302 0.7619
vt 0.7460 0.7619
vt 0.7619 0.7619
vt 0.7778 0.7619
vt 0.7937 0.7619
vt 0.8095 0.7619
vt 0.8254 0.7619
vt 0.8413 0.7619
vt 0.8571 0.7619
vt 0.8730 0.7619
vt 0.8889 0.7619
vt 0.9048 0.7619
vt 0.9206 0.7619
vt 0.9365 0.7619
vt 0.9524 0.7619
vt 0.9683 0.7619
vt 0.9841 0.7619
vt 1.0000 0.7619
vt 0.0000 0.7460
vt 0.0159 0.7460
vt 0.0317 0.7460
vt 0.0476 0.7460
vt 0.0635 0.7460
vt 0.0794 0.7460
vt 0.0952 0.7460
vt 0.1111 0.7460
vt 0.1270 0.7460
vt 0.1429 0.7460
vt 0.1587 0.7460
vt 0.1746 0.7460
vt 0.1905 0.7460
vt 0.2063 0.7460
vt 0.2222 0.7460
vt 0.2381 0.7460
vt 0.2540 0.7460
vt 0.2698 0.7460
vt 0.2857 0.7460
vt 0.3016 0.7460
vt 0.3175 0.7460
vt 0.3333 0.7460
vt 0.3492 0.7460
vt 0.3651 0.7460
vt 0.3810 0.7460
vt 0.3968 0.7460
vt 0.4127 0.7460
vt 0.4286 0.7460
vt 0.4444 0.7460
vt 0.4603 0.7460
vt 0.4762 0.7460
vt 0.4921 0.7460
vt 0.5079 0.7460
vt 0.5238 0.7460
vt 0.5397 0.7460
vt 0.5556 0.7460
vt 0.5714 0.7460
vt 0.5873 0.7460
vt 0.6032 0.7460
vt 0.6190 0.7460
vt 0.6349 0.7460
vt 0.6508 0.7460
vt 0.6667 0.7460
vt 0.6825 0.7460
vt 0.6984 0.7460
vt 0.7143 0.7460
vt 0.7302 0.7460
vt 0.7460 0.7460
vt 0.7619 0.7460
vt 0.7778 0.7460
vt 0.7937 0.7460
vt 0.8095 0.7460
vt 0.8254 0.7460
vt 0.8413 0.7460
vt 0.8571 0.7460
vt 0.8730 0.7460
vt 0.8889 0.7460
vt 0.9048 0.7460
vt 0.9206 0.7460
vt 0.9365 0.7460
vt 0.9524 0.7460
vt 0.9683 0.7460
vt 0.9841 0.7460
vt 1.0000 0.7460
vt 0.0000 0.7302
vt 0.0159 0.7302
vt 0.0317 0.7302
vt 0.0476 0.7302
vt 0.0635 0.7302
vt 0.0794 0.7302
vt 0.0952 0.7302
vt 0.1111 0.7302
vt 0.1270 0.7302
vt 0.1429 0.7302
vt 0.1587 0.7302
vt 0.1746 0.7302
vt 0.1905 0.7302
vt 0.2063 0.7302
vt 0.2222 0.7302
vt 0.2381 0.7302
vt 0.2540 0.7302
vt 0.2698 0.7302
vt 0.2857 0.7302
vt 0.3016 0.7302
vt 0.3175 0.7302
vt 0.3333 0.7302
vt 0.3492 0.7302
vt 0.3651 0.7302
vt 0.3810 0.7302
vt 0.3968 0.7302
vt 0.4127 0.7302
vt 0.4286 0.7302
vt 0.4444 0.7302
vt 0.4603 0.7302
vt 0.4762 0.7302
vt 0.4921 0.7302
vt 0.5079 0.7302
vt 0.5238 0.7302
vt 0.5397 0.7302
vt 0.5556 0.7302
vt 0.5714 0.7302
vt 0.5873 0.7302
vt 0.6032 0.7302
vt 0.6190 0.7302
vt 0.6349 0.7302
vt 0.6508 0.7302
vt 0.6667 0.7302
vt 0.6825 0.7302
vt 0.6984 0.7302
vt 0.7143 0.7302
vt 0.7302 0.7302
vt 0.7460 0.7302
vt 0.7619 0.7302
vt 0.7778 0.7302
vt 0.7937 0.7302
vt 0.8095 0.7302
vt 0.8254 0.7302
vt 0.8413 0.7302
vt 0.8571 0.7302
vt 0.8730 0.7302
vt 0.8889 0.7302
vt 0.9048 0.7302
vt 0.9206 0.7302
vt 0.9365 0.7302
vt 0.9524 0.7302
vt 0.9683 0.7302
vt 0.9841 0.7302
vt 1.0000 0.7302
vt 0.0000 0.7143
vt 0.0159 0.7143
vt 0.0317 0.7143
vt 0.0476 0.7143
vt 0.0635 0.7143
vt 0.0794 0.7143
vt 0.0952 0.7143
vt 0.1111 0.7143
vt 0.1270 0.7143
vt 0.1429 0.7143
vt 0.1587 0.7143
vt 0.1746 0.7143
vt 0.1905 0.7143
vt 0.2063 0.7143
vt 0.2222 0.7143
vt 0.2381 0.7143
vt 0.2540 0.7143
vt 0.2698 0.7143
vt 0.2857 0.7143
vt 0.3016 0.7143
vt 0.3175 0.7143
vt 0.3333 0.7143
vt 0.3492 0.7143
vt 0.3651 0.7143
vt 0.3810 0.7143
vt 0.3968 0.7143
vt 0.4127 0.7143
vt 0.4286 0.7143
vt 0.4444 0.7143
vt 0.4603 0.7143
vt 0.4762 0.7143
vt 0.4921 0.7143
vt 0.5079 0.7143
vt 0.5238 0.7143
vt 0.5397 0.7143
vt 0.5556 0.7143
vt 0.5714 0.7143
vt 0.5873 0.7143
vt 0.6032 0.7143
vt 0.6190 0.7143
vt 0.6349 0.7143
vt 0.6508 0.7143
vt 0.6667 0.7143
vt 0.6825 0.7143
vt 0.6984 0.7143
vt 0.7143 0.7143
vt 0.7302 0.7143
vt 0.7460 0.7143
vt 0.7619 0.7143
vt 0.7778 0.7143
vt 0.7937 0.7143
vt 0.8095 0.7143
vt 0.8254 0.7143
vt 0.8413 0.7143
vt 0.8571 0.7143
vt 0.8730 0.7143
vt 0.8889 0.7143
vt 0.9048 0.7143
vt 0.9206 0.7143
vt 0.9365 0.7143
vt 0.9524 0.7143
vt 0.9683 0.7143
vt 0.9841 0.7143
vt 1.0000 0.7143
vt 0.0000 0.6984
vt 0.0159 0.6984
vt 0.0317 0.6984
vt 0.0476 0.6984
vt 0.0635 0.6984
vt 0.0794 0.6984
vt 0.0952 0.6984
vt 0.1111 0.6984
vt 0.1270 0.6984
vt 0.1429 0.6984
vt 0.1587 0.6984
vt 0.1746 0.6984
vt 0.1905 0.6984
vt 0.2063 0.6984
vt 0.2222 0.6984
vt 0.2381 0.6984
vt 0.2540 0.6984
vt 0.2698 0.6984
vt 0.2857 0.6984
vt 0.3016 0.6984
vt 0.3175 0.6984
vt 0.3333 0.6984
vt 0.3492 0.6984
vt 0.3651 0.6984
vt 0.3810 0.6984
vt 0.3968 0.6984
vt 0.4127 0.6984
vt 0.4286 0.6984
vt 0.4444 0.6984
vt 0.4603 0.6984
vt 0.4762 0.6984
vt 0.4921 0.6984
vt 0.5079 0.6984
vt 0.5238 0.6984
vt 0.5397 0.6984
vt 0.5556 0.6984
vt 0.5714 0.6984
vt 0.5873 0.6984
vt 0.6032 0.6984
vt 0.6190 0.6984
vt 0.6349 0.6984
vt 0.6508 0.6984
vt 0.6667 0.6984
vt 0.6825 0.6984
vt 0.6984 0.6984
vt 0.7143 0.6984
vt 0.7302 0.6984
vt 0.7460 0.6984
vt 0.7619 0.6984
vt 0.7778 0.6984
vt 0.7937 0.6984
vt 0.8095 0.6984
vt 0.8254 0.6984
vt 0.8413 0.6984
vt 0.8571 0.6984
vt 0.8730 0.6984
vt 0.8889 0.6984
vt 0.9048 0.6984
vt 0.9206 0.6984
vt 0.9365 0.6984
vt 0.9524 0.6984
vt 0.9683 0.6984
vt 0.9841 0.6984
vt 1.0000 0.6984
vt 0.0000 0.6825
vt 0.0159 0.6825
vt 0.0317 0.6825
vt 0.0476 0.6825
vt 0.0635 0.6825
vt 0.0794 0.6825
vt 0.0952 0.6825
vt 0.1111 0.6825
vt 0.1270 0.6825
vt 0.1429 0.6825
vt 0.1587 0.6825
vt 0.1746 0.6825
vt 0.1905 0.6825
vt 0.2063 0.6825
vt 0.2222 0.6825
vt 0.2381 0.6825
vt 0.2540 0.6825
vt 0.2698 0.6825
vt 0.2857 0.6825
vt 0.3016 0.6825
vt 0.3175 0.6825
vt 0.3333 0.6825
vt 0.3492 0.6825
vt 0.3651 0.6825
vt 0.3810 0.6825
vt 0.3968 0.6825
vt 0.4127 0.6825
vt 0.4286 0.6825
vt 0.4444 0.6825
vt 0.4603 0.6825
vt 0.4762 0.6825
vt 0.4921 0.6825
vt 0.5079 0.6825
vt 0.5238 0.6825
vt 0.5397 0.6825
vt 0.5556 0.6825
vt 0.5714 0.6825
vt 0.5873 0.6825
vt 0.6032 0.6825
vt 0.6190 0.6825
vt 0.6349 0.6825
vt 0.6508 0.6825
vt 0.6667 0.6825
vt 0.6825 0.6825
vt 0.6984 0.6825
vt 0.7143 0.6825
vt 0.7302 0.6825
vt 0.7460 0.6825
vt 0.7619 0.6825
vt 0.7778 0.6825
vt 0.7937 0.6825
vt 0.8095 0.6825
vt 0.8254 0.6825
vt 0.8413 0.6825
vt 0.8571 0.6825
vt 0.8730 0.6825
vt 0.8889 0.6825
vt 0.9048 0.6825
vt 0.9206 0.6825
vt 0.9365 0.6825
vt 0.9524 0.6825
vt 0.9683 0.6825
vt 0.9841 0.6825
vt 1.0000 0.6825
vt 0.0000 0.6667
vt 0.0159 0.6667
vt 0.0317 0.6667
vt 0.0476 0.6667
vt 0.0635 0.6667
vt 0.0794 0.6667
vt 0.0952 0.6667
vt 0.1111 0.6667
vt 0.1270 0.6667
vt 0.1429 0.6667
vt 0.1587 0.6667
vt 0.1746 0.6667
vt 0.1905 0.6667
vt 0.2063 0.6667
vt 0.2222 0.6667
vt 0.2381 0.6667
vt 0.2540 0.6667
vt 0.2698 0.6667
vt 0.2857 0.6667
vt 0.3016 0.6667
vt 0.3175 0.6667
vt 0.3333 0.6667
vt 0.3492 0.6667
vt 0.3651 0.6667
vt 0.3810 0.6667
vt 0.3968 0.6667
vt 0.4127 0.6667
vt 0.4286 0.6667
vt 0.4444 0.6667
vt 0.4603 0.6667
vt 0.4762 0.6667
vt 0.4921 0.6667
vt 0.5079 0.6667
vt 0.5238 0.6667
vt 0.5397 0.6667
vt 0.5556 0.6667
vt 0.5714 0.6667
vt 0.5873 0.6667
vt 0.6032 0.6667
vt 0.6190 0.6667
vt 0.6349 0.6667
vt 0.6508 0.6667
vt 0.6667 0.6667
vt 0.6825 0.6667
vt 0.6984 0.6667
vt 0.7143 0.6667
vt 0.7302 0.6667
vt 0.7460 0.6667
vt 0.7619 0.6667
vt 0.7778 0.6667
vt 0.7937 0.6667
vt 0.8095 0.6667
vt 0.8254 0.6667
vt 0.8413 0.6667
vt 0.8571 0.6667
vt 0.8730 0.6667
vt 0.8889 0.6667
vt 0.9048 0.6667
vt 0.9206 0.6667
vt 0.9365 0.6667
vt 0.9524 0.6667
vt 0.9683 0.6667
vt 0.9841 0.6667
vt 1.0000 0.6667
vt 0.0000 0.6508
vt 0.0159 0.6508
vt 0.0317 0.6508
vt 0.0476 0.6508
vt 0.0635 0.6508
vt 0.0794 0.6508
vt 0.0952 0.6508
vt 0.1111 0.6508
vt 0.1270 0.6508
vt 0.1429 0.6508
vt 0.1587 0.6508
vt 0.1746 0.6508
vt 0.1905 0.6508
vt 0.2063 0.6508
vt 0.2222 0.6508
vt 0.2381 0.6508
vt 0.2540 0.6508
vt 0.2698 0.6508
vt 0.2857 0.6508
vt 0.3016 0.6508
vt 0.3175 0.6508
vt 0.3333 0.6508
vt 0.3492 0.6508
vt 0.3651 0.6508
vt 0.3810 0.6508
vt 0.3968 0.6508
vt 0.4127 0.6508
vt 0.4286 0.6508
vt 0.4444 0.6508
vt 0.4603 0.6508
vt 0.4762 0.6508
vt 0.4921 0.6508
vt 0.5079 0.6508
vt 0.5238 0.6508
vt 0.5397 0.6508
vt 0.5556 0.6508
vt 0.5714 0.6508
vt 0.5873 0.6508
vt 0.6032 0.6508
vt 0.6190 0.6508
vt 0.6349 0.6508
vt 0.6508 0.6508
vt 0.6667 0.6508
vt 0.6825 0.6508
vt 0.6984 0.6508
vt 0.7143 0.6508
vt 0.7302 0.6508
vt 0.7460 0.6508
vt 0.7619 0.6508
vt 0.7778 0.6508
vt 0.7937 0.6508
vt 0.8095 0.6508
vt 0.8254 0.6508
vt 0.8413 0.6508
vt 0.8571 0.6508
vt 0.8730 0.6508
vt 0.8889 0.6508
vt 0.9048 0.6508
vt 0.9206 0.6508
vt 0.9365 0.6508
vt 0.9524 0.6508
vt 0.9683 0.6508
vt 0.9841 0.6508
vt 1.0000 0.6508
vt 0.0000 0.6349
vt 0.0159 0.6349
vt 0.0317 0.6349
vt 0.0476 0.6349
vt 0.0635 0.6349
vt 0.0794 0.6349
vt 0.0952 0.6349
vt 0.1111 0.6349
vt 0.1270 0.6349
vt 0.1429 0.6349
vt 0.1587 0.6349
vt 0.1746 0.6349
vt 0.1905 0.6349
vt 0.2063 0.6349
vt 0.2222 0.6349
vt 0.2381 0.6349
vt 0.2540 0.6349
vt 0.2698 0.6349
vt 0.2857 0.6349
vt 0.3016 0.6349
vt 0.3175 0.6349
vt 0.3333 0.6349
vt 0.3492 0.6349
vt 0.3651 0.6349
vt 0.3810 0.6349
vt 0.3968 0.6349
vt 0.4127 0.6349
vt 0.4286 0.6349
vt 0.4444 0.6349
vt 0.4603 0.6349
vt 0.4762 0.6349
vt 0.4921 0.6349
vt 0.5079 0.6349
vt 0.5238 0.6349
vt 0.5397 0.6349
vt 0.5556 0.6349
vt 0.5714 0.6349
vt 0.5873 0.6349
vt 0.6032 0.6349
vt 0.6190 0.6349
vt 0.6349 0.6349
vt 0.6508 0.6349
vt 0.6667 0.6349
vt 0.6825 0.6349
vt 0.6984 0.6349
vt 0.7143 0.6349
vt 0.7302 0.6349
vt 0.7460 0.6349
vt 0.7619 0.6349
vt 0.7778 0.6349
vt 0.7937 0.6349
vt 0.8095 0.6349
vt 0.8254 0.6349
vt 0.8413 0.6349
vt 0.8571 0.6349
vt 0.8730 0.6349
vt 0.8889 0.6349
vt 0.9048 0.6349
vt 0.9206 0.6349
vt 0.9365 0.6349
vt 0.9524 0.6349
vt 0.9683 0.6349
vt 0.9841 0.6349
vt 1.0000 0.6349
vt 0.0000 0.6190
vt 0.0159 0.6190
vt 0.0317 0.6190
vt 0.0476 0.6190
vt 0.0635 0.6190
vt 0.0794 0.6190
vt 0.0952 0.6190
vt 0.1111 0.6190
vt 0.1270 0.6190
vt 0.1429 0.6190
vt 0.1587 0.6190
vt 0.1746 0.6190
vt 0.1905 0.6190
vt 0.2063 0.6190
vt 0.2222 0.6190
vt 0.2381 0.6190
vt 0.2540 0.6190
vt 0.2698 0.6190
vt 0.2857 0.6190
vt 0.3016 0.6190
vt 0.3175 0.6190
vt 0.3333 0.6190
vt 0.3492 0.6190
vt 0.3651 0.6190
vt 0.3810 0.6190
vt 0.3968 0.6190
vt 0.4127 0.6190
vt 0.4286 0.6190
vt 0.4444 0.6190
vt 0.4603 0.6190
vt 0.4762 0.6190
vt 0.4921 0.6190
vt 0.5079 0.6190
vt 0.5238 0.6190
vt 0.5397 0.6190
vt 0.5556 0.6190
vt 0.5714 0.6190
vt 0.5873 0.6190
vt 0.6032 0.6190
vt 0.6190 0.6190
vt 0.6349 0.6190
vt 0.6508 0.6190
vt 0.6667 0.6190
vt 0.6825 0.6190
vt 0.6984 0.6190
vt 0.7143 0.6190
vt 0.7302 0.6190
vt 0.7460 0.6190
vt 0.7619 0.6190
vt 0.7778 0.6190
vt 0.7937 0.6190
vt 0.8095 0.6190
vt 0.8254 0.6190
vt 0.8413 0.6190
vt 0.8571 0.6190
vt 0.8730 0.6190
vt 0.8889 0.6190
vt 0.9048 0.6190
vt 0.9206 0.6190
vt 0.9365 0.6190
vt 0.9524 0.6190
vt 0.9683 0.6190
vt 0.9841 0.6190
vt 1.0000 0.6190
vt 0.0000 0.6032
vt 0.0159 0.6032
vt 0.0317 0.6032
vt 0.0476 0.6032
vt 0.0635 0.6032
vt 0.0794 0.6032
vt 0.0952 0.6032
vt 0.1111 0.6032
vt 0.1270 0.6032
vt 0.1429 0.6032
vt 0.1587 0.6032
vt 0.1746 0.6032
vt 0.1905 0.6032
vt 0.2063 0.6032
vt 0.2222 0.6032
vt 0.2381 0.6032
vt 0.2540 0.6032
vt 0.2698 0.6032
vt 0.2857 0.6032
vt 0.3016 0.6032
vt 0.3175 0.6032
vt 0.3333 0.6032
vt 0.3492 0.6032
vt 0.3651 0.6032
vt 0.3810 0.6032
vt 0.3968 0.6032
vt 0.4127 0.6032
vt 0.4286 0.6032
vt 0.4444 0.6032
vt 0.4603 0.6032
vt 0.4762 0.6032
vt 0.4921 0.6032
vt 0.5079 0.6032
vt 0.5238 0.6032
vt 0.5397 0.6032
vt 0.5556 0.6032
vt 0.5714 0.6032
vt 0.5873 0.6032
vt 0.6032 0.6032
vt 0.6190 0.6032
vt 0.6349 0.6032
vt 0.6508 0.6032
vt 0.6667 0.6032
vt 0.6825 0.6032
vt 0.6984 0.6032
vt 0.7143 0.6032
vt 0.7302 0.6032
vt 0.7460 0.6032
vt 0.7619 0.6032
vt 0.7778 0.6032
vt 0.7937 0.6032
vt 0.8095 0.6032
vt 0.8254 0.6032
vt 0.8413 0.6032
vt 0.8571 0.6032
vt 0.8730 0.6032
vt 0.8889 0.6032
vt 0.9048 0.6032
vt 0.9206 0.6032
vt 0.9365 0.6032
vt 0.9524 0.6032
vt 0.9683 0.6032
vt 0.9841 0.6032
vt 1.0000 0.6032
vt 0.0000 0.5873
vt 0.0159 0.5873
vt 0.0317 0.5873
vt 0.0476 0.5873
vt 0.0635 0.5873
vt 0.0794 0.5873
vt 0.0952 0.5873
vt 0.1111 0.5873
vt 0.1270 0.5873
vt 0.1429 0.5873
vt 0.1587 0.5873
vt 0.1746 0.5873
vt 0.1905 0.5873
vt 0.2063 0.5873
vt 0.2222 0.5873
vt 0.2381 0.5873
vt 0.2540 0.5873
vt 0.2698 0.5873
vt 0.2857 0.5873
vt 0.3016 0.5873
vt 0.3175 0.5873
vt 0.3333 0.5873
vt 0.3492 0.5873
vt 0.3651 0.5873
vt 0.3810 0.5873
vt 0.3968 0.5873
vt 0.4127 0.5873
vt 0.4286 0.5873
vt 0.4444 0.5873
vt 0.4603 0.5873
vt 0.4762 0.5873
vt 0.4921 0.5873
vt 0.5079 0.5873
vt 0.5238 0.5873
vt 0.5397 0.5873
vt 0.5556 0.5873
vt 0.5714 0.5873
vt 0.5873 0.5873
vt 0.6032 0.5873
vt 0.6190 0.5873
vt 0.6349 0.5873
vt 0.6508 0.5873
vt 0.6667 0.5873
vt 0.6825 0.5873
vt 0.6984 0.5873
vt 0.7143 0.5873
vt 0.7302 0.5873
vt 0.7460 0.5873
vt 0.7619 0.5873
vt 0.7778 0.5873
vt 0.7937 0.5873
vt 0.8095 0.5873
vt 0.8254 0.5873
vt 0.8413 0.5873
vt 0.8571 0.5873
vt 0.8730 0.5873
vt 0.8889 0.5873
vt 0.9048 0.5873
vt 0.9206 0.5873
vt 0.9365 0.5873
vt 0.9524 0.5873
vt 0.9683 0.5873
vt 0.9841 0.5873
vt 1.0000 0.5873
vt 0.0000 0.5714
vt 0.0159 0.5714
vt 0.0317 0.5714
vt 0.0476 0.5714
vt 0.0635 0.5714
vt 0.0794 0.5714
vt 0.0952 0.5714
vt 0.1111 0.5714
vt 0.1270 0.5714
vt 0.1429 0.5714
vt 0.1587 0.5714
vt 0.1746 0.5714
vt 0.1905 0.5714
vt 0.2063 0.5714
vt 0.2222 0.5714
vt 0.2381 0.5714
vt 0.2540 0.5714
vt 0.2698 0.5714
vt 0.2857 0.5714
vt 0.3016 0.5714
vt 0.3175 0.5714
vt 0.3333 0.5714
vt 0.3492 0.5714
vt 0.3651 0.5714
vt 0.3810 0.5714
vt 0.3968 0.5714
vt 0.4127 0.5714
vt 0.4286 0.5714
vt 0.4444 0.5714
vt 0.4603 0.5714
vt 0.4762 0.5714
vt 0.4921 0.5714
vt 0.5079 0.5714
vt 0.5238 0.5714
vt 0.5397 0.5714
vt 0.5556 0.5714
vt 0.5714 0.5714
vt 0.5873 0.5714
vt 0.6032 0.5714
vt 0.6190 0.5714
vt 0.6349 0.5714
vt 0.6508 0.5714
vt 0.6667 0.5714
vt 0.6825 0.5714
vt 0.6984 0.5714
vt 0.7143 0.5714
vt 0.7302 0.5714
vt 0.7460 0.5714
vt 0.7619 0.5714
vt 0.7778 0.5714
vt 0.7937 0.5714
vt 0.8095 0.5714
vt 0.8254 0.5714
vt 0.8413 0.5714
vt 0.8571 0.5714
vt 0.8730 0.5714
vt 0.8889 0.5714
vt 0.9048 0.5714
vt 0.9206 0.5714
vt 0.9365 0.5714
vt 0.9524 0.5714
vt 0.9683 0.5714
vt 0.9841 0.5714
vt 1.0000 0.5714
vt 0.0000 0.5556
vt 0.0159 0.5556
vt 0.0317 0.5556
vt 0.0476 0.5556
vt 0.0635 0.5556
vt 0.0794 0.5556
vt 0.0952 0.5556
vt 0.1111 0.5556
vt 0.1270 0.5556
vt 0.1429 0.5556
vt 0.1587 0.5556
vt 0.1746 0.5556
vt 0.1905 0.5556
vt 0.2063 0.5556
vt 0.2222 0.5556
vt 0.2381 0.5556
vt 0.2540 0.5556
vt 0.2698 0.5556
vt 0.2857 0.5556
vt 0.3016 0.5556
vt 0.3175 0.5556
vt 0.3333 0.5556
vt 0.3492 0.5556
vt 0.3651 0.5556
vt 0.3810 0.5556
vt 0.3968 0.5556
vt 0.4127 0.5556
vt 0.4286 0.5556
vt 0.4444 0.5556
vt 0.4603 0.5556
vt 0.4762 0.5556
vt 0.4921 0.5556
vt 0.5079 0.5556
vt 0.5238 0.5556
vt 0.5397 0.5556
vt 0.5556 0.5556
vt 0.5714 0.5556
vt 0.5873 0.5556
vt 0.6032 0.5556
vt 0.6190 0.5556
vt 0.6349 0.5556
vt 0.6508 0.5556
vt 0.6667 0.5556
vt 0.6825 0.5556
vt 0.6984 0.5556
vt 0.7143 0.5556
vt 0.7302 0.5556
vt 0.7460 0.5556
vt 0.7619 0.5556
vt 0.7778 0.5556
vt 0.7937 0.5556
vt 0.8095 0.5556
vt 0.8254 0.5556
vt 0.8413 0.5556
vt 0.8571 0.5556
vt 0.8730 0.5556
vt 0.8889 0.5556
vt 0.9048 0.5556
vt 0.9206 0.5556
vt 0.9365 0.5556
vt 0.9524 0.5556
vt 0.9683 0.5556
vt 0.9841 0.5556
vt 1.0000 0.5556
vt 0.0000 0.5397
vt 0.0159 0.5397
vt 0.0317 0.5397
vt 0.0476 0.5397
vt 0.0635 0.5397
vt 0.0794 0.5397
vt 0.0952 0.5397
vt 0.1111 0.5397
vt 0.1270 0.5397
vt 0.1429 0.5397
vt 0.1587 0.5397
vt 0.1746 0.5397
vt 0.1905 0.5397
vt 0.2063 0.5397
vt 0.2222 0.5397
vt 0.2381 0.5397
vt 0.2540 0.5397
vt 0.2698 0.5397
vt 0.2857 0.5397
vt 0.3016 0.5397
vt 0.3175 0.5397
vt 0.3333 0.5397
vt 0.3492 0.5397
vt 0.3651 0.5397
vt 0.3810 0.5397
vt 0.3968 0.5397
vt 0.4127 0.5397
vt 0.4286 0.5397
vt 0.4444 0.5397
vt 0.4603 0.5397
vt 0.4762 0.5397
vt 0.4921 0.5397
vt 0.5079 0.5397
vt 0.5238 0.5397
vt 0.5397 0.5397
vt 0.5556 0.5397
vt 0.5714 0.5397
vt 0.5873 0.5397
vt 0.6032 0.5397
vt 0.6190 0.5397
vt 0.6349 0.5397
vt 0.6508 0.5397
vt 0.6667 0.5397
vt 0.6825 0.5397
vt 0.6984 0.5397
vt 0.7143 0.5397
vt 0.7302 0.5397
vt 0.7460 0.5397
vt 0.7619 0.5397
vt 0.7778 0.5397
vt 0.7937 0.5397
vt 0.8095 0.5397
vt 0.8254 0.5397
vt 0.8413 0.5397
vt 0.8571 0.5397
vt 0.8730 0.5397
vt 0.8889 0.5397
vt 0.9048 0.5397
vt 0.9206 0.5397
vt 0.9365 0.5397
vt 0.9524 0.5397
vt 0.9683 0.5397
vt 0.9841 0.5397
vt 1.0000 0.5397
vt 0.0000 0.5238
vt 0.0159 0.5238
vt 0.0317 0.5238
vt 0.0476 0.5238
vt 0.0635 0.5238
vt 0.0794 0.5238
vt 0.0952 0.5238
vt 0.1111 0.5238
vt 0.1270 0.5238
vt 0.1429 0.5238
vt 0.1587 0.5238
vt 0.1746 0.5238
vt 0.1905 0.5238
vt 0.2063 0.5238
vt 0.2222 0.5238
vt 0.2381 0.5238
vt 0.2540 0.5238
vt 0.2698 0.5238
vt 0.2857 0.5238
vt 0.3016 0.5238
vt 0.3175 0.5238
vt 0.3333 0.5238
vt 0.3492 0.5238
vt 0.3651 0.5238
vt 0.3810 0.5238
vt 0.3968 0.5238
vt 0.4127 0.5238
vt 0.4286 0.5238
vt 0.4444 0.5238
vt 0.4603 0.5238
vt 0.4762 0.5238
vt 0.4921 0.5238
vt 0.5079 0.5238
vt 0.5238 0.5238
vt 0.5397 0.5238
vt 0.5556 0.5238
vt 0.5714 0.5238
vt 0.5873 0.5238
vt 0.6032 0.5238
vt 0.6190 0.5238
vt 0.6349 0.5238
vt 0.6508 0.5238
vt 0.6667 0.5238
vt 0.6825 0.5238
vt 0.6984 0.5238
vt 0.7143 0.5238
vt 0.7302 0.5238
vt 0.7460 0.5238
vt 0.7619 0.5238
vt 0.7778 0.5238
vt 0.7937 0.5238
vt 0.8095 0.5238
vt 0.8254 0.5238
vt 0.8413 0.5238
vt 0.8571 0.5238
vt 0.8730 0.5238
vt 0.8889 0.5238
vt 0.9048 0.5238
vt 0.9206 0.5238
vt 0.9365 0.5238
vt 0.9524 0.5238
vt 0.9683 0.5238
vt 0.9841 0.5238
vt 1.0000 0.5238
vt 0.0000 0.5079
vt 0.0159 0.5079
vt 0.0317 0.5079
vt 0.0476 0.5079
vt 0.0635 0.5079
vt 0.0794 0.5079
vt 0.0952 0.5079
vt 0.1111 0.5079
vt 0.1270 0.5079
vt 0.1429 0.5079
vt 0.1587 0.5079
vt 0.1746 0.5079
vt 0.1905 0.5079
vt 0.2063 0.5079
vt 0.2222 0.5079
vt 0.2381 0.5079
vt 0.2540 0.5079
vt 0.2698 0.5079
vt 0.2857 0.5079
vt 0.3016 0.5079
vt 0.3175 0.5079
vt 0.3333 0.5079
vt 0.3492 0.5079
vt 0.3651 0.5079
vt 0.3810 0.5079
vt 0.3968 0.5079
vt 0.4127 0.5079
vt 0.4286 0.5079
vt 0.4444 0.5079
vt 0.4603 0.5079
vt 0.4762 0.5079
vt 0.4921 0.5079
vt 0.5079 0.5079
vt 0.5238 0.5079
vt 0.5397 0.5079
vt 0.5556 0.5079
vt 0.5714 0.5079
vt 0.5873 0.5079
vt 0.6032 0.5079
vt 0.6190 0.5079
vt 0.6349 0.5079
vt 0.6508 0.5079
vt 0.6667 0.5079
vt 0.6825 0.5079
vt 0.6984 0.5079
vt 0.7143 0.5079
vt 0.7302 0.5079
vt 0.7460 0.5079
vt 0.7619 0.5079
vt 0.7778 0.5079
vt 0.7937 0.5079
vt 0.8095 0.5079
vt 0.8254 0.5079
vt 0.8413 0.5079
vt 0.8571 0.5079
vt 0.8730 0.5079
vt 0.8889 0.5079
vt 0.9048 0.5079
vt 0.9206 0.5079
vt 0.9365 0.5079
vt 0.9524 0.5079
vt 0.9683 0.5079
vt 0.9841 0.5079
vt 1.0000 0.5079
vt 0.0000 0.4921
vt 0.0159 0.4921
vt 0.0317 0.4921
vt 0.0476 0.4921
vt 0.0635 0.4921
vt 0.0794 0.4921
vt 0.0952 0.4921
vt 0.1111 0.4921
vt 0.1270 0.4921
vt 0.1429 0.4921
vt 0.1587 0.4921
vt 0.1746 0.4921
vt 0.1905 0.4921
vt 0.2063 0.4921
vt 0.2222 0.4921
vt 0.2381 0.4921
vt 0.2540 0.4921
vt 0.2698 0.4921
vt 0.2857 0.4921
vt 0.3016 0.4921
vt 0.3175 0.4921
vt 0.3333 0.4921
vt 0.3492 0.4921
vt 0.3651 0.4921
vt 0.3810 0.4921
vt 0.3968 0.4921
vt 0.4127 0.4921
vt 0.4286 0.4921
vt 0.4444 0.4921
vt 0.4603 0.4921
vt 0.4762 0.4921
vt 0.4921 0.4921
vt 0.5079 0.4921
vt 0.5238 0.4921
vt 0.5397 0.4921
vt 0.5556 0.4921
vt 0.5714 0.4921
vt 0.5873 0.4921
vt 0.6032 0.4921
vt 0.6190 0.4921
vt 0.6349 0.4921
vt 0.6508 0.4921
vt 0.6667 0.4921
vt 0.6825 0.4921
vt 0.6984 0.4921
vt 0.7143 0.4921
vt 0.7302 0.4921
vt 0.7460 0.4921
vt 0.7619 0.4921
vt 0.7778 0.4921
vt 0.7937 0.4921
vt 0.8095 0.4921
vt 0.8254 0.4921
vt 0.8413 0.4921
vt 0.8571 0.4921
vt 0.8730 0.4921
vt 0.8889 0.4921
vt 0.9048 0.4921
vt 0.9206 0.4921
vt 0.9365 0.4921
vt 0.9524 0.4921
vt 0.9683 0.4921
vt 0.9841 0.4921
vt 1.0000 0.4921
vt 0.0000 0.4762
vt 0.0159 0.4762
vt 0.0317 0.4762
vt 0.0476 0.4762
vt 0.0635 0.4762
vt 0.0794 0.4762
vt 0.0952 0.4762
vt 0.1111 0.4762
vt 0.1270 0.4762
vt 0.1429 0.4762
vt 0.1587 0.4762
vt 0.1746 0.4762
vt 0.1905 0.4762
vt 0.2063 0.4762
vt 0.2222 0.4762
vt 0.2381 0.4762
vt 0.2540 0.4762
vt 0.2698 0.4762
vt 0.2857 0.4762
vt 0.3016 0.4762
vt 0.3175 0.4762
vt 0.3333 0.4762
vt 0.3492 0.4762
vt 0.3651 0.4762
vt 0.3810 0.4762
vt 0.3968 0.4762
vt 0.4127 0.4762
vt 0.4286 0.4762
vt 0.4444 0.4762
vt 0.4603 0.4762
vt 0.4762 0.4762
vt 0.4921 0.4762
vt 0.5079 0.4762
vt 0.5238 0.4762
vt 0.5397 0.4762
vt 0.5556 0.4762
vt 0.5714 0.4762
vt 0.5873 0.4762
vt 0.6032 0.4762
vt 0.6190 0.4762
vt 0.6349 0.4762
vt 0.6508 0.4762
vt 0.6667 0.4762
vt 0.6825 0.4762
vt 0.6984 0.4762
vt 0.7143 0.4762
vt 0.7302 0.4762
vt 0.7460 0.4762
vt 0.7619 0.4762
vt 0.7778 0.4762
vt 0.7937 0.4762
vt 0.8095 0.4762
vt 0.8254 0.4762
vt 0.8413 0.4762
vt 0.8571 0.4762
vt 0.8730 0.4762
vt 0.8889 0.4762
vt 0.9048 0.4762
vt 0.9206 0.4762
vt 0.9365 0.4762
vt 0.9524 0.4762
vt 0.9683 0.4762
vt 0.9841 0.4762
vt 1.0000 0.4762
vt 0.0000 0.4603
vt 0.0159 0.4603
vt 0.0317 0.4603
vt 0.0476 0.4603
vt 0.0635 0.4603
vt 0.0794 0.4603
vt 0.0952 0.4603
vt 0.1111 0.4603
vt 0.1270 0.4603
vt 0.1429 0.4603
vt 0.1587 0.4603
vt 0.1746 0.4603
vt 0.1905 0.4603
vt 0.2063 0.4603
vt 0.2222 0.4603
vt 0.2381 0.4603
vt 0.2540 0.4603
vt 0.2698 0.4603
vt 0.2857 0.4603
vt 0.3016 0.4603
vt 0.3175 0.4603
vt 0.3333 0.4603
vt 0.3492 0.4603
vt 0.3651 0.4603
vt 0.3810 0.4603
vt 0.3968 0.4603
vt 0.4127 0.4603
vt 0.4286 0.4603
vt 0.4444 0.4603
vt 0.4603 0.4603
vt 0.4762 0.4603
vt 0.4921 0.4603
vt 0.5079 0.4603
vt 0.5238 0.4603
vt 0.5397 0.4603
vt 0.5556 0.4603
vt 0.5714 0.4603
vt 0.5873 0.4603
vt 0.6032 0.4603
vt 0.6190 0.4603
vt 0.6349 0.4603
vt 0.6508 0.4603
vt 0.6667 0.4603
vt 0.6825 0.4603
vt 0.6984 0.4603
vt 0.7143 0.4603
vt 0.7302 0.4603
vt 0.7460 0.4603
vt 0.7619 0.4603
vt 0.7778 0.4603
vt 0.7937 0.4603
vt 0.8095 0.4603
vt 0.8254 0.4603
vt 0.8413 0.4603
vt 0.8571 0.4603
vt 0.8730 0.4603
vt 0.8889 0.4603
vt 0.9048 0.4603
vt 0.9206 0.4603
vt 0.9365 0.4603
vt 0.9524 0.4603
vt 0.9683 0.4603
vt 0.9841 0.4603
vt 1.0000 0.4603
vt 0.0000 0.4444
vt 0.0159 0.4444
vt 0.0317 0.4444
vt 0.0476 0.4444
vt 0.0635 0.4444
vt 0.0794 0.4444
vt 0.0952 0.4444
vt 0.1111 0.4444
vt 0.1270 0.4444
vt 0.1429 0.4444
vt 0.1587 0.4444
vt 0.1746 0.4444
vt 0.1905 0.4444
vt 0.2063 0.4444
vt 0.2222 0.4444
vt 0.2381 0.4444
vt 0.2540 0.4444
vt 0.2698 0.4444
vt 0.2857 0.4444
vt 0.3016 0.4444
vt 0.3175 0.4444
vt 0.3333 0.4444
vt 0.3492 0.4444
vt 0.3651 0.4444
vt 0.3810 0.4444
vt 0.3968 0.4444
vt 0.4127 0.4444
vt 0.4286 0.4444
vt 0.4444 0.4444
vt 0.4603 0.4444
vt 0.4762 0.4444
vt 0.4921 0.4444
vt 0.5079 0.4444
vt 0.5238 0.4444
vt 0.5397 0.4444
vt 0.5556 0.4444
vt 0.5714 0.4444
vt 0.5873 0.4444
vt 0.6032 0.4444
vt 0.6190 0.4444
vt 0.6349 0.4444
vt 0.6508 0.4444
vt 0.6667 0.4444
vt 0.6825 0.4444
vt 0.6984 0.4444
vt 0.7143 0.4444
vt 0.7302 0.4444
vt 0.7460 0.4444
vt 0.7619 0.4444
vt 0.7778 0.4444
vt 0.7937 0.4444
vt 0.8095 0.4444
vt 0.8254 0.4444
vt 0.8413 0.4444
vt 0.8571 0.4444
vt 0.8730 0.4444
vt 0.8889 0.4444
vt 0.9048 0.4444
vt 0.9206 0.4444
vt 0.9365 0.4444
vt 0.9524 0.4444
vt 0.9683 0.4444
vt 0.9841 0.4444
vt 1.0000 0.4444
vt 0.0000 0.4286
vt 0.0159 0.4286
vt 0.0317 0.4286
vt 0.0476 0.4286
vt 0.0635 0.4286
vt 0.0794 0.4286
vt 0.0952 0.4286
vt 0.1111 0.4286
vt 0.1270 0.4286
vt 0.1429 0.4286
vt 0.1587 0.4286
vt 0.1746 0.4286
vt 0.1905 0.4286
vt 0.2063 0.4286
vt 0.2222 0.4286
vt 0.2381 0.4286
vt 0.2540 0.4286
vt 0.2698 0.4286
vt 0.2857 0.4286
vt 0.3016 0.4286
vt 0.3175 0.4286
vt 0.3333 0.4286
vt 0.3492 0.4286
vt 0.3651 0.4286
vt 0.3810 0.4286
vt 0.3968 0.4286
vt 0.4127 0.4286
vt 0.4286 0.4286
vt 0.4444 0.4286
vt 0.4603 0.4286
vt 0.4762 0.4286
vt 0.4921 0.4286
vt 0.5079 0.4286
vt 0.5238 0.4286
vt 0.5397 0.4286
vt 0.5556 0.4286
vt 0.5714 0.4286
vt 0.5873 0.4286
vt 0.6032 0.4286
vt 0.6190 0.4286
vt 0.6349 0.4286
vt 0.6508 0.4286
vt 0.6667 0.4286
vt 0.6825 0.4286
vt 0.6984 0.4286
vt 0.7143 0.4286
vt 0.7302 0.4286
vt 0.7460 0.4286
vt 0.7619 0.4286
vt 0.7778 0.4286
vt 0.7937 0.4286
vt 0.8095 0.4286
vt 0.8254 0.4286
vt 0.8413 0.4286
vt 0.8571 0.4286
vt 0.8730 0.4286
vt 0.8889 0.4286
vt 0.9048 0.4286
vt 0.9206 0.4286
vt 0.9365 0.4286
vt 0.9524 0.4286
vt 0.9683 0.4286
vt 0.9841 0.4286
vt 1.0000 0.4286
vt 0.0000 0.4127
vt 0.0159 0.4127
vt 0.0317 0.4127
vt 0.0476 0.4127
vt 0.0635 0.4127
vt 0.0794 0.4127
vt 0.0952 0.4127
vt 0.1111 0.4127
vt 0.1270 0.4127
vt 0.1429 0.4127
vt 0.1587 0.4127
vt 0.1746 0.4127
vt 0.1905 0.4127
vt 0.2063 0.4127
vt 0.2222 0.4127
vt 0.2381 0.4127
vt 0.2540 0.4127
vt 0.2698 0.4127
vt 0.2857 0.4127
vt 0.3016 0.4127
vt 0.3175 0.4127
vt 0.3333 0.4127
vt 0.3492 0.4127
vt 0.3651 0.4127
vt 0.3810 0.4127
vt 0.3968 0.4127
vt 0.4127 0.4127
vt 0.4286 0.4127
vt 0.4444 0.4127
vt 0.4603 0.4127
vt 0.4762 0.4127
vt 0.4921 0.4127
vt 0.5079 0.4127
vt 0.5238 0.4127
vt 0.5397 0.4127
vt 0.5556 0.4127
vt 0.5714 0.4127
vt 0.5873 0.4127
vt 0.6032 0.4127
vt 0.6190 0.4127
vt 0.6349 0.4127
vt 0.6508 0.4127
vt 0.6667 0.4127
vt 0.6825 0.4127
vt 0.6984 0.4127
vt 0.7143 0.4127
vt 0.7302 0.4127
vt 0.7460 0.4127
vt 0.7619 0.4127
vt 0.7778 0.4127
vt 0.7937 0.4127
vt 0.8095 0.4127
vt 0.8254 0.4127
vt 0.8413 0.4127
vt 0.8571 0.4127
vt 0.8730 0.4127
vt 0.8889 0.4127
vt 0.9048 0.4127
vt 0.9206 0.4127
vt 0.9365 0.4127
vt 0.9524 0.4127
vt 0.9683 0.4127
vt 0.9841 0.4127
vt 1.0000 0.4127
vt 0.0000 0.3968
vt 0.0159 0.3968
vt 0.0317 0.3968
vt 0.0476 0.3968
vt 0.0635 0.3968
vt 0.0794 0.3968
vt 0.0952 0.3968
vt 0.1111 0.3968
vt 0.1270 0.3968
vt 0.1429 0.3968
vt 0.1587 0.3968
vt 0.1746 0.3968
vt 0.1905 0.3968
vt 0.2063 0.3968
vt 0.2222 0.3968
vt 0.2381 0.3968
vt 0.2540 0.3968
vt 0.2698 0.3968
vt 0.2857 0.3968
vt 0.3016 0.3968
vt 0.3175 0.3968
vt 0.3333 0.3968
vt 0.3492 0.3968
vt 0.3651 0.3968
vt 0.3810 0.3968
vt 0.3968 0.3968
vt 0.4127 0.3968
vt 0.4286 0.3968
vt 0.4444 0.3968
vt 0.4603 0.3968
vt 0.4762 0.3968
vt 0.4921 0.3968
vt 0.5079 0.3968
vt 0.5238 0.3968
vt 0.5397 0.3968
vt 0.5556 0.3968
vt 0.5714 0.3968
vt 0.5873 0.3968
vt 0.6032 0.3968
vt 0.6190 0.3968
vt 0.6349 0.3968
vt 0.6508 0.3968
vt 0.6667 0.3968
vt 0.6825 0.3968
vt 0.6984 0.3968
vt 0.7143 0.3968
vt 0.7302 0.3968
vt 0.7460 0.3968
vt 0.7619 0.3968
vt 0.7778 0.3968
vt 0.7937 0.3968
vt 0.8095 0.3968
vt 0.8254 0.3968
vt 0.8413 0.3968
vt 0.8571 0.3968
vt 0.8730 0.3968
vt 0.8889 0.3968
vt 0.9048 0.3968
vt 0.9206 0.3968
vt 0.9365 0.3968
vt 0.9524 0.3968
vt 0.9683 0.3968
vt 0.9841 0.3968
vt 1.0000 0.3968
vt 0.0000 0.3810
vt 0.0159 0.3810
vt 0.0317 0.3810
vt 0.0476 0.3810
vt 0.0635 0.3810
vt 0.0794 0.3810
vt 0.0952 0.3810
vt 0.1111 0.3810
vt 0.1270 0.3810
vt 0.1429 0.3810
vt 0.1587 0.3810
vt 0.1746 0.3810
vt 0.1905 0.3810
vt 0.2063 0.3810
vt 0.2222 0.3810
vt 0.2381 0.3810
vt 0.2540 0.3810
vt 0.2698 0.3810
vt 0.2857 0.3810
vt 0.3016 0.3810
vt 0.3175 0.3810
vt 0.3333 0.3810
vt 0.3492 0.3810
vt 0.3651 0.3810
vt 0.3810 0.3810
vt 0.3968 0.3810
vt 0.4127 0.3810
vt 0.4286 0.3810
vt 0.4444 0.3810
vt 0.4603 0.3810
vt 0.4762 0.3810
vt 0.4921 0.3810
vt 0.5079 0.3810
vt 0.5238 0.3810
vt 0.5397 0.3810
vt 0.5556 0.3810
vt 0.5714 0.3810
vt 0.5873 0.3810
vt 0.6032 0.3810
vt 0.6190 0.3810
vt 0.6349 0.3810
vt 0.6508 0.3810
vt 0.6667 0.3810
vt 0.6825 0.3810
vt 0.6984 0.3810
vt 0.7143 0.3810
vt 0.7302 0.3810
vt 0.7460 0.3810
vt 0.7619 0.3810
vt 0.7778 0.3810
vt 0.7937 0.3810
vt 0.8095 0.3810
vt 0.8254 0.3810
vt 0.8413 0.3810
vt 0.8571 0.3810
vt 0.8730 0.3810
vt 0.8889 0.3810
vt 0.9048 0.3810
vt 0.9206 0.3810
vt 0.9365 0.3810
vt 0.9524 0.3810
vt 0.9683 0.3810
vt 0.9841 0.3810
vt 1.0000 0.3810
vt 0.0000 0.3651
vt 0.0159 0.3651
vt 0.0317 0.3651
vt 0.0476 0.3651
vt 0.0635 0.3651
vt 0.0794 0.3651
vt 0.0952 0.3651
vt 0.1111 0.3651
vt 0.1270 0.3651
vt 0.1429 0.3651
vt 0.1587 0.3651
vt 0.1746 0.3651
vt 0.1905 0.3651
vt 0.2063 0.3651
vt 0.2222 0.3651
vt 0.2381 0.3651
vt 0.2540 0.3651
vt 0.2698 0.3651
vt 0.2857 0.3651
vt 0.3016 0.3651
vt 0.3175 0.3651
vt 0.3333 0.3651
vt 0.3492 0.3651
vt 0.3651 0.3651
vt 0.3810 0.3651
vt 0.3968 0.3651
vt 0.4127 0.3651
vt 0.4286 0.3651
vt 0.4444 0.3651
vt 0.4603 0.3651
vt 0.4762 0.3651
vt 0.4921 0.3651
vt 0.5079 0.3651
vt 0.5238 0.3651
vt 0.5397 0.3651
vt 0.5556 0.3651
vt 0.5714 0.3651
vt 0.5873 0.3651
vt 0.6032 0.3651
vt 0.6190 0.3651
vt 0.6349 0.3651
vt 0.6508 0.3651
vt 0.6667 0.3651
vt 0.6825 0.3651
vt 0.6984 0.3651
vt 0.7143 0.3651
vt 0.7302 0.3651
vt 0.7460 0.3651
vt 0.7619 0.3651
vt 0.7778 0.3651
vt 0.7937 0.3651
vt 0.8095 0.3651
vt 0.8254 0.3651
vt 0.8413 0.3651
vt 0.8571 0.3651
vt 0.8730 0.3651
vt 0.8889 0.3651
vt 0.9048 0.3651
vt 0.9206 0.3651
vt 0.9365 0.3651
vt 0.9524 0.3651
vt 0.9683 0.3651
vt 0.9841 0.3651
vt 1.0000 0.3651
vt 0.0000 0.3492
vt 0.0159 0.3492
vt 0.0317 0.3492
vt 0.0476 0.3492
vt 0.0635 0.3492
vt 0.0794 0.3492
vt 0.0952 0.3492
vt 0.1111 0.3492
vt 0.1270 0.3492
vt 0.1429 0.3492
vt 0.1587 0.3492
vt 0.1746 0.3492
vt 0.1905 0.3492
vt 0.2063 0.3492
vt 0.2222 0.3492
vt 0.2381 0.3492
vt 0.2540 0.3492
vt 0.2698 0.3492
vt 0.2857 0.3492
vt 0.3016 0.3492
vt 0.3175 0.3492
vt 0.3333 0.3492
vt 0.3492 0.3492
vt 0.3651 0.3492
vt 0.3810 0.3492
vt 0.3968 0.3492
vt 0.4127 0.3492
vt 0.4286 0.3492
vt 0.4444 0.3492
vt 0.4603 0.3492
vt 0.4762 0.3492
vt 0.4921 0.3492
vt 0.5079 0.3492
vt 0.5238 0.3492
vt 0.5397 0.3492
vt 0.5556 0.3492
vt 0.5714 0.3492
vt 0.5873 0.3492
vt 0.6032 0.3492
vt 0.6190 0.3492
vt 0.6349 0.3492
vt 0.6508 0.3492
vt 0.6667 0.3492
vt 0.6825 0.3492
vt 0.6984 0.3492
vt 0.7143 0.3492
vt 0.7302 0.3492
vt 0.7460 0.3492
vt 0.7619 0.3492
vt 0.7778 0.3492
vt 0.7937 0.3492
vt 0.8095 0.3492
vt 0.8254 0.3492
vt 0.8413 0.3492
vt 0.8571 0.3492
vt 0.8730 0.3492
vt 0.8889 0.3492
vt 0.9048 0.3492
vt 0.9206 0.3492
vt 0.9365 0.3492
vt 0.9524 0.3492
vt 0.9683 0.3492
vt 0.9841 0.3492
vt 1.0000 0.3492
vt 0.0000 0.3333
vt 0.0159 0.3333
vt 0.0317 0.3333
vt 0.0476 0.3333
vt 0.0635 0.3333
vt 0.0794 0.3333
vt 0.0952 0.3333
vt 0.1111 0.3333
vt 0.1270 0.3333
vt 0.1429 0.3333
vt 0.1587 0.3333
vt 0.1746 0.3333
vt 0.1905 0.3333
vt 0.2063 0.3333
vt 0.2222 0.3333
vt 0.2381 0.3333
vt 0.2540 0.3333
vt 0.2698 0.3333
vt 0.2857 0.3333
vt 0.3016 0.3333
vt 0.3175 0.3333
vt 0.3333 0.3333
vt 0.3492 0.3333
vt 0.3651 0.3333
vt 0.3810 0.3333
vt 0.3968 0.3333
vt 0.4127 0.3333
vt 0.4286 0.3333
vt 0.4444 0.3333
vt 0.4603 0.3333
vt 0.4762 0.3333
vt 0.4921 0.3333
vt 0.5079 0.3333
vt 0.5238 0.3333
vt 0.5397 0.3333
vt 0.5556 0.3333
vt 0.5714 0.3333
vt 0.5873 0.3333
vt 0.6032 0.3333
vt 0.6190 0.3333
vt 0.6349 0.3333
vt 0.6508 0.3333
vt 0.6667 0.3333
vt 0.6825 0.3333
vt 0.6984 0.3333
vt 0.7143 0.3333
vt 0.7302 0.3333
vt 0.7460 0.3333
vt 0.7619 0.3333
vt 0.7778 0.3333
vt 0.7937 0.3333
vt 0.8095 0.3333
vt 0.8254 0.3333
vt 0.8413 0.3333
vt 0.8571 0.3333
vt 0.8730 0.3333
vt 0.8889 0.3333
vt 0.9048 0.3333
vt 0.9206 0.3333
vt 0.9365 0.3333
vt 0.9524 0.3333
vt 0.9683 0.3333
vt 0.9841 0.3333
vt 1.0000 0.3333
vt 0.0000 0.3175
vt 0.0159 0.3175
vt 0.0317 0.3175
vt 0.0476 0.3175
vt 0.0635 0.3175
vt 0.0794 0.3175
vt 0.0952 0.3175
vt 0.1111 0.3175
vt 0.1270 0.3175
vt 0.1429 0.3175
vt 0.1587 0.3175
vt 0.1746 0.3175
vt 0.1905 0.3175
vt 0.2063 0.3175
vt 0.2222 0.3175
vt 0.2381 0.3175
vt 0.2540 0.3175
vt 0.2698 0.3175
vt 0.2857 0.3175
vt 0.3016 0.3175
vt 0.3175 0.3175
vt 0.3333 0.3175
vt 0.3492 0.3175
vt 0.3651 0.3175
vt 0.3810 0.3175
vt 0.3968 0.3175
vt 0.4127 0.3175
vt 0.4286 0.3175
vt 0.4444 0.3175
vt 0.4603 0.3175
vt 0.4762 0.3175
vt 0.4921 0.3175
vt 0.5079 0.3175
vt 0.5238 0.3175
vt 0.5397 0.3175
vt 0.5556 0.3175
vt 0.5714 0.3175
vt 0.5873 0.3175
vt 0.6032 0.3175
vt 0.6190 0.3175
vt 0.6349 0.3175
vt 0.6508 0.3175
vt 0.6667 0.3175
vt 0.6825 0.3175
vt 0.6984 0.3175
vt 0.7143 0.3175
vt 0.7302 0.3175
vt 0.7460 0.3175
vt 0.7619 0.3175
vt 0.7778 0.3175
vt 0.7937 0.3175
vt 0.8095 0.3175
vt 0.8254 0.3175
vt 0.8413 0.3175
vt 0.8571 0.3175
vt 0.8730 0.3175
vt 0.8889 0.3175
vt 0.9048 0.3175
vt 0.9206 0.3175
vt 0.9365 0.3175
vt 0.9524 0.3175
vt 0.9683 0.3175
vt 0.9841 0.3175
vt 1.0000 0.3175
vt 0.0000 0.3016
vt 0.0159 0.3016
vt 0.0317 0.3016
vt 0.0476 0.3016
vt 0.0635 0.3016
vt 0.0794 0.3016
vt 0.0952 0.3016
vt 0.1111 0.3016
vt 0.1270 0.3016
vt 0.1429 0.3016
vt 0.1587 0.3016
vt 0.1746 0.3016
vt 0.1905 0.3016
vt 0.2063 0.3016
vt 0.2222 0.3016
vt 0.2381 0.3016
vt 0.2540 0.3016
vt 0.2698 0.3016
vt 0.2857 0.3016
vt 0.3016 0.3016
vt 0.3175 0.3016
vt 0.3333 0.3016
vt 0.3492 0.3016
vt 0.3651 0.3016
vt 0.3810 0.3016
vt 0.3968 0.3016
vt 0.4127 0.3016
vt 0.4286 0.3016
vt 0.4444 0.3016
vt 0.4603 0.3016
vt 0.4762 0.3016
vt 0.4921 0.3016
vt 0.5079 0.3016
vt 0.5238 0.3016
vt 0.5397 0.3016
vt 0.5556 0.3016
vt 0.5714 0.3016
vt 0.5873 0.3016
vt 0.6032 0.3016
vt 0.6190 0.3016
vt 0.6349 0.3016
vt 0.6508 0.3016
vt 0.6667 0.3016
vt 0.6825 0.3016
vt 0.6984 0.3016
vt 0.7143 0.3016
vt 0.7302 0.3016
vt 0.7460 0.3016
vt 0.7619 0.3016
vt 0.7778 0.3016
vt 0.7937 0.3016
vt 0.8095 0.3016
vt 0.8254 0.3016
vt 0.8413 0.3016
vt 0.8571 0.3016
vt 0.8730 0.3016
vt 0.8889 0.3016
vt 0.9048 0.3016
vt 0.9206 0.3016
vt 0.9365 0.3016
vt 0.9524 0.3016
vt 0.9683 0.3016
vt 0.9841 0.3016
vt 1.0000 0.3016
vt 0.0000 0.2857
vt 0.0159 0.2857
vt 0.0317 0.2857
vt 0.0476 0.2857
vt 0.0635 0.2857
vt 0.0794 0.2857
vt 0.0952 0.2857
vt 0.1111 0.2857
vt 0.1270 0.2857
vt 0.1429 0.2857
vt 0.1587 0.2857
vt 0.1746 0.2857
vt 0.1905 0.2857
vt 0.2063 0.2857
vt 0.2222 0.2857
vt 0.2381 0.2857
vt 0.2540 0.2857
vt 0.2698 0.2857
vt 0.2857 0.2857
vt 0.3016 0.2857
vt 0.3175 0.2857
vt 0.3333 0.2857
vt 0.3492 0.2857
vt 0.3651 0.2857
vt 0.3810 0.2857
vt 0.3968 0.2857
vt 0.4127 0.2857
vt 0.4286 0.2857
vt 0.4444 0.2857
vt 0.4603 0.2857
vt 0.4762 0.2857
vt 0.4921 0.2857
vt 0.5079 0.2857
vt 0.5238 0.2857
vt 0.5397 0.2857
vt 0.5556 0.2857
vt 0.5714 0.2857
vt 0.5873 0.2857
vt 0.6032 0.2857
vt 0.6190 0.2857
vt 0.6349 0.2857
vt 0.6508 0.2857
vt 0.6667 0.2857
vt 0.6825 0.2857
vt 0.6984 0.2857
vt 0.7143 0.2857
vt 0.7302 0.2857
vt 0.7460 0.2857
vt 0.7619 0.2857
vt 0.7778 0.2857
vt 0.7937 0.2857
vt 0.8095 0.2857
vt 0.8254 0.2857
vt 0.8413 0.2857
vt 0.8571 0.2857
vt 0.8730 0.2857
vt 0.8889 0.2857
vt 0.9048 0.2857
vt 0.9206 0.2857
vt 0.9365 0.2857
vt 0.9524 0.2857
vt 0.9683 0.2857
vt 0.9841 0.2857
vt 1.0000 0.2857
vt 0.0000 0.2698
vt 0.0159 0.2698
vt 0.0317 0.2698
vt 0.0476 0.2698
vt 0.0635 0.2698
vt 0.0794 0.2698
vt 0.0952 0.2698
vt 0.1111 0.2698
vt 0.1270 0.2698
vt 0.1429 0.2698
vt 0.1587 0.2698
vt 0.1746 0.2698
vt 0.1905 0.2698
vt 0.2063 0.2698
vt 0.2222 0.2698
vt 0.2381 0.2698
vt 0.2540 0.2698
vt 0.2698 0.2698
vt 0.2857 0.2698
vt 0.3016 0.2698
vt 0.3175 0.2698
vt 0.3333 0.2698
vt 0.3492 0.2698
vt 0.3651 0.2698
vt 0.3810 0.2698
vt 0.3968 0.2698
vt 0.4127 0.2698
vt 0.4286 0.2698
vt 0.4444 0.2698
vt 0.4603 0.2698
vt 0.4762 0.2698
vt 0.4921 0.2698
vt 0.5079 0.2698
vt 0.5238 0.2698
vt 0.5397 0.2698
vt 0.5556 0.2698
vt 0.5714 0.2698
vt 0.5873 0.2698
vt 0.6032 0.2698
vt 0.6190 0.2698
vt 0.6349 0.2698
vt 0.6508 0.2698
vt 0.6667 0.2698
vt 0.6825 0.2698
vt 0.6984 0.2698
vt 0.7143 0.2698
vt 0.7302 0.2698
vt 0.7460 0.2698
vt 0.7619 0.2698
vt 0.7778 0.2698
vt 0.7937 0.2698
vt 0.8095 0.2698
vt 0.8254 0.2698
vt 0.8413 0.2698
vt 0.8571 0.2698
vt 0.8730 0.2698
vt 0.8889 0.2698
vt 0.9048 0.2698
vt 0.9206 0.2698
vt 0.9365 0.2698
vt 0.9524 0.2698
vt 0.9683 0.2698
vt 0.9841 0.2698
vt 1.0000 0.2698
vt 0.0000 0.2540
vt 0.0159 0.2540
vt 0.0317 0.2540
vt 0.0476 0.2540
vt 0.0635 0.2540
vt 0.0794 0.2540
vt 0.0952 0.2540
vt 0.1111 0.2540
vt 0.1270 0.2540
vt 0.1429 0.2540
vt 0.1587 0.2540
vt 0.1746 0.2540
vt 0.1905 0.2540
vt 0.2063 0.2540
vt 0.2222 0.2540
vt 0.2381 0.2540
vt 0.2540 0.2540
vt 0.2698 0.2540
vt 0.2857 0.2540
vt 0.3016 0.2540
vt 0.3175 0.2540
vt 0.3333 0.2540
vt 0.3492 0.2540
vt 0.3651 0.2540
vt 0.3810 0.2540
vt 0.3968 0.2540
vt 0.4127 0.2540
vt 0.4286 0.2540
vt 0.4444 0.2540
vt 0.4603 0.2540
vt 0.4762 0.2540
vt 0.4921 0.2540
vt 0.5079 0.2540
vt 0.5238 0.2540
vt 0.5397 0.2540
vt 0.5556 0.2540
vt 0.5714 0.2540
vt 0.5873 0.2540
vt 0.6032 0.2540
vt 0.6190 0.2540
vt 0.6349 0.2540
vt 0.6508 0.2540
vt 0.6667 0.2540
vt 0.6825 0.2540
vt 0.6984 0.2540
vt 0.7143 0.2540
vt 0.7302 0.2540
vt 0.7460 0.2540
vt 0.7619 0.2540
vt 0.7778 0.2540
vt 0.7937 0.2540
vt 0.8095 0.2540
vt 0.8254 0.2540
vt 0.8413 0.2540
vt 0.8571 0.2540
vt 0.8730 0.2540
vt 0.8889 0.2540
vt 0.9048 0.2540
vt 0.9206 0.2540
vt 0.9365 0.2540
vt 0.9524 0.2540
vt 0.9683 0.2540
vt 0.9841 0.2540
vt 1.0000 0.2540
vt 0.0000 0.2381
vt 0.0159 0.2381
vt 0.0317 0.2381
vt 0.0476 0.2381
vt 0.0635 0.2381
vt 0.0794 0.2381
vt 0.0952 0.2381
vt 0.1111 0.2381
vt 0.1270 0.2381
vt 0.1429 0.2381
vt 0.1587 0.2381
vt 0.1746 0.2381
vt 0.1905 0.2381
vt 0.2063 0.2381
vt 0.2222 0.2381
vt 0.2381 0.2381
vt 0.2540 0.2381
vt 0.2698 0.2381
vt 0.2857 0.2381
vt 0.3016 0.2381
vt 0.3175 0.2381
vt 0.3333 0.2381
vt 0.3492 0.2381
vt 0.3651 0.2381
vt 0.3810 0.2381
vt 0.3968 0.2381
vt 0.4127 0.2381
vt 0.4286 0.2381
vt 0.4444 0.2381
vt 0.4603 0.2381
vt 0.4762 0.2381
vt 0.4921 0.2381
vt 0.5079 0.2381
vt 0.5238 0.2381
vt 0.5397 0.2381
vt 0.5556 0.2381
vt 0.5714 0.2381
vt 0.5873 0.2381
vt 0.6032 0.2381
vt 0.6190 0.2381
vt 0.6349 0.2381
vt 0.6508 0.2381
vt 0.6667 0.2381
vt 0.6825 0.2381
vt 0.6984 0.2381
vt 0.7143 0.2381
vt 0.7302 0.2381
vt 0.7460 0.2381
vt 0.7619 0.2381
vt 0.7778 0.2381
vt 0.7937 0.2381
vt 0.8095 0.2381
vt 0.8254 0.2381
vt 0.8413 0.2381
vt 0.8571 0.2381
vt 0.8730 0.2381
vt 0.8889 0.2381
vt 0.9048 0.2381
vt 0.9206 0.2381
vt 0.9365 0.2381
vt 0.9524 0.2381
vt 0.9683 0.2381
vt 0.9841 0.2381
vt 1.0000 0.2381
vt 0.0000 0.2222
vt 0.0159 0.2222
vt 0.0317 0.2222
vt 0.0476 0.2222
vt 0.0635 0.2222
vt 0.0794 0.2222
vt 0.0952 0.2222
vt 0.1111 0.2222
vt 0.1270 0.2222
vt 0.1429 0.2222
vt 0.1587 0.2222
vt 0.1746 0.2222
vt 0.1905 0.2222
vt 0.2063 0.2222
vt 0.2222 0.2222
vt 0.2381 0.2222
vt 0.2540 0.2222
vt 0.2698 0.2222
vt 0.2857 0.2222
vt 0.3016 0.2222
vt 0.3175 0.2222
vt 0.3333 0.2222
vt 0.3492 0.2222
vt 0.3651 0.2222
vt 0.3810 0.2222
vt 0.3968 0.2222
vt 0.4127 0.2222
vt 0.4286 0.2222
vt 0.4444 0.2222
vt 0.4603 0.2222
vt 0.4762 0.2222
vt 0.4921 0.2222
vt 0.5079 0.2222
vt 0.5238 0.2222
vt 0.5397 0.2222
vt 0.5556 0.2222
vt 0.5714 0.2222
vt 0.5873 0.2222
vt 0.6032 0.2222
vt 0.6190 0.2222
vt 0.6349 0.2222
vt 0.6508 0.2222
vt 0.6667 0.2222
vt 0.6825 0.2222
vt 0.6984 0.2222
vt 0.7143 0.2222
vt 0.7302 0.2222
vt 0.7460 0.2222
vt 0.7619 0.2222
vt 0.7778 0.2222
vt 0.7937 0.2222
vt 0.8095 0.2222
vt 0.8254 0.2222
vt 0.8413 0.2222
vt 0.8571 0.2222
vt 0.8730 0.2222
vt 0.8889 0.2222
vt 0.9048 0.2222
vt 0.9206 0.2222
vt 0.9365 0.2222
vt 0.9524 0.2222
vt 0.9683 0.2222
vt 0.9841 0.2222
vt 1.0000 0.2222
vt 0.0000 0.2063
vt 0.0159 0.2063
vt 0.0317 0.2063
vt 0.0476 0.2063
vt 0.0635 0.2063
vt 0.0794 0.2063
vt 0.0952 0.2063
vt 0.1111 0.2063
vt 0.1270 0.2063
vt 0.1429 0.2063
vt 0.1587 0.2063
vt 0.1746 0.2063
vt 0.1905 0.2063
vt 0.2063 0.2063
vt 0.2222 0.2063
vt 0.2381 0.2063
vt 0.2540 0.2063
vt 0.2698 0.2063
vt 0.2857 0.2063
vt 0.3016 0.2063
vt 0.3175 0.2063
vt 0.3333 0.2063
vt 0.3492 0.2063
vt 0.3651 0.2063
vt 0.3810 0.2063
vt 0.3968 0.2063
vt 0.4127 0.2063
vt 0.4286 0.2063
vt 0.4444 0.2063
vt 0.4603 0.2063
vt 0.4762 0.2063
vt 0.4921 0.2063
vt 0.5079 0.2063
vt 0.5238 0.2063
vt 0.5397 0.2063
vt 0.5556 0.2063
vt 0.5714 0.2063
vt 0.5873 0.2063
vt 0.6032 0.2063
vt 0.6190 0.2063
vt 0.6349 0.2063
vt 0.6508 0.2063
vt 0.6667 0.2063
vt 0.6825 0.2063
vt 0.6984 0.2063
vt 0.7143 0.2063
vt 0.7302 0.2063
vt 0.7460 0.2063
vt 0.7619 0.2063
vt 0.7778 0.2063
vt 0.7937 0.2063
vt 0.8095 0.2063
vt 0.8254 0.2063
vt 0.8413 0.2063
vt 0.8571 0.2063
vt 0.8730 0.2063
vt 0.8889 0.2063
vt 0.9048 0.2063
vt 0.9206 0.2063
vt 0.9365 0.2063
vt 0.9524 0.2063
vt 0.9683 0.2063
vt 0.9841 0.2063
vt 1.0000 0.2063
vt 0.0000 0.1905
vt 0.0159 0.1905
vt 0.0317 0.1905
vt 0.0476 0.1905
vt 0.0635 0.1905
vt 0.0794 0.1905
vt 0.0952 0.1905
vt 0.1111 0.1905
vt 0.1270 0.1905
vt 0.1429 0.1905
vt 0.1587 0.1905
vt 0.1746 0.1905
vt 0.1905 0.1905
vt 0.2063 0.1905
vt 0.2222 0.1905
vt 0.2381 0.1905
vt 0.2540 0.1905
vt 0.2698 0.1905
vt 0.2857 0.1905
vt 0.3016 0.1905
vt 0.3175 0.1905
vt 0.3333 0.1905
vt 0.3492 0.1905
vt 0.3651 0.1905
vt 0.3810 0.1905
vt 0.3968 0.1905
vt 0.4127 0.1905
vt 0.4286 0.1905
vt 0.4444 0.1905
vt 0.4603 0.1905
vt 0.4762 0.1905
vt 0.4921 0.1905
vt 0.5079 0.1905
vt 0.5238 0.1905
vt 0.5397 0.1905
vt 0.5556 0.1905
vt 0.5714 0.1905
vt 0.5873 0.1905
vt 0.6032 0.1905
vt 0.6190 0.1905
vt 0.6349 0.1905
vt 0.6508 0.1905
vt 0.6667 0.1905
vt 0.6825 0.1905
vt 0.6984 0.1905
vt 0.7143 0.1905
vt 0.7302 0.1905
vt 0.7460 0.1905
vt 0.7619 0.1905
vt 0.7778 0.1905
vt 0.7937 0.1905
vt 0.8095 0.1905
vt 0.8254 0.1905
vt 0.8413 0.1905
vt 0.8571 0.1905
vt 0.8730 0.1905
vt 0.8889 0.1905
vt 0.9048 0.1905
vt 0.9206 0.1905
vt 0.9365 0.1905
vt 0.9524 0.1905
vt 0.9683 0.1905
vt 0.9841 0.1905
vt 1.0000 0.1905
vt 0.0000 0.1746
vt 0.0159 0.1746
vt 0.0317 0.1746
vt 0.0476 0.1746
vt 0.0635 0.1746
vt 0.0794 0.1746
vt 0.0952 0.1746
vt 0.1111 0.1746
vt 0.1270 0.1746
vt 0.1429 0.1746
vt 0.1587 0.1746
vt 0.1746 0.1746
vt 0.1905 0.1746
vt 0.2063 0.1746
vt 0.2222 0.1746
vt 0.2381 0.1746
vt 0.2540 0.1746
vt 0.2698 0.1746
vt 0.2857 0.1746
vt 0.3016 0.1746
vt 0.3175 0.1746
vt 0.3333 0.1746
vt 0.3492 0.1746
vt 0.3651 0.1746
vt 0.3810 0.1746
vt 0.3968 0.1746
vt 0.4127 0.1746
vt 0.4286 0.1746
vt 0.4444 0.1746
vt 0.4603 0.1746
vt 0.4762 0.1746
vt 0.4921 0.1746
vt 0.5079 0.1746
vt 0.5238 0.1746
vt 0.5397 0.1746
vt 0.5556 0.1746
vt 0.5714 0.1746
vt 0.5873 0.1746
vt 0.6032 0.1746
vt 0.6190 0.1746
vt 0.6349 0.1746
vt 0.6508 0.1746
vt 0.6667 0.1746
vt 0.6825 0.1746
vt 0.6984 0.1746
vt 0.7143 0.1746
vt 0.7302 0.1746
vt 0.7460 0.1746
vt 0.7619 0.1746
vt 0.7778 0.1746
vt 0.7937 0.1746
vt 0.8095 0.1746
vt 0.8254 0.1746
vt 0.8413 0.1746
vt 0.8571 0.1746
vt 0.8730 0.1746
vt 0.8889 0.1746
vt 0.9048 0.1746
vt 0.9206 0.1746
vt 0.9365 0.1746
vt 0.9524 0.1746
vt 0.9683 0.1746
vt 0.9841 0.1746
vt 1.0000 0.1746
vt 0.0000 0.1587
vt 0.0159 0.1587
vt 0.0317 0.1587
vt 0.0476 0.1587
vt 0.0635 0.1587
vt 0.0794 0.1587
vt 0.0952 0.1587
vt 0.1111 0.1587
vt 0.1270 0.1587
vt 0.1429 0.1587
vt 0.1587 0.1587
vt 0.1746 0.1587
vt 0.1905 0.1587
vt 0.2063 0.1587
vt 0.2222 0.1587
vt 0.2381 0.1587
vt 0.2540 0.1587
vt 0.2698 0.1587
vt 0.2857 0.1587
vt 0.3016 0.1587
vt 0.3175 0.1587
vt 0.3333 0.1587
vt 0.3492 0.1587
vt 0.3651 0.1587
vt 0.3810 0.1587
vt 0.3968 0.1587
vt 0.4127 0.1587
vt 0.4286 0.1587
vt 0.4444 0.1587
vt 0.4603 0.1587
vt 0.4762 0.1587
vt 0.4921 0.1587
vt 0.5079 0.1587
vt 0.5238 0.1587
vt 0.5397 0.1587
vt 0.5556 0.1587
vt 0.5714 0.1587
vt 0.5873 0.1587
vt 0.6032 0.1587
vt 0.6190 0.1587
vt 0.6349 0.1587
vt 0.6508 0.1587
vt 0.6667 0.1587
vt 0.6825 0.1587
vt 0.6984 0.1587
vt 0.7143 0.1587
vt 0.7302 0.1587
vt 0.7460 0.1587
vt 0.7619 0.1587
vt 0.7778 0.1587
vt 0.7937 0.1587
vt 0.8095 0.1587
vt 0.8254 0.1587
vt 0.8413 0.1587
vt 0.8571 0.1587
vt 0.8730 0.1587
vt 0.8889 0.1587
vt 0.9048 0.1587
vt 0.9206 0.1587
vt 0.9365 0.1587
vt 0.9524 0.1587
vt 0.9683 0.1587
vt 0.9841 0.1587
vt 1.0000 0.1587
vt 0.0000 0.1429
vt 0.0159 0.1429
vt 0.0317 0.1429
vt 0.0476 0.1429
vt 0.0635 0.1429
vt 0.0794 0.1429
vt 0.0952 0.1429
vt 0.1111 0.1429
vt 0.1270 0.1429
vt 0.1429 0.1429
vt 0.1587 0.1429
vt 0.1746 0.1429
vt 0.1905 0.1429
vt 0.2063 0.1429
vt 0.2222 0.1429
vt 0.2381 0.1429
vt 0.2540 0.1429
vt 0.2698 0.1429
vt 0.2857 0.1429
vt 0.3016 0.1429
vt 0.3175 0.1429
vt 0.3333 0.1429
vt 0.3492 0.1429
vt 0.3651 0.1429
vt 0.3810 0.1429
vt 0.3968 0.1429
vt 0.4127 0.1429
vt 0.4286 0.1429
vt 0.4444 0.1429
vt 0.4603 0.1429
vt 0.4762 0.1429
vt 0.4921 0.1429
vt 0.5079 0.1429
vt 0.5238 0.1429
vt 0.5397 0.1429
vt 0.5556 0.1429
vt 0.5714 0.1429
vt 0.5873 0.1429
vt 0.6032 0.1429
vt 0.6190 0.1429
vt 0.6349 0.1429
vt 0.6508 0.1429
vt 0.6667 0.1429
vt 0.6825 0.1429
vt 0.6984 0.1429
vt 0.7143 0.1429
vt 0.7302 0.1429
vt 0.7460 0.1429
vt 0.7619 0.1429
vt 0.7778 0.1429
vt 0.7937 0.1429
vt 0.8095 0.1429
vt 0.8254 0.1429
vt 0.8413 0.1429
vt 0.8571 0.1429
vt 0.8730 0.1429
vt 0.8889 0.1429
vt 0.9048 0.1429
vt 0.9206 0.1429
vt 0.9365 0.1429
vt 0.9524 0.1429
vt 0.9683 0.1429
vt 0.9841 0.1429
vt 1.0000 0.1429
vt 0.0000 0.1270
vt 0.0159 0.1270
vt 0.0317 0.1270
vt 0.0476 0.1270
vt 0.0635 0.1270
vt 0.0794 0.1270
vt 0.0952 0.1270
vt 0.1111 0.1270
vt 0.1270 0.1270
vt 0.1429 0.1270
vt 0.1587 0.1270
vt 0.1746 0.1270
vt 0.1905 0.1270
vt 0.2063 0.1270
vt 0.2222 0.1270
vt 0.2381 0.1270
vt 0.2540 0.1270
vt 0.2698 0.1270
vt 0.2857 0.1270
vt 0.3016 0.1270
vt 0.3175 0.1270
vt 0.3333 0.1270
vt 0.3492 0.1270
vt 0.3651 0.1270
vt 0.3810 0.1270
vt 0.3968 0.1270
vt 0.4127 0.1270
vt 0.4286 0.1270
vt 0.4444 0.1270
vt 0.4603 0.1270
vt 0.4762 0.1270
vt 0.4921 0.1270
vt 0.5079 0.1270
vt 0.5238 0.1270
vt 0.5397 0.1270
vt 0.5556 0.1270
vt 0.5714 0.1270
vt 0.5873 0.1270
vt 0.6032 0.1270
vt 0.6190 0.1270
vt 0.6349 0.1270
vt 0.6508 0.1270
vt 0.6667 0.1270
vt 0.6825 0.1270
vt 0.6984 0.1270
vt 0.7143 0.1270
vt 0.7302 0.1270
vt 0.7460 0.1270
vt 0.7619 0.1270
vt 0.7778 0.1270
vt 0.7937 0.1270
vt 0.8095 0.1270
vt 0.8254 0.1270
vt 0.8413 0.1270
vt 0.8571 0.1270
vt 0.8730 0.1270
vt 0.8889 0.1270
vt 0.9048 0.1270
vt 0.9206 0.1270
vt 0.9365 0.1270
vt 0.9524 0.1270
vt 0.9683 0.1270
vt 0.9841 0.1270
vt 1.0000 0.1270
vt 0.0000 0.1111
vt 0.0159 0.1111
vt 0.0317 0.1111
vt 0.0476 0.1111
vt 0.0635 0.1111
vt 0.0794 0.1111
vt 0.0952 0.1111
vt 0.1111 0.1111
vt 0.1270 0.1111
vt 0.1429 0.1111
vt 0.1587 0.1111
vt 0.1746 0.1111
vt 0.1905 0.1111
vt 0.2063 0.1111
vt 0.2222 0.1111
vt 0.2381 0.1111
vt 0.2540 0.1111
vt 0.2698 0.1111
vt 0.2857 0.1111
vt 0.3016 0.1111
vt 0.3175 0.1111
vt 0.3333 0.1111
vt 0.3492 0.1111
vt 0.3651 0.1111
vt 0.3810 0.1111
vt 0.3968 0.1111
vt 0.4127 0.1111
vt 0.4286 0.1111
vt 0.4444 0.1111
vt 0.4603 0.1111
vt 0.4762 0.1111
vt 0.4921 0.1111
vt 0.5079 0.1111
vt 0.5238 0.1111
vt 0.5397 0.1111
vt 0.5556 0.1111
vt 0.5714 0.1111
vt 0.5873 0.1111
vt 0.6032 0.1111
vt 0.6190 0.1111
vt 0.6349 0.1111
vt 0.6508 0.1111
vt 0.6667 0.1111
vt 0.6825 0.1111
vt 0.6984 0.1111
vt 0.7143 0.1111
vt 0.7302 0.1111
vt 0.7460 0.1111
vt 0.7619 0.1111
vt 0.7778 0.1111
vt 0.7937 0.1111
vt 0.8095 0.1111
vt 0.8254 0.1111
vt 0.8413 0.1111
vt 0.8571 0.1111
vt 0.8730 0.1111
vt 0.8889 0.1111
vt 0.9048 0.1111
vt 0.9206 0.1111
vt 0.9365 0.1111
vt 0.9524 0.1111
vt 0.9683 0.1111
vt 0.9841 0.1111
vt 1.0000 0.1111
vt 0.0000 0.0952
vt 0.0159 0.0952
vt 0.0317 0.0952
vt 0.0476 0.0952
vt 0.0635 0.0952
vt 0.0794 0.0952
vt 0.0952 0.0952
vt 0.1111 0.0952
vt 0.1270 0.0952
vt 0.1429 0.0952
vt 0.1587 0.0952
vt 0.1746 0.0952
vt 0.1905 0.0952
vt 0.2063 0.0952
vt 0.2222 0.0952
vt 0.2381 0.0952
vt 0.2540 0.0952
vt 0.2698 0.0952
vt 0.2857 0.0952
vt 0.3016 0.0952
vt 0.3175 0.0952
vt 0.3333 0.0952
vt 0.3492 0.0952
vt 0.3651 0.0952
vt 0.3810 0.0952
vt 0.3968 0.0952
vt 0.4127 0.0952
vt 0.4286 0.0952
vt 0.4444 0.0952
vt 0.4603 0.0952
vt 0.4762 0.0952
vt 0.4921 0.0952
vt 0.5079 0.0952
vt 0.5238 0.0952
vt 0.5397 0.0952
vt 0.5556 0.0952
vt 0.5714 0.0952
vt 0.5873 0.0952
vt 0.6032 0.0952
vt 0.6190 0.0952
vt 0.6349 0.0952
vt 0.6508 0.0952
vt 0.6667 0.0952
vt 0.6825 0.0952
vt 0.6984 0.0952
vt 0.7143 0.0952
vt 0.7302 0.0952
vt 0.7460 0.0952
vt 0.7619 0.0952
vt 0.7778 0.0952
vt 0.7937 0.0952
vt 0.8095 0.0952
vt 0.8254 0.0952
vt 0.8413 0.0952
vt 0.8571 0.0952
vt 0.8730 0.0952
vt 0.8889 0.0952
vt 0.9048 0.0952
vt 0.9206 0.0952
vt 0.9365 0.0952
vt 0.9524 0.0952
vt 0.9683 0.0952
vt 0.9841 0.0952
vt 1.0000 0.0952
vt 0.0000 0.0794
vt 0.0159 0.0794
vt 0.0317 0.0794
vt 0.0476 0.0794
vt 0.0635 0.0794
vt 0.0794 0.0794
vt 0.0952 0.0794
vt 0.1111 0.0794
vt 0.1270 0.0794
vt 0.1429 0.0794
vt 0.1587 0.0794
vt 0.1746 0.0794
vt 0.1905 0.0794
vt 0.2063 0.0794
vt 0.2222 0.0794
vt 0.2381 0.0794
vt 0.2540 0.0794
vt 0.2698 0.0794
vt 0.2857 0.0794
vt 0.3016 0.0794
vt 0.3175 0.0794
vt 0.3333 0.0794
vt 0.3492 0.0794
vt 0.3651 0.0794
vt 0.3810 0.0794
vt 0.3968 0.0794
vt 0.4127 0.0794
vt 0.4286 0.0794
vt 0.4444 0.0794
vt 0.4603 0.0794
vt 0.4762 0.0794
vt 0.4921 0.0794
vt 0.5079 0.0794
vt 0.5238 0.0794
vt 0.5397 0.0794
vt 0.5556 0.0794
vt 0.5714 0.0794
vt 0.5873 0.0794
vt 0.6032 0.0794
vt 0.6190 0.0794
vt 0.6349 0.0794
vt 0.6508 0.0794
vt 0.6667 0.0794
vt 0.6825 0.0794
vt 0.6984 0.0794
vt 0.7143 0.0794
vt 0.7302 0.0794
vt 0.7460 0.0794
vt 0.7619 0.0794
vt 0.7778 0.0794
vt 0.7937 0.0794
vt 0.8095 0.0794
vt 0.8254 0.0794
vt 0.8413 0.0794
vt 0.8571 0.0794
vt 0.8730 0.0794
vt 0.8889 0.0794
vt 0.9048 0.0794
vt 0.9206 0.0794
vt 0.9365 0.0794
vt 0.9524 0.0794
vt 0.9683 0.0794
vt 0.9841 0.0794
vt 1.0000 0.0794
vt 0.0000 0.0635
vt 0.0159 0.0635
vt 0.0317 0.0635
vt 0.0476 0.0635
vt 0.0635 0.0635
vt 0.0794 0.0635
vt 0.0952 0.0635
vt 0.1111 0.0635
vt 0.1270 0.0635
vt 0.1429 0.0635
vt 0.1587 0.0635
vt 0.1746 0.0635
vt 0.1905 0.0635
vt 0.2063 0.0635
vt 0.2222 0.0635
vt 0.2381 0.0635
vt 0.2540 0.0635
vt 0.2698 0.0635
vt 0.2857 0.0635
vt 0.3016 0.0635
vt 0.3175 0.0635
vt 0.3333 0.0635
vt 0.3492 0.0635
vt 0.3651 0.0635
vt 0.3810 0.0635
vt 0.3968 0.0635
vt 0.4127 0.0635
vt 0.4286 0.0635
vt 0.4444 0.0635
vt 0.4603 0.0635
vt 0.4762 0.0635
vt 0.4921 0.0635
vt 0.5079 0.0635
vt 0.5238 0.0635
vt 0.5397 0.0635
vt 0.5556 0.0635
vt 0.5714 0.0635
vt 0.5873 0.0635
vt 0.6032 0.0635
vt 0.6190 0.0635
vt 0.6349 0.0635
vt 0.6508 0.0635
vt 0.6667 0.0635
vt 0.6825 0.0635
vt 0.6984 0.0635
vt 0.7143 0.0635
vt 0.7302 0.0635
vt 0.7460 0.0635
vt 0.7619 0.0635
vt 0.7778 0.0635
vt 0.7937 0.0635
vt 0.8095 0.0635
vt 0.8254 0.0635
vt 0.8413 0.0635
vt 0.8571 0.0635
vt 0.8730 0.0635
vt 0.8889 0.0635
vt 0.9048 0.0635
vt 0.9206 0.0635
vt 0.9365 0.0635
vt 0.9524 0.0635
vt 0.9683 0.0635
vt 0.9841 0.0635
vt 1.0000 0.0635
vt 0.0000 0.0476
vt 0.0159 0.0476
vt 0.0317 0.0476
vt 0.0476 0.0476
vt 0.0635 0.0476
vt 0.0794 0.0476
vt 0.0952 0.0476
vt 0.1111 0.0476
vt 0.1270 0.0476
vt 0.1429 0.0476
vt 0.1587 0.0476
vt 0.1746 0.0476
vt 0.1905 0.0476
vt 0.2063 0.0476
vt 0.2222 0.0476
vt 0.2381 0.0476
vt 0.2540 0.0476
vt 0.2698 0.0476
vt 0.2857 0.0476
vt 0.3016 0.0476
vt 0.3175 0.0476
vt 0.3333 0.0476
vt 0.3492 0.0476
vt 0.3651 0.0476
vt 0.3810 0.0476
vt 0.3968 0.0476
vt 0.4127 0.0476
vt 0.4286 0.0476
vt 0.4444 0.0476
vt 0.4603 0.0476
vt 0.4762 0.0476
vt 0.4921 0.0476
vt 0.5079 0.0476
vt 0.5238 0.0476
vt 0.5397 0.0476
vt 0.5556 0.0476
vt 0.5714 0.0476
vt 0.5873 0.0476
vt 0.6032 0.0476
vt 0.6190 0.0476
vt 0.6349 0.0476
vt 0.6508 0.0476
vt 0.6667 0.0476
vt 0.6825 0.0476
vt 0.6984 0.0476
vt 0.7143 0.0476
vt 0.7302 0.0476
vt 0.7460 0.0476
vt 0.7619 0.0476
vt 0.7778 0.0476
vt 0.7937 0.0476
vt 0.8095 0.0476
vt 0.8254 0.0476
vt 0.8413 0.0476
vt 0.8571 0.0476
vt 0.8730 0.0476
vt 0.8889 0.0476
vt 0.9048 0.0476
vt 0.9206 0.0476
vt 0.9365 0.0476
vt 0.9524 0.0476
vt 0.9683 0.0476
vt 0.9841 0.0476
vt 1.0000 0.0476
vt 0.0000 0.0317
vt 0.0159 0.0317
vt 0.0317 0.0317
vt 0.0476 0.0317
vt 0.0635 0.0317
vt 0.0794 0.0317
vt 0.0952 0.0317
vt 0.1111 0.0317
vt 0.1270 0.0317
vt 0.1429 0.0317
vt 0.1587 0.0317
vt 0.1746 0.0317
vt 0.1905 0.0317
vt 0.2063 0.0317
vt 0.2222 0.0317
vt 0.2381 0.0317
vt 0.2540 0.0317
vt 0.2698 0.0317
vt 0.2857 0.0317
vt 0.3016 0.0317
vt 0.3175 0.0317
vt 0.3333 0.0317
vt 0.3492 0.0317
vt 0.3651 0.0317
vt 0.3810 0.0317
vt 0.3968 0.0317
vt 0.4127 0.0317
vt 0.4286 0.0317
vt 0.4444 0.0317
vt 0.4603 0.0317
vt 0.4762 0.0317
vt 0.4921 0.0317
vt 0.5079 0.0317
vt 0.5238 0.0317
vt 0.5397 0.0317
vt 0.5556 0.0317
vt 0.5714 0.0317
vt 0.5873 0.0317
vt 0.6032 0.0317
vt 0.6190 0.0317
vt 0.6349 0.0317
vt 0.6508 0.0317
vt 0.6667 0.0317
vt 0.6825 0.0317
vt 0.6984 0.0317
vt 0.7143 0.0317
vt 0.7302 0.0317
vt 0.7460 0.0317
vt 0.7619 0.0317
vt 0.7778 0.0317
vt 0.7937 0.0317
vt 0.8095 0.0317
vt 0.8254 0.0317
vt 0.8413 0.0317
vt 0.8571 0.0317
vt 0.8730 0.0317
vt 0.8889 0.0317
vt 0.9048 0.0317
vt 0.9206 0.0317
vt 0.9365 0.0317
vt 0.9524 0.0317
vt 0.9683 0.0317
vt 0.9841 0.0317
vt 1.0000 0.0317
vt 0.0000 0.0159
vt 0.0159 0.0159
vt 0.0317 0.0159
vt 0.0476 0.0159
vt 0.0635 0.0159
vt 0.0794 0.0159
vt 0.0952 0.0159
vt 0.1111 0.0159
vt 0.1270 0.0159
vt 0.1429 0.0159
vt 0.1587 0.0159
vt 0.1746 0.0159
vt 0.1905 0.0159
vt 0.2063 0.0159
vt 0.2222 0.0159
vt 0.2381 0.0159
vt 0.2540 0.0159
vt 0.2698 0.0159
vt 0.2857 0.0159
vt 0.3016 0.0159
vt 0.3175 0.0159
vt 0.3333 0.0159
vt 0.3492 0.0159
vt 0.3651 0.0159
vt 0.3810 0.0159
vt 0.3968 0.0159
vt 0.4127 0.0159
vt 0.4286 0.0159
vt 0.4444 0.0159
vt 0.4603 0.0159
vt 0.4762 0.0159
vt 0.4921 0.0159
vt 0.5079 0.0159
vt 0.5238 0.0159
vt 0.5397 0.0159
vt 0.5556 0.0159
vt 0.5714 0.0159
vt 0.5873 0.0159
vt 0.6032 0.0159
vt 0.6190 0.0159
vt 0.6349 0.0159
vt 0.6508 0.0159
vt 0.6667 0.0159
vt 0.6825 0.0159
vt 0.6984 0.0159
vt 0.7143 0.0159
vt 0.7302 0.0159
vt 0.7460 0.0159
vt 0.7619 0.0159
vt 0.7778 0.0159
vt 0.7937 0.0159
vt 0.8095 0.0159
vt 0.8254 0.0159
vt 0.8413 0.0159
vt 0.8571 0.0159
vt 0.8730 0.0159
vt 0.8889 0.0159
vt 0.9048 0.0159
vt 0.9206 0.0159
vt 0.9365 0.0159
vt 0.9524 0.0159
vt 0.9683 0.0159
vt 0.9841 0.0159
vt 1.0000 0.0159
vt 0.0000 0.0000
vt 0.0159 0.0000
vt 0.0317 0.0000
vt 0.0476 0.0000
vt 0.0635 0.0000
vt 0.0794 0.0000
vt 0.0952 0.0000
vt 0.1111 0.0000
vt 0.1270 0.0000
vt 0.1429 0.0000
vt 0.1587 0.0000
vt 0.1746 0.0000
vt 0.1905 0.0000
vt 0.2063 0.0000
vt 0.2222 0.0000
vt 0.2381 0.0000
vt 0.2540 0.0000
vt 0.2698 0.0000
vt 0.2857 0.0000
vt 0.3016 0.0000
vt 0.3175 0.0000
vt 0.3333 0.0000
vt 0.3492 0.0000
vt 0.3651 0.0000
vt 0.3810 0.0000
vt 0.3968 0.0000
vt 0.4127 0.0000
vt 0.4286 0.0000
vt 0.4444 0.0000
vt 0.4603 0.0000
vt 0.4762 0.0000
vt 0.4921 0.0000
vt 0.5079 0.0000
vt 0.5238 0.0000
vt 0.5397 0.0000
vt 0.5556 0.0000
vt 0.5714 0.0000
vt 0.5873 0.0000
vt 0.6032 0.0000
vt 0.6190 0.0000
vt 0.6349 0.0000
vt 0.6508 0.0000
vt 0.6667 0.0000
vt 0.6825 0.0000
vt 0.6984 0.0000
vt 0.7143 0.0000
vt 0.7302 0.0000
vt 0.7460 0.0000
vt 0.7619 0.0000
vt 0.7778 0.0000
vt 0.7937 0.0000
vt 0.8095 0.0000
vt 0.8254 0.0000
vt 0.8413 0.0000
vt 0.8571 0.0000
vt 0.8730 0.0000
vt 0.8889 0.0000
vt 0.9048 0.0000
vt 0.9206 0.0000
vt 0.9365 0.0000
vt 0.9524 0.0000
vt 0.9683 0.0000
vt 0.9841 0.0000
vt 1.0000 0.0000
usemtl ayama_surface_mat
f 65/65 66/66 2/2
f 66/66 67/67 3/3
f 67/67 68/68 4/4
f 68/68 69/69 5/5
f 69/69 70/70 6/6
f 70/70 71/71 7/7
f 71/71 72/72 8/8
f 72/72 73/73 9/9
f 73/73 74/74 10/10
f 74/74 75/75 11/11
f 75/75 76/76 12/12
f 76/76 77/77 13/13
f 77/77 78/78 14/14
f 78/78 79/79 15/15
f 79/79 80/80 16/16
f 80/80 81/81 17/17
f 81/81 82/82 18/18
f 82/82 83/83 19/19
f 83/83 84/84 20/20
f 84/84 85/85 21/21
f 85/85 86/86 22/22
f 86/86 87/87 23/23
f 87/87 88/88 24/24
f 88/88 89/89 25/25
f 89/89 90/90 26/26
f 90/90 91/91 27/27
f 91/91 92/92 28/28
f 92/92 93/93 29/29
f 93/93 94/94 30/30
f 94/94 95/95 31/31
f 95/95 96/96 32/32
f 96/96 97/97 33/33
f 97/97 98/98 34/34
f 98/98 99/99 35/35
f 99/99 100/100 36/36
f 100/100 101/101 37/37
f 101/101 102/102 38/38
f 102/102 103/103 39/39
f 103/103 104/104 40/40
f 104/104 105/105 41/41
f 105/105 106/106 42/42
f 106/106 107/107 43/43
f 107/107 108/108 44/44
f 108/108 109/109 45/45
f 109/109 110/110 46/46
f 110/110 111/111 47/47
f 111/111 112/112 48/48
f 112/112 113/113 49/49
f 113/113 114/114 50/50
f 114/114 115/115 51/51
f 115/115 116/116 52/52
f 116/116 117/117 53/53
f 117/117 118/118 54/54
f 118/118 119/119 55/55
f 119/119 120/120 56/56
f 120/120 121/121 57/57
f 121/121 122/122 58/58
f 122/122 123/123 59/59
f 123/123 124/124 60/60
f 124/124 125/125 61/61
f 125/125 126/126 62/62
f 126/126 127/127 63/63
f 127/127 128/128 64/64
f 129/129 130/130 66/66
f 130/130 131/131 67/67
f 131/131 132/132 68/68
f 132/132 133/133 69/69
f 133/133 134/134 70/70
f 134/134 135/135 71/71
f 135/135 136/136 72/72
f 136/136 137/137 73/73
f 137/137 138/138 74/74
f 138/138 139/139 75/75
f 139/139 140/140 76/76
f 140/140 141/141 77/77
f 141/141 142/142 78/78
f 142/142 143/143 79/79
f 143/143 144/144 80/80
f 144/144 145/145 81/81
f 145/145 146/146 82/82
f 146/146 147/147 83/83
f 147/147 148/148 84/84
f 148/148 149/149 85/85
f 149/149 150/150 86/86
f 150/150 151/151 87/87
f 151/151 152/152 88/88
f 152/152 153/153 89/89
f 153/153 154/154 90/90
f 154/154 155/155 91/91
f 155/155 156/156 92/92
f 156/156 157/157 93/93
f 157/157 158/158 94/94
f 158/158 159/159 95/95
f 159/159 160/160 96/96
f 160/160 161/161 97/97
f 161/161 162/162 98/98
f 162/162 163/163 99/99
f 163/163 164/164 100/100
f 164/164 165/165 101/101
f 165/165 166/166 102/102
f 166/166 167/167 103/103
f 167/167 168/168 104/104
f 168/168 169/169 105/105
f 169/169 170/170 106/106
f 170/170 171/171 107/107
f 171/171 172/172 108/108
f 172/172 173/173 109/109
f 173/173 174/174 110/110
f 174/174 175/175 111/111
f 175/175 176/176 112/112
f 176/176 177/177 113/113
f 177/177 178/178 114/114
f 178/178 179/179 115/115
f 179/179 180/180 116/116
f 180/180 181/181 117/117
f 181/181 182/182 118/118
f 182/182 183/183 119/119
f 183/183 184/184 120/120
f 184/184 185/185 121/121
f 185/185 186/186 122/122
f 186/186 187/187 123/123
f 187/187 188/188 124/124
f 188/188 189/189 125/125
f 189/189 190/190 126/126
f 190/190 191/191 127/127
f 191/191 192/192 128/128
f 193/193 194/194 130/130
f 194/194 195/195 131/131
f 195/195 196/196 132/132
f 196/196 197/197 133/133
f 197/197 198/198 134/134
f 198/198 199/199 135/135
f 199/199 200/200 136/136
f 200/200 201/201 137/137
f 201/201 202/202 138/138
f 202/202 203/203 139/139
f 203/203 204/204 140/140
f 204/204 205/205 141/141
f 205/205 206/206 142/142
f 206/206 207/207 143/143
f 207/207 208/208 144/144
f 208/208 209/209 145/145
f 209/209 210/210 146/146
f 210/210 211/211 147/147
f 211/211 212/212 148/148
f 212/212 213/213 149/149
f 213/213 214/214 150/150
f 214/214 215/215 151/151
f 215/215 216/216 152/152
f 216/216 217/217 153/153
f 217/217 218/218 154/154
f 218/218 219/219 155/155
f 219/219 220/220 156/156
f 220/220 221/221 157/157
f 221/221 222/222 158/158
f 222/222 223/223 159/159
f 223/223 224/224 160/160
f 224/224 225/225 161/161
f 225/225 226/226 162/162
f 226/226 227/227 163/163
f 227/227 228/228 164/164
f 228/228 229/229 165/165
f 229/229 230/230 166/166
f 230/230 231/231 167/167
f 231/231 232/232 168/168
f 232/232 233/233 169/169
f 233/233 234/234 170/170
f 234/234 235/235 171/171
f 235/235 236/236 172/172
f 236/236 237/237 173/173
f 237/237 238/238 174/174
f 238/238 239/239 175/175
f 239/239 240/240 176/176
f 240/240 241/241 177/177
f 241/241 242/242 178/178
f 242/242 243/243 179/179
f 243/243 244/244 180/180
f 244/244 245/245 181/181
f 245/245 246/246 182/182
f 246/246 247/247 183/183
f 247/247 248/248 184/184
f 248/248 249/249 185/185
f 249/249 250/250 186/186
f 250/250 251/251 187/187
f 251/251 252/252 188/188
f 252/252 253/253 189/189
f 253/253 254/254 190/190
f 254/254 255/255 191/191
f 255/255 256/256 192/192
f 257/257 258/258 194/194
f 258/258 259/259 195/195
f 259/259 260/260 196/196
f 260/260 261/261 197/197
f 261/261 262/262 198/198
f 262/262 263/263 199/199
f 263/263 264/264 200/200
f 264/264 265/265 201/201
f 265/265 266/266 202/202
f 266/266 267/267 203/203
f 267/267 268/268 204/204
f 268/268 269/269 205/205
f 269/269 270/270 206/206
f 270/270 271/271 207/207
f 271/271 272/272 208/208
f 272/272 273/273 209/209
f 273/273 274/274 210/210
f 274/274 275/275 211/211
f 275/275 276/276 212/212
f 276/276 277/277 213/213
f 277/277 278/278 214/214
f 278/278 279/279 215/215
f 279/279 280/280 216/216
f 280/280 281/281 217/217
f 281/281 282/282 218/218
f 282/282 283/283 219/219
f 283/283 284/284 220/220
f 284/284 285/285 221/221
f 285/285 286/286 222/222
f 286/286 287/287 223/223
f 287/287 288/288 224/224
f 288/288 289/289 225/225
f 289/289 290/290 226/226
f 290/290 291/291 227/227
f 291/291 292/292 228/228
f 292/292 293/293 229/229
f 293/293 294/294 230/230
f 294/294 295/295 231/231
f 295/295 296/296 232/232
f 296/296 297/297 233/233
f 297/297 298/298 234/234
f 298/298 299/299 235/235
f 299/299 300/300 236/236
f 300/300 301/301 237/237
f 301/301 302/302 238/238
f 302/302 303/303 239/239
f 303/303 304/304 240/240
f 304/304 305/305 241/241
f 305/305 306/306 242/242
f 306/306 307/307 243/243
f 307/307 308/308 244/244
f 308/308 309/309 245/245
f 309/309 310/310 246/246
f 310/310 311/311 247/247
f 311/311 312/312 248/248
f 312/312 313/313 249/249
f 313/313 314/314 250/250
f 314/314 315/315 251/251
f 315/315 316/316 252/252
f 316/316 317/317 253/253
f 317/317 318/318 254/254
f 318/318 319/319 255/255
f 319/319 320/320 256/256
f 321/321 322/322 258/258
f 322/322 323/323 259/259
f 323/323 324/324 260/260
f 324/324 325/325 261/261
f 325/325 326/326 262/262
f 326/326 327/327 263/263
f 327/327 328/328 264/264
f 328/328 329/329 265/265
f 329/329 330/330 266/266
f 330/330 331/331 267/267
f 331/331 332/332 268/268
f 332/332 333/333 269/269
f 333/333 334/334 270/270
f 334/334 335/335 271/271
f 335/335 336/336 272/272
f 336/336 337/337 273/273
f 337/337 338/338 274/274
f 338/338 339/339 275/275
f 339/339 340/340 276/276
f 340/340 341/341 277/277
f 341/341 342/342 278/278
f 342/342 343/343 279/279
f 343/343 344/344 280/280
f 344/344 345/345 281/281
f 345/345 346/346 282/282
f 346/346 347/347 283/283
f 347/347 348/348 284/284
f 348/348 349/349 285/285
f 349/349 350/350 286/286
f 350/350 351/351 287/287
f 351/351 352/352 288/288
f 352/352 353/353 289/289
f 353/353 354/354 290/290
f 354/354 355/355 291/291
f 355/355 356/356 292/292
f 356/356 357/357 293/293
f 357/357 358/358 294/294
f 358/358 359/359 295/295
f 359/359 360/360 296/296
f 360/360 361/361 297/297
f 361/361 362/362 298/298
f 362/362 363/363 299/299
f 363/363 364/364 300/300
f 364/364 365/365 301/301
f 365/365 366/366 302/302
f 366/366 367/367 303/303
f 367/367 368/368 304/304
f 368/368 369/369 305/305
f 369/369 370/370 306/306
f 370/370 371/371 307/307
f 371/371 372/372 308/308
f 372/372 373/373 309/309
f 373/373 374/374 310/310
f 374/374 375/375 311/311
f 375/375 376/376 312/312
f 376/376 377/377 313/313
f 377/377 378/378 314/314
f 378/378 379/379 315/315
f 379/379 380/380 316/316
f 380/380 381/381 317/317
f 381/381 382/382 318/318
f 382/382 383/383 319/319
f 383/383 384/384 320/320
f 385/385 386/386 322/322
f 386/386 387/387 323/323
f 387/387 388/388 324/324
f 388/388 389/389 325/325
f 389/389 390/390 326/326
f 390/390 391/391 327/327
f 391/391 392/392 328/328
f 392/392 393/393 329/329
f 393/393 394/394 330/330
f 394/394 395/395 331/331
f 395/395 396/396 332/332
f 396/396 397/397 333/333
f 397/397 398/398 334/334
f 398/398 399/399 335/335
f 399/399 400/400 336/336
f 400/400 401/401 337/337
f 401/401 402/402 338/338
f 402/402 403/403 339/339
f 403/403 404/404 340/340
f 404/404 405/405 341/341
f 405/405 406/406 342/342
f 406/406 407/407 343/343
f 407/407 408/408 344/344
f 408/408 409/409 345/345
f 409/409 410/410 346/346
f 410/410 411/411 347/347
f 411/411 412/412 348/348
f 412/412 413/413 349/349
f 413/413 414/414 350/350
f 414/414 415/415 351/351
f 415/415 416/416 352/352
f 416/416 417/417 353/353
f 417/417 418/418 354/354
f 418/418 419/419 355/355
f 419/419 420/420 356/356
f 420/420 421/421 357/357
f 421/421 422/422 358/358
f 422/422 423/423 359/359
f 423/423 424/424 360/360
f 424/424 425/425 361/361
f 425/425 426/426 362/362
f 426/426 427/427 363/363
f 427/427 428/428 364/364
f 428/428 429/429 365/365
f 429/429 430/430 366/366
f 430/430 431/431 367/367
f 431/431 432/432 368/368
f 432/432 433/433 369/369
f 433/433 434/434 370/370
f 434/434 435/435 371/371
f 435/435 436/436 372/372
f 436/436 437/437 373/373
f 437/437 438/438 374/374
f 438/438 439/439 375/375
f 439/439 440/440 376/376
f 440/440 441/441 377/377
f 441/441 442/442 378/378
f 442/442 443/443 379/379
f 443/443 444/444 380/380
f 444/444 445/445 381/381
f 445/445 446/446 382/382
f 446/446 447/447 383/383
f 447/447 448/448 384/384
f 449/449 450/450 386/386
f 450/450 451/451 387/387
f 451/451 452/452 388/388
f 452/452 453/453 389/389
f 453/453 454/454 390/390
f 454/454 455/455 391/391
f 455/455 456/456 392/392
f 456/456 457/457 393/393
f 457/457 458/458 394/394
f 458/458 459/459 395/395
f 459/459 460/460 396/396
f 460/460 461/461 397/397
f 461/461 462/462 398/398
f 462/462 463/463 399/399
f 463/463 464/464 400/400
f 464/464 465/465 401/401
f 465/465 466/466 402/402
f 466/466 467/467 403/403
f 467/467 468/468 404/404
f 468/468 469/469 405/405
f 469/469 470/470 406/406
f 470/470 471/471 407/407
f 471/471 472/472 408/408
f 472/472 473/473 409/409
f 473/473 474/474 410/410
f 474/474 475/475 411/411
f 475/475 476/476 412/412
f 476/476 477/477 413/413
f 477/477 478/478 414/414
f 478/478 479/479 415/415
f 479/479 480/480 416/416
f 480/480 481/481 417/417
f 481/481 482/482 418/418
f 482/482 483/483 419/419
f 483/483 484/484 420/420
f 484/484 485/485 421/421
f 485/485 486/486 422/422
f 486/486 487/487 423/423
f 487/487 488/488 424/424
f 488/488 489/489 425/425
f 489/489 490/490 426/426
f 490/490 491/491 427/427
f 491/491 492/492 428/428
f 492/492 493/493 429/429
f 493/493 494/494 430/430
f 494/494 495/495 431/431
f 495/495 496/496 432/432
f 496/496 497/497 433/433
f 497/497 498/498 434/434
f 498/498 499/499 435/435
f 499/499 500/500 436/436
f 500/500 501/501 437/437
f 501/501 502/502 438/438
f 502/502 503/503 439/439
f 503/503 504/504 440/440
f 504/504 505/505 441/441
f 505/505 506/506 442/442
f 506/506 507/507 443/443
f 507/507 508/508 444/444
f 508/508 509/509 445/445
f 509/509 510/510 446/446
f 510/510 511/511 447/447
f 511/511 512/512 448/448
f 513/513 514/514 450/450
f 514/514 515/515 451/451
f 515/515 516/516 452/452
f 516/516 517/517 453/453
f 517/517 518/518 454/454
f 518/518 519/519 455/455
f 519/519 520/520 456/456
f 520/520 521/521 457/457
f 521/521 522/522 458/458
f 522/522 523/523 459/459
f 523/523 524/524 460/460
f 524/524 525/525 461/461
f 525/525 526/526 462/462
f 526/526 527/527 463/463
f 527/527 528/528 464/464
f 528/528 529/529 465/465
f 529/529 530/530 466/466
f 530/530 531/531 467/467
f 531/531 532/532 468/468
f 532/532 533/533 469/469
f 533/533 534/534 470/470
f 534/534 535/535 471/471
f 535/535 536/536 472/472
f 536/536 537/537 473/473
f 537/537 538/538 474/474
f 538/538 539/539 475/475
f 539/539 540/540 476/476
f 540/540 541/541 477/477
f 541/541 542/542 478/478
f 542/542 543/543 479/479
f 543/543 544/544 480/480
f 544/544 545/545 481/481
f 545/545 546/546 482/482
f 546/546 547/547 483/483
f 547/547 548/548 484/484
f 548/548 549/549 485/485
f 549/549 550/550 486/486
f 550/550 551/551 487/487
f 551/551 552/552 488/488
f 552/552 553/553 489/489
f 553/553 554/554 490/490
f 554/554 555/555 491/491
f 555/555 556/556 492/492
f 556/556 557/557 493/493
f 557/557 558/558 494/494
f 558/558 559/559 495/495
f 559/559 560/560 496/496
f 560/560 561/561 497/497
f 561/561 562/562 498/498
f 562/562 563/563 499/499
f 563/563 564/564 500/500
f 564/564 565/565 501/501
f 565/565 566/566 502/502
f 566/566 567/567 503/503
f 567/567 568/568 504/504
f 568/568 569/569 505/505
f 569/569 570/570 506/506
f 570/570 571/571 507/507
f 571/571 572/572 508/508
f 572/572 573/573 509/509
f 573/573 574/574 510/510
f 574/574 575/575 511/511
f 575/575 576/576 512/512
f 577/577 578/578 514/514
f 578/578 579/579 515/515
f 579/579 580/580 516/516
f 580/580 581/581 517/517
f 581/581 582/582 518/518
f 582/582 583/583 519/519
f 583/583 584/584 520/520
f 584/584 585/585 521/521
f 585/585 586/586 522/522
f 586/586 587/587 523/523
f 587/587 588/588 524/524
f 588/588 589/589 525/525
f 589/589 590/590 526/526
f 590/590 591/591 527/527
f 591/591 592/592 528/528
f 592/592 593/593 529/529
f 593/593 594/594 530/530
f 594/594 595/595 531/531
f 595/595 596/596 532/532
f 596/596 597/597 533/533
f 597/597 598/598 534/534
f 598/598 599/599 535/535
f 599/599 600/600 536/536
f 600/600 601/601 537/537
f 601/601 602/602 538/538
f 602/602 603/603 539/539
f 603/603 604/604 540/540
f 604/604 605/605 541/541
f 605/605 606/606 542/542
f 606/606 607/607 543/543
f 607/607 608/608 544/544
f 608/608 609/609 545/545
f 609/609 610/610 546/546
f 610/610 611/611 547/547
f 611/611 612/612 548/548
f 612/612 613/613 549/549
f 613/613 614/614 550/550
f 614/614 615/615 551/551
f 615/615 616/616 552/552
f 616/616 617/617 553/553
f 617/617 618/618 554/554
f 618/618 619/619 555/555
f 619/619 620/620 556/556
f 620/620 621/621 557/557
f 621/621 622/622 558/558
f 622/622 623/623 559/559
f 623/623 624/624 560/560
f 624/624 625/625 561/561
f 625/625 626/626 562/562
f 626/626 627/627 563/563
f 627/627 628/628 564/564
f 628/628 629/629 565/565
f 629/629 630/630 566/566
f 630/630 631/631 567/567
f 631/631 632/632 568/568
f 632/632 633/633 569/569
f 633/633 634/634 570/570
f 634/634 635/635 571/571
f 635/635 636/636 572/572
f 636/636 637/637 573/573
f 637/637 638/638 574/574
f 638/638 639/639 575/575
f 639/639 640/640 576/576
f 641/641 642/642 578/578
f 642/642 643/643 579/579
f 643/643 644/644 580/580
f 644/644 645/645 581/581
f 645/645 646/646 582/582
f 646/646 647/647 583/583
f 647/647 648/648 584/584
f 648/648 649/649 585/585
f 649/649 650/650 586/586
f 650/650 651/651 587/587
f 651/651 652/652 588/588
f 652/652 653/653 589/589
f 653/653 654/654 590/590
f 654/654 655/655 591/591
f 655/655 656/656 592/592
f 656/656 657/657 593/593
f 657/657 658/658 594/594
f 658/658 659/659 595/595
f 659/659 660/660 596/596
f 660/660 661/661 597/597
f 661/661 662/662 598/598
f 662/662 663/663 599/599
f 663/663 664/664 600/600
f 664/664 665/665 601/601
f 665/665 666/666 602/602
f 666/666 667/667 603/603
f 667/667 668/668 604/604
f 668/668 669/669 605/605
f 669/669 670/670 606/606
f 670/670 671/671 607/607
f 671/671 672/672 608/608
f 672/672 673/673 609/609
f 673/673 674/674 610/610
f 674/674 675/675 611/611
f 675/675 676/676 612/612
f 676/676 677/677 613/613
f 677/677 678/678 614/614
f 678/678 679/679 615/615
f 679/679 680/680 616/616
f 680/680 681/681 617/617
f 681/681 682/682 618/618
f 682/682 683/683 619/619
f 683/683 684/684 620/620
f 684/684 685/685 621/621
f 685/685 686/686 622/622
f 686/686 687/687 623/623
f 687/687 688/688 624/624
f 688/688 689/689 625/625
f 689/689 690/690 626/626
f 690/690 691/691 627/627
f 691/691 692/692 628/628
f 692/692 693/693 629/629
f 693/693 694/694 630/630
f 694/694 695/695 631/631
f 695/695 696/696 632/632
f 696/696 697/697 633/633
f 697/697 698/698 634/634
f 698/698 699/699 635/635
f 699/699 700/700 636/636
f 700/700 701/701 637/637
f 701/701 702/702 638/638
f 702/702 703/703 639/639
f 703/703 704/704 640/640
f 705/705 706/706 642/642
f 706/706 707/707 643/643
f 707/707 708/708 644/644
f 708/708 709/709 645/645
f 709/709 710/710 646/646
f 710/710 711/711 647/647
f 711/711 712/712 648/648
f 712/712 713/713 649/649
f 713/713 714/714 650/650
f 714/714 715/715 651/651
f 715/715 716/716 652/652
f 716/716 717/717 653/653
f 717/717 718/718 654/654
f 718/718 719/719 655/655
f 719/719 720/720 656/656
f 720/720 721/721 657/657
f 721/721 722/722 658/658
f 722/722 723/723 659/659
f 723/723 724/724 660/660
f 724/724 725/725 661/661
f 725/725 726/726 662/662
f 726/726 727/727 663/663
f 727/727 728/728 664/664
f 728/728 729/729 665/665
f 729/729 730/730 666/666
f 730/730 731/731 667/667
f 731/731 732/732 668/668
f 732/732 733/733 669/669
f 733/733 734/734 670/670
f 734/734 735/735 671/671
f 735/735 736/736 672/672
f 736/736 737/737 673/673
f 737/737 738/738 674/674
f 738/738 739/739 675/675
f 739/739 740/740 676/676
f 740/740 741/741 677/677
f 741/741 742/742 678/678
f 742/742 743/743 679/679
f 743/743 744/744 680/680
f 744/744 745/745 681/681
f 745/745 746/746 682/682
f 746/746 747/747 683/683
f 747/747 748/748 684/684
f 748/748 749/749 685/685
f 749/749 750/750 686/686
f 750/750 751/751 687/687
f 751/751 752/752 688/688
f 752/752 753/753 689/689
f 753/753 754/754 690/690
f 754/754 755/755 691/691
f 755/755 756/756 692/692
f 756/756 757/757 693/693
f 757/757 758/758 694/694
f 758/758 759/759 695/695
f 759/759 760/760 696/696
f 760/760 761/761 697/697
f 761/761 762/762 698/698
f 762/762 763/763 699/699
f 763/763 764/764 700/700
f 764/764 765/765 701/701
f 765/765 766/766 702/702
f 766/766 767/767 703/703
f 767/767 768/768 704/704
f 769/769 770/770 706/706
f 770/770 771/771 707/707
f 771/771 772/772 708/708
f 772/772 773/773 709/709
f 773/773 774/774 710/710
f 774/774 775/775 711/711
f 775/775 776/776 712/712
f 776/776 777/777 713/713
f 777/777 778/778 714/714
f 778/778 779/779 715/715
f 779/779 780/780 716/716
f 780/780 781/781 717/717
f 781/781 782/782 718/718
f 782/782 783/783 719/719
f 783/783 784/784 720/720
f 784/784 785/785 721/721
f 785/785 786/786 722/722
f 786/786 787/787 723/723
f 787/787 788/788 724/724
f 788/788 789/789 725/725
f 789/789 790/790 726/726
f 790/790 791/791 727/727
f 791/791 792/792 728/728
f 792/792 793/793 729/729
f 793/793 794/794 730/730
f 794/794 795/795 731/731
f 795/795 796/796 732/732
f 796/796 797/797 733/733
f 797/797 798/798 734/734
f 798/798 799/799 735/735
f 799/799 800/800 736/736
f 800/800 801/801 737/737
f 801/801 802/802 738/738
f 802/802 803/803 739/739
f 803/803 804/804 740/740
f 804/804 805/805 741/741
f 805/805 806/806 742/742
f 806/806 807/807 743/743
f 807/807 808/808 744/744
f 808/808 809/809 745/745
f 809/809 810/810 746/746
f 810/810 811/811 747/747
f 811/811 812/812 748/748
f 812/812 813/813 749/749
f 813/813 814/814 750/750
f 814/814 815/815 751/751
f 815/815 816/816 752/752
f 816/816 817/817 753/753
f 817/817 818/818 754/754
f 818/818 819/819 755/755
f 819/819 820/820 756/756
f 820/820 821/821 757/757
f 821/821 822/822 758/758
f 822/822 823/823 759/759
f 823/823 824/824 760/760
f 824/824 825/825 761/761
f 825/825 826/826 762/762
f 826/826 827/827 763/763
f 827/827 828/828 764/764
f 828/828 829/829 765/765
f 829/829 830/830 766/766
f 830/830 831/831 767/767
f 831/831 832/832 768/768
f 833/833 834/834 770/770
f 834/834 835/835 771/771
f 835/835 836/836 772/772
f 836/836 837/837 773/773
f 837/837 838/838 774/774
f 838/838 839/839 775/775
f 839/839 840/840 776/776
f 840/840 841/841 777/777
f 841/841 842/842 778/778
f 842/842 843/843 779/779
f 843/843 844/844 780/780
f 844/844 845/845 781/781
f 845/845 846/846 782/782
f 846/846 847/847 783/783
f 847/847 848/848 784/784
f 848/848 849/849 785/785
f 849/849 850/850 786/786
f 850/850 851/851 787/787
f 851/851 852/852 788/788
f 852/852 853/853 789/789
f 853/853 854/854 790/790
f 854/854 855/855 791/791
f 855/855 856/856 792/792
f 856/856 857/857 793/793
f 857/857 858/858 794/794
f 858/858 859/859 795/795
f 859/859 860/860 796/796
f 860/860 861/861 797/797
f 861/861 862/862 798/798
f 862/862 863/863 799/799
f 863/863 864/864 800/800
f 864/864 865/865 801/801
f 865/865 866/866 802/802
f 866/866 867/867 803/803
f 867/867 868/868 804/804
f 868/868 869/869 805/805
f 869/869 870/870 806/806
f 870/870 871/871 807/807
f 871/871 872/872 808/808
f 872/872 873/873 809/809
f 873/873 874/874 810/810
f 874/874 875/875 811/811
f 875/875 876/876 812/812
f 876/876 877/877 813/813
f 877/877 878/878 814/814
f 878/878 879/879 815/815
f 879/879 880/880 816/816
f 880/880 881/881 817/817
f 881/881 882/882 818/818
f 882/882 883/883 819/819
f 883/883 884/884 820/820
f 884/884 885/885 821/821
f 885/885 886/886 822/822
f 886/886 887/887 823/823
f 887/887 888/888 824/824
f 888/888 889/889 825/825
f 889/889 890/890 826/826
f 890/890 891/891 827/827
f 891/891 892/892 828/828
f 892/892 893/893 829/829
f 893/893 894/894 830/830
f 894/894 895/895 831/831
f 895/895 896/896 832/832
f 897/897 898/898 834/834
f 898/898 899/899 835/835
f 899/899 900/900 836/836
f 900/900 901/901 837/837
f 901/901 902/902 838/838
f 902/902 903/903 839/839
f 903/903 904/904 840/840
f 904/904 905/905 841/841
f 905/905 906/906 842/842
f 906/906 907/907 843/843
f 907/907 908/908 844/844
f 908/908 909/909 845/845
f 909/909 910/910 846/846
f 910/910 911/911 847/847
f 911/911 912/912 848/848
f 912/912 913/913 849/849
f 913/913 914/914 850/850
f 914/914 915/915 851/851
f 915/915 916/916 852/852
f 916/916 917/917 853/853
f 917/917 918/918 854/854
f 918/918 919/919 855/855
f 919/919 920/920 856/856
f 920/920 921/921 857/857
f 921/921 922/922 858/858
f 922/922 923/923 859/859
f 923/923 924/924 860/860
f 924/924 925/925 861/861
f 925/925 926/926 862/862
f 926/926 927/927 863/863
f 927/927 928/928 864/864
f 928/928 929/929 865/865
f 929/929 930/930 866/866
f 930/930 931/931 867/867
f 931/931 932/932 868/868
f 932/932 933/933 869/869
f 933/933 934/934 870/870
f 934/934 935/935 871/871
f 935/935 936/936 872/872
f 936/936 937/937 873/873
f 937/937 938/938 874/874
f 938/938 939/939 875/875
f 939/939 940/940 876/876
f 940/940 941/941 877/877
f 941/941 942/942 878/878
f 942/942 943/943 879/879
f 943/943 944/944 880/880
f 944/944 945/945 881/881
f 945/945 946/946 882/882
f 946/946 947/947 883/883
f 947/947 948/948 884/884
f 948/948 949/949 885/885
f 949/949 950/950 886/886
f 950/950 951/951 887/887
f 951/951 952/952 888/888
f 952/952 953/953 889/889
f 953/953 954/954 890/890
f 954/954 955/955 891/891
f 955/955 956/956 892/892
f 956/956 957/957 893/893
f 957/957 958/958 894/894
f 958/958 959/959 895/895
f 959/959 960/960 896/896
f 961/961 962/962 898/898
f 962/962 963/963 899/899
f 963/963 964/964 900/900
f 964/964 965/965 901/901
f 965/965 966/966 902/902
f 966/966 967/967 903/903
f 967/967 968/968 904/904
f 968/968 969/969 905/905
f 969/969 970/970 906/906
f 970/970 971/971 907/907
f 971/971 972/972 908/908
f 972/972 973/973 909/909
f 973/973 974/974 910/910
f 974/974 975/975 911/911
f 975/975 976/976 912/912
f 976/976 977/977 913/913
f 977/977 978/978 914/914
f 978/978 979/979 915/915
f 979/979 980/980 916/916
f 980/980 981/981 917/917
f 981/981 982/982 918/918
f 982/982 983/983 919/919
f 983/983 984/984 920/920
f 984/984 985/985 921/921
f 985/985 986/986 922/922
f 986/986 987/987 923/923
f 987/987 988/988 924/924
f 988/988 989/989 925/925
f 989/989 990/990 926/926
f 990/990 991/991 927/927
f 991/991 992/992 928/928
f 992/992 993/993 929/929
f 993/993 994/994 930/930
f 994/994 995/995 931/931
f 995/995 996/996 932/932
f 996/996 997/997 933/933
f 997/997 998/998 934/934
f 998/998 999/999 935/935
f 999/999 1000/1000 936/936
f 1000/1000 1001/1001 937/937
f 1001/1001 1002/1002 938/938
f 1002/1002 1003/1003 939/939
f 1003/1003 1004/1004 940/940
f 1004/1004 1005/1005 941/941
f 1005/1005 1006/1006 942/942
f 1006/1006 1007/1007 943/943
f 1007/1007 1008/1008 944/944
f 1008/1008 1009/1009 945/945
f 1009/1009 1010/1010 946/946
f 1010/1010 1011/1011 947/947
f 1011/1011 1012/1012 948/948
f 1012/1012 1013/1013 949/949
f 1013/1013 1014/1014 950/950
f 1014/1014 1015/1015 951/951
f 1015/1015 1016/1016 952/952
f 1016/1016 1017/1017 953/953
f 1017/1017 1018/1018 954/954
f 1018/1018 1019/1019 955/955
f 1019/1019 1020/1020 956/956
f 1020/1020 1021/1021 957/957
f 1021/1021 1022/1022 958/958
f 1022/1022 1023/1023 959/959
f 1023/1023 1024/1024 960/960
f 1025/1025 1026/1026 962/962
f 1026/1026 1027/1027 963/963
f 1027/1027 1028/1028 964/964
f 1028/1028 1029/1029 965/965
f 1029/1029 1030/1030 966/966
f 1030/1030 1031/1031 967/967
f 1031/1031 1032/1032 968/968
f 1032/1032 1033/1033 969/969
f 1033/1033 1034/1034 970/970
f 1034/1034 1035/1035 971/971
f 1035/1035 1036/1036 972/972
f 1036/1036 1037/1037 973/973
f 1037/1037 1038/1038 974/974
f 1038/1038 1039/1039 975/975
f 1039/1039 1040/1040 976/976
f 1040/1040 1041/1041 977/977
f 1041/1041 1042/1042 978/978
f 1042/1042 1043/1043 979/979
f 1043/1043 1044/1044 980/980
f 1044/1044 1045/1045 981/981
f 1045/1045 1046/1046 982/982
f 1046/1046 1047/1047 983/983
f 1047/1047 1048/1048 984/984
f 1048/1048 1049/1049 985/985
f 1049/1049 1050/1050 986/986
f 1050/1050 1051/1051 987/987
f 1051/1051 1052/1052 988/988
f 1052/1052 1053/1053 989/989
f 1053/1053 1054/1054 990/990
f 1054/1054 1055/1055 991/991
f 1055/1055 1056/1056 992/992
f 1056/1056 1057/1057 993/993
f 1057/1057 1058/1058 994/994
f 1058/1058 1059/1059 995/995
f 1059/1059 1060/1060 996/996
f 1060/1060 1061/1061 997/997
f 1061/1061 1062/1062 998/998
f 1062/1062 1063/1063 999/999
f 1063/1063 1064/1064 1000/1000
f 1064/1064 1065/1065 1001/1001
f 1065/1065 1066/1066 1002/1002
f 1066/1066 1067/1067 1003/1003
f 1067/1067 1068/1068 1004/1004
f 1068/1068 1069/1069 1005/1005
f 1069/1069 1070/1070 1006/1006
f 1070/1070 1071/1071 1007/1007
f 1071/1071 1072/1072 1008/1008
f 1072/1072 1073/1073 1009/1009
f 1073/1073 1074/1074 1010/1010
f 1074/1074 1075/1075 1011/1011
f 1075/1075 1076/1076 1012/1012
f 1076/1076 1077/1077 1013/1013
f 1077/1077 1078/1078 1014/1014
f 1078/1078 1079/1079 1015/1015
f 1079/1079 1080/1080 1016/1016
f 1080/1080 1081/1081 1017/1017
f 1081/1081 1082/1082 1018/1018
f 1082/1082 1083/1083 1019/1019
f 1083/1083 1084/1084 1020/1020
f 1084/1084 1085/1085 1021/1021
f 1085/1085 1086/1086 1022/1022
f 1086/1086 1087/1087 1023/1023
f 1087/1087 1088/1088 1024/1024
f 1089/1089 1090/1090 1026/1026
f 1090/1090 1091/1091 1027/1027
f 1091/1091 1092/1092 1028/1028
f 1092/1092 1093/1093 1029/1029
f 1093/1093 1094/1094 1030/1030
f 1094/1094 1095/1095 1031/1031
f 1095/1095 1096/1096 1032/1032
f 1096/1096 1097/1097 1033/1033
f 1097/1097 1098/1098 1034/1034
f 1098/1098 1099/1099 1035/1035
f 1099/1099 1100/1100 1036/1036
f 1100/1100 1101/1101 1037/1037
f 1101/1101 1102/1102 1038/1038
f 1102/1102 1103/1103 1039/1039
f 1103/1103 1104/1104 1040/1040
f 1104/1104 1105/1105 1041/1041
f 1105/1105 1106/1106 1042/1042
f 1106/1106 1107/1107 1043/1043
f 1107/1107 1108/1108 1044/1044
f 1108/1108 1109/1109 1045/1045
f 1109/1109 1110/1110 1046/1046
f 1110/1110 1111/1111 1047/1047
f 1111/1111 1112/1112 1048/1048
f 1112/1112 1113/1113 1049/1049
f 1113/1113 1114/1114 1050/1050
f 1114/1114 1115/1115 1051/1051
f 1115/1115 1116/1116 1052/1052
f 1116/1116 1117/1117 1053/1053
f 1117/1117 1118/1118 1054/1054
f 1118/1118 1119/1119 1055/1055
f 1119/1119 1120/1120 1056/1056
f 1120/1120 1121/1121 1057/1057
f 1121/1121 1122/1122 1058/1058
f 1122/1122 1123/1123 1059/1059
f 1123/1123 1124/1124 1060/1060
f 1124/1124 1125/1125 1061/1061
f 1125/1125 1126/1126 1062/1062
f 1126/1126 1127/1127 1063/1063
f 1127/1127 1128/1128 1064/1064
f 1128/1128 1129/1129 1065/1065
f 1129/1129 1130/1130 1066/1066
f 1130/1130 1131/1131 1067/1067
f 1131/1131 1132/1132 1068/1068
f 1132/1132 1133/1133 1069/1069
f 1133/1133 1134/1134 1070/1070
f 1134/1134 1135/1135 1071/1071
f 1135/1135 1136/1136 1072/1072
f 1136/1136 1137/1137 1073/1073
f 1137/1137 1138/1138 1074/1074
f 1138/1138 1139/1139 1075/1075
f 1139/1139 1140/1140 1076/1076
f 1140/1140 1141/1141 1077/1077
f 1141/1141 1142/1142 1078/1078
f 1142/1142 1143/1143 1079/1079
f 1143/1143 1144/1144 1080/1080
f 1144/1144 1145/1145 1081/1081
f 1145/1145 1146/1146 1082/1082
f 1146/1146 1147/1147 1083/1083
f 1147/1147 1148/1148 1084/1084
f 1148/1148 1149/1149 1085/1085
f 1149/1149 1150/1150 1086/1086
f 1150/1150 1151/1151 1087/1087
f 1151/1151 1152/1152 1088/1088
f 1153/1153 1154/1154 1090/1090
f 1154/1154 1155/1155 1091/1091
f 1155/1155 1156/1156 1092/1092
f 1156/1156 1157/1157 1093/1093
f 1157/1157 1158/1158 1094/1094
f 1158/1158 1159/1159 1095/1095
f 1159/1159 1160/1160 1096/1096
f 1160/1160 1161/1161 1097/1097
f 1161/1161 1162/1162 1098/1098
f 1162/1162 1163/1163 1099/1099
f 1163/1163 1164/1164 1100/1100
f 1164/1164 1165/1165 1101/1101
f 1165/1165 1166/1166 1102/1102
f 1166/1166 1167/1167 1103/1103
f 1167/1167 1168/1168 1104/1104
f 1168/1168 1169/1169 1105/1105
f 1169/1169 1170/1170 1106/1106
f 1170/1170 1171/1171 1107/1107
f 1171/1171 1172/1172 1108/1108
f 1172/1172 1173/1173 1109/1109
f 1173/1173 1174/1174 1110/1110
f 1174/1174 1175/1175 1111/1111
f 1175/1175 1176/1176 1112/1112
f 1176/1176 1177/1177 1113/1113
f 1177/1177 1178/1178 1114/1114
f 1178/1178 1179/1179 1115/1115
f 1179/1179 1180/1180 1116/1116
f 1180/1180 1181/1181 1117/1117
f 1181/1181 1182/1182 1118/1118
f 1182/1182 1183/1183 1119/1119
f 1183/1183 1184/1184 1120/1120
f 1184/1184 1185/1185 1121/1121
f 1185/1185 1186/1186 1122/1122
f 1186/1186 1187/1187 1123/1123
f 1187/1187 1188/1188 1124/1124
f 1188/1188 1189/1189 1125/1125
f 1189/1189 1190/1190 1126/1126
f 1190/1190 1191/1191 1127/1127
f 1191/1191 1192/1192 1128/1128
f 1192/1192 1193/1193 1129/1129
f 1193/1193 1194/1194 1130/1130
f 1194/1194 1195/1195 1131/1131
f 1195/1195 1196/1196 1132/1132
f 1196/1196 1197/1197 1133/1133
f 1197/1197 1198/1198 1134/1134
f 1198/1198 1199/1199 1135/1135
f 1199/1199 1200/1200 1136/1136
f 1200/1200 1201/1201 1137/1137
f 1201/1201 1202/1202 1138/1138
f 1202/1202 1203/1203 1139/1139
f 1203/1203 1204/1204 1140/1140
f 1204/1204 1205/1205 1141/1141
f 1205/1205 1206/1206 1142/1142
f 1206/1206 1207/1207 1143/1143
f 1207/1207 1208/1208 1144/1144
f 1208/1208 1209/1209 1145/1145
f 1209/1209 1210/1210 1146/1146
f 1210/1210 1211/1211 1147/1147
f 1211/1211 1212/1212 1148/1148
f 1212/1212 1213/1213 1149/1149
f 1213/1213 1214/1214 1150/1150
f 1214/1214 1215/1215 1151/1151
f 1215/1215 1216/1216 1152/1152
f 1217/1217 1218/1218 1154/1154
f 1218/1218 1219/1219 1155/1155
f 1219/1219 1220/1220 1156/1156
f 1220/1220 1221/1221 1157/1157
f 1221/1221 1222/1222 1158/1158
f 1222/1222 1223/1223 1159/1159
f 1223/1223 1224/1224 1160/1160
f 1224/1224 1225/1225 1161/1161
f 1225/1225 1226/1226 1162/1162
f 1226/1226 1227/1227 1163/1163
f 1227/1227 1228/1228 1164/1164
f 1228/1228 1229/1229 1165/1165
f 1229/1229 1230/1230 1166/1166
f 1230/1230 1231/1231 1167/1167
f 1231/1231 1232/1232 1168/1168
f 1232/1232 1233/1233 1169/1169
f 1233/1233 1234/1234 1170/1170
f 1234/1234 1235/1235 1171/1171
f 1235/1235 1236/1236 1172/1172
f 1236/1236 1237/1237 1173/1173
f 1237/1237 1238/1238 1174/1174
f 1238/1238 1239/1239 1175/1175
f 1239/1239 1240/1240 1176/1176
f 1240/1240 1241/1241 1177/1177
f 1241/1241 1242/1242 1178/1178
f 1242/1242 1243/1243 1179/1179
f 1243/1243 1244/1244 1180/1180
f 1244/1244 1245/1245 1181/1181
f 1245/1245 1246/1246 1182/1182
f 1246/1246 1247/1247 1183/1183
f 1247/1247 1248/1248 1184/1184
f 1248/1248 1249/1249 1185/1185
f 1249/1249 1250/1250 1186/1186
f 1250/1250 1251/1251 1187/1187
f 1251/1251 1252/1252 1188/1188
f 1252/1252 1253/1253 1189/1189
f 1253/1253 1254/1254 1190/1190
f 1254/1254 1255/1255 1191/1191
f 1255/1255 1256/1256 1192/1192
f 1256/1256 1257/1257 1193/1193
f 1257/1257 1258/1258 1194/1194
f 1258/1258 1259/1259 1195/1195
f 1259/1259 1260/1260 1196/1196
f 1260/1260 1261/1261 1197/1197
f 1261/1261 1262/1262 1198/1198
f 1262/1262 1263/1263 1199/1199
f 1263/1263 1264/1264 1200/1200
f 1264/1264 1265/1265 1201/1201
f 1265/1265 1266/1266 1202/1202
f 1266/1266 1267/1267 1203/1203
f 1267/1267 1268/1268 1204/1204
f 1268/1268 1269/1269 1205/1205
f 1269/1269 1270/1270 1206/1206
f 1270/1270 1271/1271 1207/1207
f 1271/1271 1272/1272 1208/1208
f 1272/1272 1273/1273 1209/1209
f 1273/1273 1274/1274 1210/1210
f 1274/1274 1275/1275 1211/1211
f 1275/1275 1276/1276 1212/1212
f 1276/1276 1277/1277 1213/1213
f 1277/1277 1278/1278 1214/1214
f 1278/1278 1279/1279 1215/1215
f 1279/1279 1280/1280 1216/1216
f 1281/1281 1282/1282 1218/1218
f 1282/1282 1283/1283 1219/1219
f 1283/1283 1284/1284 1220/1220
f 1284/1284 1285/1285 1221/1221
f 1285/1285 1286/1286 1222/1222
f 1286/1286 1287/1287 1223/1223
f 1287/1287 1288/1288 1224/1224
f 1288/1288 1289/1289 1225/1225
f 1289/1289 1290/1290 1226/1226
f 1290/1290 1291/1291 1227/1227
f 1291/1291 1292/1292 1228/1228
f 1292/1292 1293/1293 1229/1229
f 1293/1293 1294/1294 1230/1230
f 1294/1294 1295/1295 1231/1231
f 1295/1295 1296/1296 1232/1232
f 1296/1296 1297/1297 1233/1233
f 1297/1297 1298/1298 1234/1234
f 1298/1298 1299/1299 1235/1235
f 1299/1299 1300/1300 1236/1236
f 1300/1300 1301/1301 1237/1237
f 1301/1301 1302/1302 1238/1238
f 1302/1302 1303/1303 1239/1239
f 1303/1303 1304/1304 1240/1240
f 1304/1304 1305/1305 1241/1241
f 1305/1305 1306/1306 1242/1242
f 1306/1306 1307/1307 1243/1243
f 1307/1307 1308/1308 1244/1244
f 1308/1308 1309/1309 1245/1245
f 1309/1309 1310/1310 1246/1246
f 1310/1310 1311/1311 1247/1247
f 1311/1311 1312/1312 1248/1248
f 1312/1312 1313/1313 1249/1249
f 1313/1313 1314/1314 1250/1250
f 1314/1314 1315/1315 1251/1251
f 1315/1315 1316/1316 1252/1252
f 1316/1316 1317/1317 1253/1253
f 1317/1317 1318/1318 1254/1254
f 1318/1318 1319/1319 1255/1255
f 1319/1319 1320/1320 1256/1256
f 1320/1320 1321/1321 1257/1257
f 1321/1321 1322/1322 1258/1258
f 1322/1322 1323/1323 1259/1259
f 1323/1323 1324/1324 1260/1260
f 1324/1324 1325/1325 1261/1261
f 1325/1325 1326/1326 1262/1262
f 1326/1326 1327/1327 1263/1263
f 1327/1327 1328/1328 1264/1264
f 1328/1328 1329/1329 1265/1265
f 1329/1329 1330/1330 1266/1266
f 1330/1330 1331/1331 1267/1267
f 1331/1331 1332/1332 1268/1268
f 1332/1332 1333/1333 1269/1269
f 1333/1333 1334/1334 1270/1270
f 1334/1334 1335/1335 1271/1271
f 1335/1335 1336/1336 1272/1272
f 1336/1336 1337/1337 1273/1273
f 1337/1337 1338/1338 1274/1274
f 1338/1338 1339/1339 1275/1275
f 1339/1339 1340/1340 1276/1276
f 1340/1340 1341/1341 1277/1277
f 1341/1341 1342/1342 1278/1278
f 1342/1342 1343/1343 1279/1279
f 1343/1343 1344/1344 1280/1280
f 1345/1345 1346/1346 1282/1282
f 1346/1346 1347/1347 1283/1283
f 1347/1347 1348/1348 1284/1284
f 1348/1348 1349/1349 1285/1285
f 1349/1349 1350/1350 1286/1286
f 1350/1350 1351/1351 1287/1287
f 1351/1351 1352/1352 1288/1288
f 1352/1352 1353/1353 1289/1289
f 1353/1353 1354/1354 1290/1290
f 1354/1354 1355/1355 1291/1291
f 1355/1355 1356/1356 1292/1292
f 1356/1356 1357/1357 1293/1293
f 1357/1357 1358/1358 1294/1294
f 1358/1358 1359/1359 1295/1295
f 1359/1359 1360/1360 1296/1296
f 1360/1360 1361/1361 1297/1297
f 1361/1361 1362/1362 1298/1298
f 1362/1362 1363/1363 1299/1299
f 1363/1363 1364/1364 1300/1300
f 1364/1364 1365/1365 1301/1301
f 1365/1365 1366/1366 1302/1302
f 1366/1366 1367/1367 1303/1303
f 1367/1367 1368/1368 1304/1304
f 1368/1368 1369/1369 1305/1305
f 1369/1369 1370/1370 1306/1306
f 1370/1370 1371/1371 1307/1307
f 1371/1371 1372/1372 1308/1308
f 1372/1372 1373/1373 1309/1309
f 1373/1373 1374/1374 1310/1310
f 1374/1374 1375/1375 1311/1311
f 1375/1375 1376/1376 1312/1312
f 1376/1376 1377/1377 1313/1313
f 1377/1377 1378/1378 1314/1314
f 1378/1378 1379/1379 1315/1315
f 1379/1379 1380/1380 1316/1316
f 1380/1380 1381/1381 1317/1317
f 1381/1381 1382/1382 1318/1318
f 1382/1382 1383/1383 1319/1319
f 1383/1383 1384/1384 1320/1320
f 1384/1384 1385/1385 1321/1321
f 1385/1385 1386/1386 1322/1322
f 1386/1386 1387/1387 1323/1323
f 1387/1387 1388/1388 1324/1324
f 1388/1388 1389/1389 1325/1325
f 1389/1389 1390/1390 1326/1326
f 1390/1390 1391/1391 1327/1327
f 1391/1391 1392/1392 1328/1328
f 1392/1392 1393/1393 1329/1329
f 1393/1393 1394/1394 1330/1330
f 1394/1394 1395/1395 1331/1331
f 1395/1395 1396/1396 1332/1332
f 1396/1396 1397/1397 1333/1333
f 1397/1397 1398/1398 1334/1334
f 1398/1398 1399/1399 1335/1335
f 1399/1399 1400/1400 1336/1336
f 1400/1400 1401/1401 1337/1337
f 1401/1401 1402/1402 1338/1338
f 1402/1402 1403/1403 1339/1339
f 1403/1403 1404/1404 1340/1340
f 1404/1404 1405/1405 1341/1341
f 1405/1405 1406/1406 1342/1342
f 1406/1406 1407/1407 1343/1343
f 1407/1407 1408/1408 1344/1344
f 1409/1409 1410/1410 1346/1346
f 1410/1410 1411/1411 1347/1347
f 1411/1411 1412/1412 1348/1348
f 1412/1412 1413/1413 1349/1349
f 1413/1413 1414/1414 1350/1350
f 1414/1414 1415/1415 1351/1351
f 1415/1415 1416/1416 1352/1352
f 1416/1416 1417/1417 1353/1353
f 1417/1417 1418/1418 1354/1354
f 1418/1418 1419/1419 1355/1355
f 1419/1419 1420/1420 1356/1356
f 1420/1420 1421/1421 1357/1357
f 1421/1421 1422/1422 1358/1358
f 1422/1422 1423/1423 1359/1359
f 1423/1423 1424/1424 1360/1360
f 1424/1424 1425/1425 1361/1361
f 1425/1425 1426/1426 1362/1362
f 1426/1426 1427/1427 1363/1363
f 1427/1427 1428/1428 1364/1364
f 1428/1428 1429/1429 1365/1365
f 1429/1429 1430/1430 1366/1366
f 1430/1430 1431/1431 1367/1367
f 1431/1431 1432/1432 1368/1368
f 1432/1432 1433/1433 1369/1369
f 1433/1433 1434/1434 1370/1370
f 1434/1434 1435/1435 1371/1371
f 1435/1435 1436/1436 1372/1372
f 1436/1436 1437/1437 1373/1373
f 1437/1437 1438/1438 1374/1374
f 1438/1438 1439/1439 1375/1375
f 1439/1439 1440/1440 1376/1376
f 1440/1440 1441/1441 1377/1377
f 1441/1441 1442/1442 1378/1378
f 1442/1442 1443/1443 1379/1379
f 1443/1443 1444/1444 1380/1380
f 1444/1444 1445/1445 1381/1381
f 1445/1445 1446/1446 1382/1382
f 1446/1446 1447/1447 1383/1383
f 1447/1447 1448/1448 1384/1384
f 1448/1448 1449/1449 1385/1385
f 1449/1449 1450/1450 1386/1386
f 1450/1450 1451/1451 1387/1387
f 1451/1451 1452/1452 1388/1388
f 1452/1452 1453/1453 1389/1389
f 1453/1453 1454/1454 1390/1390
f 1454/1454 1455/1455 1391/1391
f 1455/1455 1456/1456 1392/1392
f 1456/1456 1457/1457 1393/1393
f 1457/1457 1458/1458 1394/1394
f 1458/1458 1459/1459 1395/1395
f 1459/1459 1460/1460 1396/1396
f 1460/1460 1461/1461 1397/1397
f 1461/1461 1462/1462 1398/1398
f 1462/1462 1463/1463 1399/1399
f 1463/1463 1464/1464 1400/1400
f 1464/1464 1465/1465 1401/1401
f 1465/1465 1466/1466 1402/1402
f 1466/1466 1467/1467 1403/1403
f 1467/1467 1468/1468 1404/1404
f 1468/1468 1469/1469 1405/1405
f 1469/1469 1470/1470 1406/1406
f 1470/1470 1471/1471 1407/1407
f 1471/1471 1472/1472 1408/1408
f 1473/1473 1474/1474 1410/1410
f 1474/1474 1475/1475 1411/1411
f 1475/1475 1476/1476 1412/1412
f 1476/1476 1477/1477 1413/1413
f 1477/1477 1478/1478 1414/1414
f 1478/1478 1479/1479 1415/1415
f 1479/1479 1480/1480 1416/1416
f 1480/1480 1481/1481 1417/1417
f 1481/1481 1482/1482 1418/1418
f 1482/1482 1483/1483 1419/1419
f 1483/1483 1484/1484 1420/1420
f 1484/1484 1485/1485 1421/1421
f 1485/1485 1486/1486 1422/1422
f 1486/1486 1487/1487 1423/1423
f 1487/1487 1488/1488 1424/1424
f 1488/1488 1489/1489 1425/1425
f 1489/1489 1490/1490 1426/1426
f 1490/1490 1491/1491 1427/1427
f 1491/1491 1492/1492 1428/1428
f 1492/1492 1493/1493 1429/1429
f 1493/1493 1494/1494 1430/1430
f 1494/1494 1495/1495 1431/1431
f 1495/1495 1496/1496 1432/1432
f 1496/1496 1497/1497 1433/1433
f 1497/1497 1498/1498 1434/1434
f 1498/1498 1499/1499 1435/1435
f 1499/1499 1500/1500 1436/1436
f 1500/1500 1501/1501 1437/1437
f 1501/1501 1502/1502 1438/1438
f 1502/1502 1503/1503 1439/1439
f 1503/1503 1504/1504 1440/1440
f 1504/1504 1505/1505 1441/1441
f 1505/1505 1506/1506 1442/1442
f 1506/1506 1507/1507 1443/1443
f 1507/1507 1508/1508 1444/1444
f 1508/1508 1509/1509 1445/1445
f 1509/1509 1510/1510 1446/1446
f 1510/1510 1511/1511 1447/1447
f 1511/1511 1512/1512 1448/1448
f 1512/1512 1513/1513 1449/1449
f 1513/1513 1514/1514 1450/1450
f 1514/1514 1515/1515 1451/1451
f 1515/1515 1516/1516 1452/1452
f 1516/1516 1517/1517 1453/1453
f 1517/1517 1518/1518 1454/1454
f 1518/1518 1519/1519 1455/1455
f 1519/1519 1520/1520 1456/1456
f 1520/1520 1521/1521 1457/1457
f 1521/1521 1522/1522 1458/1458
f 1522/1522 1523/1523 1459/1459
f 1523/1523 1524/1524 1460/1460
f 1524/1524 1525/1525 1461/1461
f 1525/1525 1526/1526 1462/1462
f 1526/1526 1527/1527 1463/1463
f 1527/1527 1528/1528 1464/1464
f 1528/1528 1529/1529 1465/1465
f 1529/1529 1530/1530 1466/1466
f 1530/1530 1531/1531 1467/1467
f 1531/1531 1532/1532 1468/1468
f 1532/1532 1533/1533 1469/1469
f 1533/1533 1534/1534 1470/1470
f 1534/1534 1535/1535 1471/1471
f 1535/1535 1536/1536 1472/1472
f 1537/1537 1538/1538 1474/1474
f 1538/1538 1539/1539 1475/1475
f 1539/1539 1540/1540 1476/1476
f 1540/1540 1541/1541 1477/1477
f 1541/1541 1542/1542 1478/1478
f 1542/1542 1543/1543 1479/1479
f 1543/1543 1544/1544 1480/1480
f 1544/1544 1545/1545 1481/1481
f 1545/1545 1546/1546 1482/1482
f 1546/1546 1547/1547 1483/1483
f 1547/1547 1548/1548 1484/1484
f 1548/1548 1549/1549 1485/1485
f 1549/1549 1550/1550 1486/1486
f 1550/1550 1551/1551 1487/1487
f 1551/1551 1552/1552 1488/1488
f 1552/1552 1553/1553 1489/1489
f 1553/1553 1554/1554 1490/1490
f 1554/1554 1555/1555 1491/1491
f 1555/1555 1556/1556 1492/1492
f 1556/1556 1557/1557 1493/1493
f 1557/1557 1558/1558 1494/1494
f 1558/1558 1559/1559 1495/1495
f 1559/1559 1560/1560 1496/1496
f 1560/1560 1561/1561 1497/1497
f 1561/1561 1562/1562 1498/1498
f 1562/1562 1563/1563 1499/1499
f 1563/1563 1564/1564 1500/1500
f 1564/1564 1565/1565 1501/1501
f 1565/1565 1566/1566 1502/1502
f 1566/1566 1567/1567 1503/1503
f 1567/1567 1568/1568 1504/1504
f 1568/1568 1569/1569 1505/1505
f 1569/1569 1570/1570 1506/1506
f 1570/1570 1571/1571 1507/1507
f 1571/1571 1572/1572 1508/1508
f 1572/1572 1573/1573 1509/1509
f 1573/1573 1574/1574 1510/1510
f 1574/1574 1575/1575 1511/1511
f 1575/1575 1576/1576 1512/1512
f 1576/1576 1577/1577 1513/1513
f 1577/1577 1578/1578 1514/1514
f 1578/1578 1579/1579 1515/1515
f 1579/1579 1580/1580 1516/1516
f 1580/1580 1581/1581 1517/1517
f 1581/1581 1582/1582 1518/1518
f 1582/1582 1583/1583 1519/1519
f 1583/1583 1584/1584 1520/1520
f 1584/1584 1585/1585 1521/1521
f 1585/1585 1586/1586 1522/1522
f 1586/1586 1587/1587 1523/1523
f 1587/1587 1588/1588 1524/1524
f 1588/1588 1589/1589 1525/1525
f 1589/1589 1590/1590 1526/1526
f 1590/1590 1591/1591 1527/1527
f 1591/1591 1592/1592 1528/1528
f 1592/1592 1593/1593 1529/1529
f 1593/1593 1594/1594 1530/1530
f 1594/1594 1595/1595 1531/1531
f 1595/1595 1596/1596 1532/1532
f 1596/1596 1597/1597 1533/1533
f 1597/1597 1598/1598 1534/1534
f 1598/1598 1599/1599 1535/1535
f 1599/1599 1600/1600 1536/1536
f 1601/1601 1602/1602 1538/1538
f 1602/1602 1603/1603 1539/1539
f 1603/1603 1604/1604 1540/1540
f 1604/1604 1605/1605 1541/1541
f 1605/1605 1606/1606 1542/1542
f 1606/1606 1607/1607 1543/1543
f 1607/1607 1608/1608 1544/1544
f 1608/1608 1609/1609 1545/1545
f 1609/1609 1610/1610 1546/1546
f 1610/1610 1611/1611 1547/1547
f 1611/1611 1612/1612 1548/1548
f 1612/1612 1613/1613 1549/1549
f 1613/1613 1614/1614 1550/1550
f 1614/1614 1615/1615 1551/1551
f 1615/1615 1616/1616 1552/1552
f 1616/1616 1617/1617 1553/1553
f 1617/1617 1618/1618 1554/1554
f 1618/1618 1619/1619 1555/1555
f 1619/1619 1620/1620 1556/1556
f 1620/1620 1621/1621 1557/1557
f 1621/1621 1622/1622 1558/1558
f 1622/1622 1623/1623 1559/1559
f 1623/1623 1624/1624 1560/1560
f 1624/1624 1625/1625 1561/1561
f 1625/1625 1626/1626 1562/1562
f 1626/1626 1627/1627 1563/1563
f 1627/1627 1628/1628 1564/1564
f 1628/1628 1629/1629 1565/1565
f 1629/1629 1630/1630 1566/1566
f 1630/1630 1631/1631 1567/1567
f 1631/1631 1632/1632 1568/1568
f 1632/1632 1633/1633 1569/1569
f 1633/1633 1634/1634 1570/1570
f 1634/1634 1635/1635 1571/1571
f 1635/1635 1636/1636 1572/1572
f 1636/1636 1637/1637 1573/1573
f 1637/1637 1638/1638 1574/1574
f 1638/1638 1639/1639 1575/1575
f 1639/1639 1640/1640 1576/1576
f 1640/1640 1641/1641 1577/1577
f 1641/1641 1642/1642 1578/1578
f 1642/1642 1643/1643 1579/1579
f 1643/1643 1644/1644 1580/1580
f 1644/1644 1645/1645 1581/1581
f 1645/1645 1646/1646 1582/1582
f 1646/1646 1647/1647 1583/1583
f 1647/1647 1648/1648 1584/1584
f 1648/1648 1649/1649 1585/1585
f 1649/1649 1650/1650 1586/1586
f 1650/1650 1651/1651 1587/1587
f 1651/1651 1652/1652 1588/1588
f 1652/1652 1653/1653 1589/1589
f 1653/1653 1654/1654 1590/1590
f 1654/1654 1655/1655 1591/1591
f 1655/1655 1656/1656 1592/1592
f 1656/1656 1657/1657 1593/1593
f 1657/1657 1658/1658 1594/1594
f 1658/1658 1659/1659 1595/1595
f 1659/1659 1660/1660 1596/1596
f 1660/1660 1661/1661 1597/1597
f 1661/1661 1662/1662 1598/1598
f 1662/1662 1663/1663 1599/1599
f 1663/1663 1664/1664 1600/1600
f 1665/1665 1666/1666 1602/1602
f 1666/1666 1667/1667 1603/1603
f 1667/1667 1668/1668 1604/1604
f 1668/1668 1669/1669 1605/1605
f 1669/1669 1670/1670 1606/1606
f 1670/1670 1671/1671 1607/1607
f 1671/1671 1672/1672 1608/1608
f 1672/1672 1673/1673 1609/1609
f 1673/1673 1674/1674 1610/1610
f 1674/1674 1675/1675 1611/1611
f 1675/1675 1676/1676 1612/1612
f 1676/1676 1677/1677 1613/1613
f 1677/1677 1678/1678 1614/1614
f 1678/1678 1679/1679 1615/1615
f 1679/1679 1680/1680 1616/1616
f 1680/1680 1681/1681 1617/1617
f 1681/1681 1682/1682 1618/1618
f 1682/1682 1683/1683 1619/1619
f 1683/1683 1684/1684 1620/1620
f 1684/1684 1685/1685 1621/1621
f 1685/1685 1686/1686 1622/1622
f 1686/1686 1687/1687 1623/1623
f 1687/1687 1688/1688 1624/1624
f 1688/1688 1689/1689 1625/1625
f 1689/1689 1690/1690 1626/1626
f 1690/1690 1691/1691 1627/1627
f 1691/1691 1692/1692 1628/1628
f 1692/1692 1693/1693 1629/1629
f 1693/1693 1694/1694 1630/1630
f 1694/1694 1695/1695 1631/1631
f 1695/1695 1696/1696 1632/1632
f 1696/1696 1697/1697 1633/1633
f 1697/1697 1698/1698 1634/1634
f 1698/1698 1699/1699 1635/1635
f 1699/1699 1700/1700 1636/1636
f 1700/1700 1701/1701 1637/1637
f 1701/1701 1702/1702 1638/1638
f 1702/1702 1703/1703 1639/1639
f 1703/1703 1704/1704 1640/1640
f 1704/1704 1705/1705 1641/1641
f 1705/1705 1706/1706 1642/1642
f 1706/1706 1707/1707 1643/1643
f 1707/1707 1708/1708 1644/1644
f 1708/1708 1709/1709 1645/1645
f 1709/1709 1710/1710 1646/1646
f 1710/1710 1711/1711 1647/1647
f 1711/1711 1712/1712 1648/1648
f 1712/1712 1713/1713 1649/1649
f 1713/1713 1714/1714 1650/1650
f 1714/1714 1715/1715 1651/1651
f 1715/1715 1716/1716 1652/1652
f 1716/1716 1717/1717 1653/1653
f 1717/1717 1718/1718 1654/1654
f 1718/1718 1719/1719 1655/1655
f 1719/1719 1720/1720 1656/1656
f 1720/1720 1721/1721 1657/1657
f 1721/1721 1722/1722 1658/1658
f 1722/1722 1723/1723 1659/1659
f 1723/1723 1724/1724 1660/1660
f 1724/1724 1725/1725 1661/1661
f 1725/1725 1726/1726 1662/1662
f 1726/1726 1727/1727 1663/1663
f 1727/1727 1728/1728 1664/1664
f 1729/1729 1730/1730 1666/1666
f 1730/1730 1731/1731 1667/1667
f 1731/1731 1732/1732 1668/1668
f 1732/1732 1733/1733 1669/1669
f 1733/1733 1734/1734 1670/1670
f 1734/1734 1735/1735 1671/1671
f 1735/1735 1736/1736 1672/1672
f 1736/1736 1737/1737 1673/1673
f 1737/1737 1738/1738 1674/1674
f 1738/1738 1739/1739 1675/1675
f 1739/1739 1740/1740 1676/1676
f 1740/1740 1741/1741 1677/1677
f 1741/1741 1742/1742 1678/1678
f 1742/1742 1743/1743 1679/1679
f 1743/1743 1744/1744 1680/1680
f 1744/1744 1745/1745 1681/1681
f 1745/1745 1746/1746 1682/1682
f 1746/1746 1747/1747 1683/1683
f 1747/1747 1748/1748 1684/1684
f 1748/1748 1749/1749 1685/1685
f 1749/1749 1750/1750 1686/1686
f 1750/1750 1751/1751 1687/1687
f 1751/1751 1752/1752 1688/1688
f 1752/1752 1753/1753 1689/1689
f 1753/1753 1754/1754 1690/1690
f 1754/1754 1755/1755 1691/1691
f 1755/1755 1756/1756 1692/1692
f 1756/1756 1757/1757 1693/1693
f 1757/1757 1758/1758 1694/1694
f 1758/1758 1759/1759 1695/1695
f 1759/1759 1760/1760 1696/1696
f 1760/1760 1761/1761 1697/1697
f 1761/1761 1762/1762 1698/1698
f 1762/1762 1763/1763 1699/1699
f 1763/1763 1764/1764 1700/1700
f 1764/1764 1765/1765 1701/1701
f 1765/1765 1766/1766 1702/1702
f 1766/1766 1767/1767 1703/1703
f 1767/1767 1768/1768 1704/1704
f 1768/1768 1769/1769 1705/1705
f 1769/1769 1770/1770 1706/1706
f 1770/1770 1771/1771 1707/1707
f 1771/1771 1772/1772 1708/1708
f 1772/1772 1773/1773 1709/1709
f 1773/1773 1774/1774 1710/1710
f 1774/1774 1775/1775 1711/1711
f 1775/1775 1776/1776 1712/1712
f 1776/1776 1777/1777 1713/1713
f 1777/1777 1778/1778 1714/1714
f 1778/1778 1779/1779 1715/1715
f 1779/1779 1780/1780 1716/1716
f 1780/1780 1781/1781 1717/1717
f 1781/1781 1782/1782 1718/1718
f 1782/1782 1783/1783 1719/1719
f 1783/1783 1784/1784 1720/1720
f 1784/1784 1785/1785 1721/1721
f 1785/1785 1786/1786 1722/1722
f 1786/1786 1787/1787 1723/1723
f 1787/1787 1788/1788 1724/1724
f 1788/1788 1789/1789 1725/1725
f 1789/1789 1790/1790 1726/1726
f 1790/1790 1791/1791 1727/1727
f 1791/1791 1792/1792 1728/1728
f 1793/1793 1794/1794 1730/1730
f 1794/1794 1795/1795 1731/1731
f 1795/1795 1796/1796 1732/1732
f 1796/1796 1797/1797 1733/1733
f 1797/1797 1798/1798 1734/1734
f 1798/1798 1799/1799 1735/1735
f 1799/1799 1800/1800 1736/1736
f 1800/1800 1801/1801 1737/1737
f 1801/1801 1802/1802 1738/1738
f 1802/1802 1803/1803 1739/1739
f 1803/1803 1804/1804 1740/1740
f 1804/1804 1805/1805 1741/1741
f 1805/1805 1806/1806 1742/1742
f 1806/1806 1807/1807 1743/1743
f 1807/1807 1808/1808 1744/1744
f 1808/1808 1809/1809 1745/1745
f 1809/1809 1810/1810 1746/1746
f 1810/1810 1811/1811 1747/1747
f 1811/1811 1812/1812 1748/1748
f 1812/1812 1813/1813 1749/1749
f 1813/1813 1814/1814 1750/1750
f 1814/1814 1815/1815 1751/1751
f 1815/1815 1816/1816 1752/1752
f 1816/1816 1817/1817 1753/1753
f 1817/1817 1818/1818 1754/1754
f 1818/1818 1819/1819 1755/1755
f 1819/1819 1820/1820 1756/1756
f 1820/1820 1821/1821 1757/1757
f 1821/1821 1822/1822 1758/1758
f 1822/1822 1823/1823 1759/1759
f 1823/1823 1824/1824 1760/1760
f 1824/1824 1825/1825 1761/1761
f 1825/1825 1826/1826 1762/1762
f 1826/1826 1827/1827 1763/1763
f 1827/1827 1828/1828 1764/1764
f 1828/1828 1829/1829 1765/1765
f 1829/1829 1830/1830 1766/1766
f 1830/1830 1831/1831 1767/1767
f 1831/1831 1832/1832 1768/1768
f 1832/1832 1833/1833 1769/1769
f 1833/1833 1834/1834 1770/1770
f 1834/1834 1835/1835 1771/1771
f 1835/1835 1836/1836 1772/1772
f 1836/1836 1837/1837 1773/1773
f 1837/1837 1838/1838 1774/1774
f 1838/1838 1839/1839 1775/1775
f 1839/1839 1840/1840 1776/1776
f 1840/1840 1841/1841 1777/1777
f 1841/1841 1842/1842 1778/1778
f 1842/1842 1843/1843 1779/1779
f 1843/1843 1844/1844 1780/1780
f 1844/1844 1845/1845 1781/1781
f 1845/1845 1846/1846 1782/1782
f 1846/1846 1847/1847 1783/1783
f 1847/1847 1848/1848 1784/1784
f 1848/1848 1849/1849 1785/1785
f 1849/1849 1850/1850 1786/1786
f 1850/1850 1851/1851 1787/1787
f 1851/1851 1852/1852 1788/1788
f 1852/1852 1853/1853 1789/1789
f 1853/1853 1854/1854 1790/1790
f 1854/1854 1855/1855 1791/1791
f 1855/1855 1856/1856 1792/1792
f 1857/1857 1858/1858 1794/1794
f 1858/1858 1859/1859 1795/1795
f 1859/1859 1860/1860 1796/1796
f 1860/1860 1861/1861 1797/1797
f 1861/1861 1862/1862 1798/1798
f 1862/1862 1863/1863 1799/1799
f 1863/1863 1864/1864 1800/1800
f 1864/1864 1865/1865 1801/1801
f 1865/1865 1866/1866 1802/1802
f 1866/1866 1867/1867 1803/1803
f 1867/1867 1868/1868 1804/1804
f 1868/1868 1869/1869 1805/1805
f 1869/1869 1870/1870 1806/1806
f 1870/1870 1871/1871 1807/1807
f 1871/1871 1872/1872 1808/1808
f 1872/1872 1873/1873 1809/1809
f 1873/1873 1874/1874 1810/1810
f 1874/1874 1875/1875 1811/1811
f 1875/1875 1876/1876 1812/1812
f 1876/1876 1877/1877 1813/1813
f 1877/1877 1878/1878 1814/1814
f 1878/1878 1879/1879 1815/1815
f 1879/1879 1880/1880 1816/1816
f 1880/1880 1881/1881 1817/1817
f 1881/1881 1882/1882 1818/1818
f 1882/1882 1883/1883 1819/1819
f 1883/1883 1884/1884 1820/1820
f 1884/1884 1885/1885 1821/1821
f 1885/1885 1886/1886 1822/1822
f 1886/1886 1887/1887 1823/1823
f 1887/1887 1888/1888 1824/1824
f 1888/1888 1889/1889 1825/1825
f 1889/1889 1890/1890 1826/1826
f 1890/1890 1891/1891 1827/1827
f 1891/1891 1892/1892 1828/1828
f 1892/1892 1893/1893 1829/1829
f 1893/1893 1894/1894 1830/1830
f 1894/1894 1895/1895 1831/1831
f 1895/1895 1896/1896 1832/1832
f 1896/1896 1897/1897 1833/1833
f 1897/1897 1898/1898 1834/1834
f 1898/1898 1899/1899 1835/1835
f 1899/1899 1900/1900 1836/1836
f 1900/1900 1901/1901 1837/1837
f 1901/1901 1902/1902 1838/1838
f 1902/1902 1903/1903 1839/1839
f 1903/1903 1904/1904 1840/1840
f 1904/1904 1905/1905 1841/1841
f 1905/1905 1906/1906 1842/1842
f 1906/1906 1907/1907 1843/1843
f 1907/1907 1908/1908 1844/1844
f 1908/1908 1909/1909 1845/1845
f 1909/1909 1910/1910 1846/1846
f 1910/1910 1911/1911 1847/1847
f 1911/1911 1912/1912 1848/1848
f 1912/1912 1913/1913 1849/1849
f 1913/1913 1914/1914 1850/1850
f 1914/1914 1915/1915 1851/1851
f 1915/1915 1916/1916 1852/1852
f 1916/1916 1917/1917 1853/1853
f 1917/1917 1918/1918 1854/1854
f 1918/1918 1919/1919 1855/1855
f 1919/1919 1920/1920 1856/1856
f 1921/1921 1922/1922 1858/1858
f 1922/1922 1923/1923 1859/1859
f 1923/1923 1924/1924 1860/1860
f 1924/1924 1925/1925 1861/1861
f 1925/1925 1926/1926 1862/1862
f 1926/1926 1927/1927 1863/1863
f 1927/1927 1928/1928 1864/1864
f 1928/1928 1929/1929 1865/1865
f 1929/1929 1930/1930 1866/1866
f 1930/1930 1931/1931 1867/1867
f 1931/1931 1932/1932 1868/1868
f 1932/1932 1933/1933 1869/1869
f 1933/1933 1934/1934 1870/1870
f 1934/1934 1935/1935 1871/1871
f 1935/1935 1936/1936 1872/1872
f 1936/1936 1937/1937 1873/1873
f 1937/1937 1938/1938 1874/1874
f 1938/1938 1939/1939 1875/1875
f 1939/1939 1940/1940 1876/1876
f 1940/1940 1941/1941 1877/1877
f 1941/1941 1942/1942 1878/1878
f 1942/1942 1943/1943 1879/1879
f 1943/1943 1944/1944 1880/1880
f 1944/1944 1945/1945 1881/1881
f 1945/1945 1946/1946 1882/1882
f 1946/1946 1947/1947 1883/1883
f 1947/1947 1948/1948 1884/1884
f 1948/1948 1949/1949 1885/1885
f 1949/1949 1950/1950 1886/1886
f 1950/1950 1951/1951 1887/1887
f 1951/1951 1952/1952 1888/1888
f 1952/1952 1953/1953 1889/1889
f 1953/1953 1954/1954 1890/1890
f 1954/1954 1955/1955 1891/1891
f 1955/1955 1956/1956 1892/1892
f 1956/1956 1957/1957 1893/1893
f 1957/1957 1958/1958 1894/1894
f 1958/1958 1959/1959 1895/1895
f 1959/1959 1960/1960 1896/1896
f 1960/1960 1961/1961 1897/1897
f 1961/1961 1962/1962 1898/1898
f 1962/1962 1963/1963 1899/1899
f 1963/1963 1964/1964 1900/1900
f 1964/1964 1965/1965 1901/1901
f 1965/1965 1966/1966 1902/1902
f 1966/1966 1967/1967 1903/1903
f 1967/1967 1968/1968 1904/1904
f 1968/1968 1969/1969 1905/1905
f 1969/1969 1970/1970 1906/1906
f 1970/1970 1971/1971 1907/1907
f 1971/1971 1972/1972 1908/1908
f 1972/1972 1973/1973 1909/1909
f 1973/1973 1974/1974 1910/1910
f 1974/1974 1975/1975 1911/1911
f 1975/1975 1976/1976 1912/1912
f 1976/1976 1977/1977 1913/1913
f 1977/1977 1978/1978 1914/1914
f 1978/1978 1979/1979 1915/1915
f 1979/1979 1980/1980 1916/1916
f 1980/1980 1981/1981 1917/1917
f 1981/1981 1982/1982 1918/1918
f 1982/1982 1983/1983 1919/1919
f 1983/1983 1984/1984 1920/1920
f 1985/1985 1986/1986 1922/1922
f 1986/1986 1987/1987 1923/1923
f 1987/1987 1988/1988 1924/1924
f 1988/1988 1989/1989 1925/1925
f 1989/1989 1990/1990 1926/1926
f 1990/1990 1991/1991 1927/1927
f 1991/1991 1992/1992 1928/1928
f 1992/1992 1993/1993 1929/1929
f 1993/1993 1994/1994 1930/1930
f 1994/1994 1995/1995 1931/1931
f 1995/1995 1996/1996 1932/1932
f 1996/1996 1997/1997 1933/1933
f 1997/1997 1998/1998 1934/1934
f 1998/1998 1999/1999 1935/1935
f 1999/1999 2000/2000 1936/1936
f 2000/2000 2001/2001 1937/1937
f 2001/2001 2002/2002 1938/1938
f 2002/2002 2003/2003 1939/1939
f 2003/2003 2004/2004 1940/1940
f 2004/2004 2005/2005 1941/1941
f 2005/2005 2006/2006 1942/1942
f 2006/2006 2007/2007 1943/1943
f 2007/2007 2008/2008 1944/1944
f 2008/2008 2009/2009 1945/1945
f 2009/2009 2010/2010 1946/1946
f 2010/2010 2011/2011 1947/1947
f 2011/2011 2012/2012 1948/1948
f 2012/2012 2013/2013 1949/1949
f 2013/2013 2014/2014 1950/1950
f 2014/2014 2015/2015 1951/1951
f 2015/2015 2016/2016 1952/1952
f 2016/2016 2017/2017 1953/1953
f 2017/2017 2018/2018 1954/1954
f 2018/2018 2019/2019 1955/1955
f 2019/2019 2020/2020 1956/1956
f 2020/2020 2021/2021 1957/1957
f 2021/2021 2022/2022 1958/1958
f 2022/2022 2023/2023 1959/1959
f 2023/2023 2024/2024 1960/1960
f 2024/2024 2025/2025 1961/1961
f 2025/2025 2026/2026 1962/1962
f 2026/2026 2027/2027 1963/1963
f 2027/2027 2028/2028 1964/1964
f 2028/2028 2029/2029 1965/1965
f 2029/2029 2030/2030 1966/1966
f 2030/2030 2031/2031 1967/1967
f 2031/2031 2032/2032 1968/1968
f 2032/2032 2033/2033 1969/1969
f 2033/2033 2034/2034 1970/1970
f 2034/2034 2035/2035 1971/1971
f 2035/2035 2036/2036 1972/1972
f 2036/2036 2037/2037 1973/1973
f 2037/2037 2038/2038 1974/1974
f 2038/2038 2039/2039 1975/1975
f 2039/2039 2040/2040 1976/1976
f 2040/2040 2041/2041 1977/1977
f 2041/2041 2042/2042 1978/1978
f 2042/2042 2043/2043 1979/1979
f 2043/2043 2044/2044 1980/1980
f 2044/2044 2045/2045 1981/1981
f 2045/2045 2046/2046 1982/1982
f 2046/2046 2047/2047 1983/1983
f 2047/2047 2048/2048 1984/1984
f 2049/2049 2050/2050 1986/1986
f 2050/2050 2051/2051 1987/1987
f 2051/2051 2052/2052 1988/1988
f 2052/2052 2053/2053 1989/1989
f 2053/2053 2054/2054 1990/1990
f 2054/2054 2055/2055 1991/1991
f 2055/2055 2056/2056 1992/1992
f 2056/2056 2057/2057 1993/1993
f 2057/2057 2058/2058 1994/1994
f 2058/2058 2059/2059 1995/1995
f 2059/2059 2060/2060 1996/1996
f 2060/2060 2061/2061 1997/1997
f 2061/2061 2062/2062 1998/1998
f 2062/2062 2063/2063 1999/1999
f 2063/2063 2064/2064 2000/2000
f 2064/2064 2065/2065 2001/2001
f 2065/2065 2066/2066 2002/2002
f 2066/2066 2067/2067 2003/2003
f 2067/2067 2068/2068 2004/2004
f 2068/2068 2069/2069 2005/2005
f 2069/2069 2070/2070 2006/2006
f 2070/2070 2071/2071 2007/2007
f 2071/2071 2072/2072 2008/2008
f 2072/2072 2073/2073 2009/2009
f 2073/2073 2074/2074 2010/2010
f 2074/2074 2075/2075 2011/2011
f 2075/2075 2076/2076 2012/2012
f 2076/2076 2077/2077 2013/2013
f 2077/2077 2078/2078 2014/2014
f 2078/2078 2079/2079 2015/2015
f 2079/2079 2080/2080 2016/2016
f 2080/2080 2081/2081 2017/2017
f 2081/2081 2082/2082 2018/2018
f 2082/2082 2083/2083 2019/2019
f 2083/2083 2084/2084 2020/2020
f 2084/2084 2085/2085 2021/2021
f 2085/2085 2086/2086 2022/2022
f 2086/2086 2087/2087 2023/2023
f 2087/2087 2088/2088 2024/2024
f 2088/2088 2089/2089 2025/2025
f 2089/2089 2090/2090 2026/2026
f 2090/2090 2091/2091 2027/2027
f 2091/2091 2092/2092 2028/2028
f 2092/2092 2093/2093 2029/2029
f 2093/2093 2094/2094 2030/2030
f 2094/2094 2095/2095 2031/2031
f 2095/2095 2096/2096 2032/2032
f 2096/2096 2097/2097 2033/2033
f 2097/2097 2098/2098 2034/2034
f 2098/2098 2099/2099 2035/2035
f 2099/2099 2100/2100 2036/2036
f 2100/2100 2101/2101 2037/2037
f 2101/2101 2102/2102 2038/2038
f 2102/2102 2103/2103 2039/2039
f 2103/2103 2104/2104 2040/2040
f 2104/2104 2105/2105 2041/2041
f 2105/2105 2106/2106 2042/2042
f 2106/2106 2107/2107 2043/2043
f 2107/2107 2108/2108 2044/2044
f 2108/2108 2109/2109 2045/2045
f 2109/2109 2110/2110 2046/2046
f 2110/2110 2111/2111 2047/2047
f 2111/2111 2112/2112 2048/2048
f 2113/2113 2114/2114 2050/2050
f 2114/2114 2115/2115 2051/2051
f 2115/2115 2116/2116 2052/2052
f 2116/2116 2117/2117 2053/2053
f 2117/2117 2118/2118 2054/2054
f 2118/2118 2119/2119 2055/2055
f 2119/2119 2120/2120 2056/2056
f 2120/2120 2121/2121 2057/2057
f 2121/2121 2122/2122 2058/2058
f 2122/2122 2123/2123 2059/2059
f 2123/2123 2124/2124 2060/2060
f 2124/2124 2125/2125 2061/2061
f 2125/2125 2126/2126 2062/2062
f 2126/2126 2127/2127 2063/2063
f 2127/2127 2128/2128 2064/2064
f 2128/2128 2129/2129 2065/2065
f 2129/2129 2130/2130 2066/2066
f 2130/2130 2131/2131 2067/2067
f 2131/2131 2132/2132 2068/2068
f 2132/2132 2133/2133 2069/2069
f 2133/2133 2134/2134 2070/2070
f 2134/2134 2135/2135 2071/2071
f 2135/2135 2136/2136 2072/2072
f 2136/2136 2137/2137 2073/2073
f 2137/2137 2138/2138 2074/2074
f 2138/2138 2139/2139 2075/2075
f 2139/2139 2140/2140 2076/2076
f 2140/2140 2141/2141 2077/2077
f 2141/2141 2142/2142 2078/2078
f 2142/2142 2143/2143 2079/2079
f 2143/2143 2144/2144 2080/2080
f 2144/2144 2145/2145 2081/2081
f 2145/2145 2146/2146 2082/2082
f 2146/2146 2147/2147 2083/2083
f 2147/2147 2148/2148 2084/2084
f 2148/2148 2149/2149 2085/2085
f 2149/2149 2150/2150 2086/2086
f 2150/2150 2151/2151 2087/2087
f 2151/2151 2152/2152 2088/2088
f 2152/2152 2153/2153 2089/2089
f 2153/2153 2154/2154 2090/2090
f 2154/2154 2155/2155 2091/2091
f 2155/2155 2156/2156 2092/2092
f 2156/2156 2157/2157 2093/2093
f 2157/2157 2158/2158 2094/2094
f 2158/2158 2159/2159 2095/2095
f 2159/2159 2160/2160 2096/2096
f 2160/2160 2161/2161 2097/2097
f 2161/2161 2162/2162 2098/2098
f 2162/2162 2163/2163 2099/2099
f 2163/2163 2164/2164 2100/2100
f 2164/2164 2165/2165 2101/2101
f 2165/2165 2166/2166 2102/2102
f 2166/2166 2167/2167 2103/2103
f 2167/2167 2168/2168 2104/2104
f 2168/2168 2169/2169 2105/2105
f 2169/2169 2170/2170 2106/2106
f 2170/2170 2171/2171 2107/2107
f 2171/2171 2172/2172 2108/2108
f 2172/2172 2173/2173 2109/2109
f 2173/2173 2174/2174 2110/2110
f 2174/2174 2175/2175 2111/2111
f 2175/2175 2176/2176 2112/2112
f 2177/2177 2178/2178 2114/2114
f 2178/2178 2179/2179 2115/2115
f 2179/2179 2180/2180 2116/2116
f 2180/2180 2181/2181 2117/2117
f 2181/2181 2182/2182 2118/2118
f 2182/2182 2183/2183 2119/2119
f 2183/2183 2184/2184 2120/2120
f 2184/2184 2185/2185 2121/2121
f 2185/2185 2186/2186 2122/2122
f 2186/2186 2187/2187 2123/2123
f 2187/2187 2188/2188 2124/2124
f 2188/2188 2189/2189 2125/2125
f 2189/2189 2190/2190 2126/2126
f 2190/2190 2191/2191 2127/2127
f 2191/2191 2192/2192 2128/2128
f 2192/2192 2193/2193 2129/2129
f 2193/2193 2194/2194 2130/2130
f 2194/2194 2195/2195 2131/2131
f 2195/2195 2196/2196 2132/2132
f 2196/2196 2197/2197 2133/2133
f 2197/2197 2198/2198 2134/2134
f 2198/2198 2199/2199 2135/2135
f 2199/2199 2200/2200 2136/2136
f 2200/2200 2201/2201 2137/2137
f 2201/2201 2202/2202 2138/2138
f 2202/2202 2203/2203 2139/2139
f 2203/2203 2204/2204 2140/2140
f 2204/2204 2205/2205 2141/2141
f 2205/2205 2206/2206 2142/2142
f 2206/2206 2207/2207 2143/2143
f 2207/2207 2208/2208 2144/2144
f 2208/2208 2209/2209 2145/2145
f 2209/2209 2210/2210 2146/2146
f 2210/2210 2211/2211 2147/2147
f 2211/2211 2212/2212 2148/2148
f 2212/2212 2213/2213 2149/2149
f 2213/2213 2214/2214 2150/2150
f 2214/2214 2215/2215 2151/2151
f 2215/2215 2216/2216 2152/2152
f 2216/2216 2217/2217 2153/2153
f 2217/2217 2218/2218 2154/2154
f 2218/2218 2219/2219 2155/2155
f 2219/2219 2220/2220 2156/2156
f 2220/2220 2221/2221 2157/2157
f 2221/2221 2222/2222 2158/2158
f 2222/2222 2223/2223 2159/2159
f 2223/2223 2224/2224 2160/2160
f 2224/2224 2225/2225 2161/2161
f 2225/2225 2226/2226 2162/2162
f 2226/2226 2227/2227 2163/2163
f 2227/2227 2228/2228 2164/2164
f 2228/2228 2229/2229 2165/2165
f 2229/2229 2230/2230 2166/2166
f 2230/2230 2231/2231 2167/2167
f 2231/2231 2232/2232 2168/2168
f 2232/2232 2233/2233 2169/2169
f 2233/2233 2234/2234 2170/2170
f 2234/2234 2235/2235 2171/2171
f 2235/2235 2236/2236 2172/2172
f 2236/2236 2237/2237 2173/2173
f 2237/2237 2238/2238 2174/2174
f 2238/2238 2239/2239 2175/2175
f 2239/2239 2240/2240 2176/2176
f 2241/2241 2242/2242 2178/2178
f 2242/2242 2243/2243 2179/2179
f 2243/2243 2244/2244 2180/2180
f 2244/2244 2245/2245 2181/2181
f 2245/2245 2246/2246 2182/2182
f 2246/2246 2247/2247 2183/2183
f 2247/2247 2248/2248 2184/2184
f 2248/2248 2249/2249 2185/2185
f 2249/2249 2250/2250 2186/2186
f 2250/2250 2251/2251 2187/2187
f 2251/2251 2252/2252 2188/2188
f 2252/2252 2253/2253 2189/2189
f 2253/2253 2254/2254 2190/2190
f 2254/2254 2255/2255 2191/2191
f 2255/2255 2256/2256 2192/2192
f 2256/2256 2257/2257 2193/2193
f 2257/2257 2258/2258 2194/2194
f 2258/2258 2259/2259 2195/2195
f 2259/2259 2260/2260 2196/2196
f 2260/2260 2261/2261 2197/2197
f 2261/2261 2262/2262 2198/2198
f 2262/2262 2263/2263 2199/2199
f 2263/2263 2264/2264 2200/2200
f 2264/2264 2265/2265 2201/2201
f 2265/2265 2266/2266 2202/2202
f 2266/2266 2267/2267 2203/2203
f 2267/2267 2268/2268 2204/2204
f 2268/2268 2269/2269 2205/2205
f 2269/2269 2270/2270 2206/2206
f 2270/2270 2271/2271 2207/2207
f 2271/2271 2272/2272 2208/2208
f 2272/2272 2273/2273 2209/2209
f 2273/2273 2274/2274 2210/2210
f 2274/2274 2275/2275 2211/2211
f 2275/2275 2276/2276 2212/2212
f 2276/2276 2277/2277 2213/2213
f 2277/2277 2278/2278 2214/2214
f 2278/2278 2279/2279 2215/2215
f 2279/2279 2280/2280 2216/2216
f 2280/2280 2281/2281 2217/2217
f 2281/2281 2282/2282 2218/2218
f 2282/2282 2283/2283 2219/2219
f 2283/2283 2284/2284 2220/2220
f 2284/2284 2285/2285 2221/2221
f 2285/2285 2286/2286 2222/2222
f 2286/2286 2287/2287 2223/2223
f 2287/2287 2288/2288 2224/2224
f 2288/2288 2289/2289 2225/2225
f 2289/2289 2290/2290 2226/2226
f 2290/2290 2291/2291 2227/2227
f 2291/2291 2292/2292 2228/2228
f 2292/2292 2293/2293 2229/2229
f 2293/2293 2294/2294 2230/2230
f 2294/2294 2295/2295 2231/2231
f 2295/2295 2296/2296 2232/2232
f 2296/2296 2297/2297 2233/2233
f 2297/2297 2298/2298 2234/2234
f 2298/2298 2299/2299 2235/2235
f 2299/2299 2300/2300 2236/2236
f 2300/2300 2301/2301 2237/2237
f 2301/2301 2302/2302 2238/2238
f 2302/2302 2303/2303 2239/2239
f 2303/2303 2304/2304 2240/2240
f 2305/2305 2306/2306 2242/2242
f 2306/2306 2307/2307 2243/2243
f 2307/2307 2308/2308 2244/2244
f 2308/2308 2309/2309 2245/2245
f 2309/2309 2310/2310 2246/2246
f 2310/2310 2311/2311 2247/2247
f 2311/2311 2312/2312 2248/2248
f 2312/2312 2313/2313 2249/2249
f 2313/2313 2314/2314 2250/2250
f 2314/2314 2315/2315 2251/2251
f 2315/2315 2316/2316 2252/2252
f 2316/2316 2317/2317 2253/2253
f 2317/2317 2318/2318 2254/2254
f 2318/2318 2319/2319 2255/2255
f 2319/2319 2320/2320 2256/2256
f 2320/2320 2321/2321 2257/2257
f 2321/2321 2322/2322 2258/2258
f 2322/2322 2323/2323 2259/2259
f 2323/2323 2324/2324 2260/2260
f 2324/2324 2325/2325 2261/2261
f 2325/2325 2326/2326 2262/2262
f 2326/2326 2327/2327 2263/2263
f 2327/2327 2328/2328 2264/2264
f 2328/2328 2329/2329 2265/2265
f 2329/2329 2330/2330 2266/2266
f 2330/2330 2331/2331 2267/2267
f 2331/2331 2332/2332 2268/2268
f 2332/2332 2333/2333 2269/2269
f 2333/2333 2334/2334 2270/2270
f 2334/2334 2335/2335 2271/2271
f 2335/2335 2336/2336 2272/2272
f 2336/2336 2337/2337 2273/2273
f 2337/2337 2338/2338 2274/2274
f 2338/2338 2339/2339 2275/2275
f 2339/2339 2340/2340 2276/2276
f 2340/2340 2341/2341 2277/2277
f 2341/2341 2342/2342 2278/2278
f 2342/2342 2343/2343 2279/2279
f 2343/2343 2344/2344 2280/2280
f 2344/2344 2345/2345 2281/2281
f 2345/2345 2346/2346 2282/2282
f 2346/2346 2347/2347 2283/2283
f 2347/2347 2348/2348 2284/2284
f 2348/2348 2349/2349 2285/2285
f 2349/2349 2350/2350 2286/2286
f 2350/2350 2351/2351 2287/2287
f 2351/2351 2352/2352 2288/2288
f 2352/2352 2353/2353 2289/2289
f 2353/2353 2354/2354 2290/2290
f 2354/2354 2355/2355 2291/2291
f 2355/2355 2356/2356 2292/2292
f 2356/2356 2357/2357 2293/2293
f 2357/2357 2358/2358 2294/2294
f 2358/2358 2359/2359 2295/2295
f 2359/2359 2360/2360 2296/2296
f 2360/2360 2361/2361 2297/2297
f 2361/2361 2362/2362 2298/2298
f 2362/2362 2363/2363 2299/2299
f 2363/2363 2364/2364 2300/2300
f 2364/2364 2365/2365 2301/2301
f 2365/2365 2366/2366 2302/2302
f 2366/2366 2367/2367 2303/2303
f 2367/2367 2368/2368 2304/2304
f 2369/2369 2370/2370 2306/2306
f 2370/2370 2371/2371 2307/2307
f 2371/2371 2372/2372 2308/2308
f 2372/2372 2373/2373 2309/2309
f 2373/2373 2374/2374 2310/2310
f 2374/2374 2375/2375 2311/2311
f 2375/2375 2376/2376 2312/2312
f 2376/2376 2377/2377 2313/2313
f 2377/2377 2378/2378 2314/2314
f 2378/2378 2379/2379 2315/2315
f 2379/2379 2380/2380 2316/2316
f 2380/2380 2381/2381 2317/2317
f 2381/2381 2382/2382 2318/2318
f 2382/2382 2383/2383 2319/2319
f 2383/2383 2384/2384 2320/2320
f 2384/2384 2385/2385 2321/2321
f 2385/2385 2386/2386 2322/2322
f 2386/2386 2387/2387 2323/2323
f 2387/2387 2388/2388 2324/2324
f 2388/2388 2389/2389 2325/2325
f 2389/2389 2390/2390 2326/2326
f 2390/2390 2391/2391 2327/2327
f 2391/2391 2392/2392 2328/2328
f 2392/2392 2393/2393 2329/2329
f 2393/2393 2394/2394 2330/2330
f 2394/2394 2395/2395 2331/2331
f 2395/2395 2396/2396 2332/2332
f 2396/2396 2397/2397 2333/2333
f 2397/2397 2398/2398 2334/2334
f 2398/2398 2399/2399 2335/2335
f 2399/2399 2400/2400 2336/2336
f 2400/2400 2401/2401 2337/2337
f 2401/2401 2402/2402 2338/2338
f 2402/2402 2403/2403 2339/2339
f 2403/2403 2404/2404 2340/2340
f 2404/2404 2405/2405 2341/2341
f 2405/2405 2406/2406 2342/2342
f 2406/2406 2407/2407 2343/2343
f 2407/2407 2408/2408 2344/2344
f 2408/2408 2409/2409 2345/2345
f 2409/2409 2410/2410 2346/2346
f 2410/2410 2411/2411 2347/2347
f 2411/2411 2412/2412 2348/2348
f 2412/2412 2413/2413 2349/2349
f 2413/2413 2414/2414 2350/2350
f 2414/2414 2415/2415 2351/2351
f 2415/2415 2416/2416 2352/2352
f 2416/2416 2417/2417 2353/2353
f 2417/2417 2418/2418 2354/2354
f 2418/2418 2419/2419 2355/2355
f 2419/2419 2420/2420 2356/2356
f 2420/2420 2421/2421 2357/2357
f 2421/2421 2422/2422 2358/2358
f 2422/2422 2423/2423 2359/2359
f 2423/2423 2424/2424 2360/2360
f 2424/2424 2425/2425 2361/2361
f 2425/2425 2426/2426 2362/2362
f 2426/2426 2427/2427 2363/2363
f 2427/2427 2428/2428 2364/2364
f 2428/2428 2429/2429 2365/2365
f 2429/2429 2430/2430 2366/2366
f 2430/2430 2431/2431 2367/2367
f 2431/2431 2432/2432 2368/2368
f 2433/2433 2434/2434 2370/2370
f 2434/2434 2435/2435 2371/2371
f 2435/2435 2436/2436 2372/2372
f 2436/2436 2437/2437 2373/2373
f 2437/2437 2438/2438 2374/2374
f 2438/2438 2439/2439 2375/2375
f 2439/2439 2440/2440 2376/2376
f 2440/2440 2441/2441 2377/2377
f 2441/2441 2442/2442 2378/2378
f 2442/2442 2443/2443 2379/2379
f 2443/2443 2444/2444 2380/2380
f 2444/2444 2445/2445 2381/2381
f 2445/2445 2446/2446 2382/2382
f 2446/2446 2447/2447 2383/2383
f 2447/2447 2448/2448 2384/2384
f 2448/2448 2449/2449 2385/2385
f 2449/2449 2450/2450 2386/2386
f 2450/2450 2451/2451 2387/2387
f 2451/2451 2452/2452 2388/2388
f 2452/2452 2453/2453 2389/2389
f 2453/2453 2454/2454 2390/2390
f 2454/2454 2455/2455 2391/2391
f 2455/2455 2456/2456 2392/2392
f 2456/2456 2457/2457 2393/2393
f 2457/2457 2458/2458 2394/2394
f 2458/2458 2459/2459 2395/2395
f 2459/2459 2460/2460 2396/2396
f 2460/2460 2461/2461 2397/2397
f 2461/2461 2462/2462 2398/2398
f 2462/2462 2463/2463 2399/2399
f 2463/2463 2464/2464 2400/2400
f 2464/2464 2465/2465 2401/2401
f 2465/2465 2466/2466 2402/2402
f 2466/2466 2467/2467 2403/2403
f 2467/2467 2468/2468 2404/2404
f 2468/2468 2469/2469 2405/2405
f 2469/2469 2470/2470 2406/2406
f 2470/2470 2471/2471 2407/2407
f 2471/2471 2472/2472 2408/2408
f 2472/2472 2473/2473 2409/2409
f 2473/2473 2474/2474 2410/2410
f 2474/2474 2475/2475 2411/2411
f 2475/2475 2476/2476 2412/2412
f 2476/2476 2477/2477 2413/2413
f 2477/2477 2478/2478 2414/2414
f 2478/2478 2479/2479 2415/2415
f 2479/2479 2480/2480 2416/2416
f 2480/2480 2481/2481 2417/2417
f 2481/2481 2482/2482 2418/2418
f 2482/2482 2483/2483 2419/2419
f 2483/2483 2484/2484 2420/2420
f 2484/2484 2485/2485 2421/2421
f 2485/2485 2486/2486 2422/2422
f 2486/2486 2487/2487 2423/2423
f 2487/2487 2488/2488 2424/2424
f 2488/2488 2489/2489 2425/2425
f 2489/2489 2490/2490 2426/2426
f 2490/2490 2491/2491 2427/2427
f 2491/2491 2492/2492 2428/2428
f 2492/2492 2493/2493 2429/2429
f 2493/2493 2494/2494 2430/2430
f 2494/2494 2495/2495 2431/2431
f 2495/2495 2496/2496 2432/2432
f 2497/2497 2498/2498 2434/2434
f 2498/2498 2499/2499 2435/2435
f 2499/2499 2500/2500 2436/2436
f 2500/2500 2501/2501 2437/2437
f 2501/2501 2502/2502 2438/2438
f 2502/2502 2503/2503 2439/2439
f 2503/2503 2504/2504 2440/2440
f 2504/2504 2505/2505 2441/2441
f 2505/2505 2506/2506 2442/2442
f 2506/2506 2507/2507 2443/2443
f 2507/2507 2508/2508 2444/2444
f 2508/2508 2509/2509 2445/2445
f 2509/2509 2510/2510 2446/2446
f 2510/2510 2511/2511 2447/2447
f 2511/2511 2512/2512 2448/2448
f 2512/2512 2513/2513 2449/2449
f 2513/2513 2514/2514 2450/2450
f 2514/2514 2515/2515 2451/2451
f 2515/2515 2516/2516 2452/2452
f 2516/2516 2517/2517 2453/2453
f 2517/2517 2518/2518 2454/2454
f 2518/2518 2519/2519 2455/2455
f 2519/2519 2520/2520 2456/2456
f 2520/2520 2521/2521 2457/2457
f 2521/2521 2522/2522 2458/2458
f 2522/2522 2523/2523 2459/2459
f 2523/2523 2524/2524 2460/2460
f 2524/2524 2525/2525 2461/2461
f 2525/2525 2526/2526 2462/2462
f 2526/2526 2527/2527 2463/2463
f 2527/2527 2528/2528 2464/2464
f 2528/2528 2529/2529 2465/2465
f 2529/2529 2530/2530 2466/2466
f 2530/2530 2531/2531 2467/2467
f 2531/2531 2532/2532 2468/2468
f 2532/2532 2533/2533 2469/2469
f 2533/2533 2534/2534 2470/2470
f 2534/2534 2535/2535 2471/2471
f 2535/2535 2536/2536 2472/2472
f 2536/2536 2537/2537 2473/2473
f 2537/2537 2538/2538 2474/2474
f 2538/2538 2539/2539 2475/2475
f 2539/2539 2540/2540 2476/2476
f 2540/2540 2541/2541 2477/2477
f 2541/2541 2542/2542 2478/2478
f 2542/2542 2543/2543 2479/2479
f 2543/2543 2544/2544 2480/2480
f 2544/2544 2545/2545 2481/2481
f 2545/2545 2546/2546 2482/2482
f 2546/2546 2547/2547 2483/2483
f 2547/2547 2548/2548 2484/2484
f 2548/2548 2549/2549 2485/2485
f 2549/2549 2550/2550 2486/2486
f 2550/2550 2551/2551 2487/2487
f 2551/2551 2552/2552 2488/2488
f 2552/2552 2553/2553 2489/2489
f 2553/2553 2554/2554 2490/2490
f 2554/2554 2555/2555 2491/2491
f 2555/2555 2556/2556 2492/2492
f 2556/2556 2557/2557 2493/2493
f 2557/2557 2558/2558 2494/2494
f 2558/2558 2559/2559 2495/2495
f 2559/2559 2560/2560 2496/2496
f 2561/2561 2562/2562 2498/2498
f 2562/2562 2563/2563 2499/2499
f 2563/2563 2564/2564 2500/2500
f 2564/2564 2565/2565 2501/2501
f 2565/2565 2566/2566 2502/2502
f 2566/2566 2567/2567 2503/2503
f 2567/2567 2568/2568 2504/2504
f 2568/2568 2569/2569 2505/2505
f 2569/2569 2570/2570 2506/2506
f 2570/2570 2571/2571 2507/2507
f 2571/2571 2572/2572 2508/2508
f 2572/2572 2573/2573 2509/2509
f 2573/2573 2574/2574 2510/2510
f 2574/2574 2575/2575 2511/2511
f 2575/2575 2576/2576 2512/2512
f 2576/2576 2577/2577 2513/2513
f 2577/2577 2578/2578 2514/2514
f 2578/2578 2579/2579 2515/2515
f 2579/2579 2580/2580 2516/2516
f 2580/2580 2581/2581 2517/2517
f 2581/2581 2582/2582 2518/2518
f 2582/2582 2583/2583 2519/2519
f 2583/2583 2584/2584 2520/2520
f 2584/2584 2585/2585 2521/2521
f 2585/2585 2586/2586 2522/2522
f 2586/2586 2587/2587 2523/2523
f 2587/2587 2588/2588 2524/2524
f 2588/2588 2589/2589 2525/2525
f 2589/2589 2590/2590 2526/2526
f 2590/2590 2591/2591 2527/2527
f 2591/2591 2592/2592 2528/2528
f 2592/2592 2593/2593 2529/2529
f 2593/2593 2594/2594 2530/2530
f 2594/2594 2595/2595 2531/2531
f 2595/2595 2596/2596 2532/2532
f 2596/2596 2597/2597 2533/2533
f 2597/2597 2598/2598 2534/2534
f 2598/2598 2599/2599 2535/2535
f 2599/2599 2600/2600 2536/2536
f 2600/2600 2601/2601 2537/2537
f 2601/2601 2602/2602 2538/2538
f 2602/2602 2603/2603 2539/2539
f 2603/2603 2604/2604 2540/2540
f 2604/2604 2605/2605 2541/2541
f 2605/2605 2606/2606 2542/2542
f 2606/2606 2607/2607 2543/2543
f 2607/2607 2608/2608 2544/2544
f 2608/2608 2609/2609 2545/2545
f 2609/2609 2610/2610 2546/2546
f 2610/2610 2611/2611 2547/2547
f 2611/2611 2612/2612 2548/2548
f 2612/2612 2613/2613 2549/2549
f 2613/2613 2614/2614 2550/2550
f 2614/2614 2615/2615 2551/2551
f 2615/2615 2616/2616 2552/2552
f 2616/2616 2617/2617 2553/2553
f 2617/2617 2618/2618 2554/2554
f 2618/2618 2619/2619 2555/2555
f 2619/2619 2620/2620 2556/2556
f 2620/2620 2621/2621 2557/2557
f 2621/2621 2622/2622 2558/2558
f 2622/2622 2623/2623 2559/2559
f 2623/2623 2624/2624 2560/2560
f 2625/2625 2626/2626 2562/2562
f 2626/2626 2627/2627 2563/2563
f 2627/2627 2628/2628 2564/2564
f 2628/2628 2629/2629 2565/2565
f 2629/2629 2630/2630 2566/2566
f 2630/2630 2631/2631 2567/2567
f 2631/2631 2632/2632 2568/2568
f 2632/2632 2633/2633 2569/2569
f 2633/2633 2634/2634 2570/2570
f 2634/2634 2635/2635 2571/2571
f 2635/2635 2636/2636 2572/2572
f 2636/2636 2637/2637 2573/2573
f 2637/2637 2638/2638 2574/2574
f 2638/2638 2639/2639 2575/2575
f 2639/2639 2640/2640 2576/2576
f 2640/2640 2641/2641 2577/2577
f 2641/2641 2642/2642 2578/2578
f 2642/2642 2643/2643 2579/2579
f 2643/2643 2644/2644 2580/2580
f 2644/2644 2645/2645 2581/2581
f 2645/2645 2646/2646 2582/2582
f 2646/2646 2647/2647 2583/2583
f 2647/2647 2648/2648 2584/2584
f 2648/2648 2649/2649 2585/2585
f 2649/2649 2650/2650 2586/2586
f 2650/2650 2651/2651 2587/2587
f 2651/2651 2652/2652 2588/2588
f 2652/2652 2653/2653 2589/2589
f 2653/2653 2654/2654 2590/2590
f 2654/2654 2655/2655 2591/2591
f 2655/2655 2656/2656 2592/2592
f 2656/2656 2657/2657 2593/2593
f 2657/2657 2658/2658 2594/2594
f 2658/2658 2659/2659 2595/2595
f 2659/2659 2660/2660 2596/2596
f 2660/2660 2661/2661 2597/2597
f 2661/2661 2662/2662 2598/2598
f 2662/2662 2663/2663 2599/2599
f 2663/2663 2664/2664 2600/2600
f 2664/2664 2665/2665 2601/2601
f 2665/2665 2666/2666 2602/2602
f 2666/2666 2667/2667 2603/2603
f 2667/2667 2668/2668 2604/2604
f 2668/2668 2669/2669 2605/2605
f 2669/2669 2670/2670 2606/2606
f 2670/2670 2671/2671 2607/2607
f 2671/2671 2672/2672 2608/2608
f 2672/2672 2673/2673 2609/2609
f 2673/2673 2674/2674 2610/2610
f 2674/2674 2675/2675 2611/2611
f 2675/2675 2676/2676 2612/2612
f 2676/2676 2677/2677 2613/2613
f 2677/2677 2678/2678 2614/2614
f 2678/2678 2679/2679 2615/2615
f 2679/2679 2680/2680 2616/2616
f 2680/2680 2681/2681 2617/2617
f 2681/2681 2682/2682 2618/2618
f 2682/2682 2683/2683 2619/2619
f 2683/2683 2684/2684 2620/2620
f 2684/2684 2685/2685 2621/2621
f 2685/2685 2686/2686 2622/2622
f 2686/2686 2687/2687 2623/2623
f 2687/2687 2688/2688 2624/2624
f 2689/2689 2690/2690 2626/2626
f 2690/2690 2691/2691 2627/2627
f 2691/2691 2692/2692 2628/2628
f 2692/2692 2693/2693 2629/2629
f 2693/2693 2694/2694 2630/2630
f 2694/2694 2695/2695 2631/2631
f 2695/2695 2696/2696 2632/2632
f 2696/2696 2697/2697 2633/2633
f 2697/2697 2698/2698 2634/2634
f 2698/2698 2699/2699 2635/2635
f 2699/2699 2700/2700 2636/2636
f 2700/2700 2701/2701 2637/2637
f 2701/2701 2702/2702 2638/2638
f 2702/2702 2703/2703 2639/2639
f 2703/2703 2704/2704 2640/2640
f 2704/2704 2705/2705 2641/2641
f 2705/2705 2706/2706 2642/2642
f 2706/2706 2707/2707 2643/2643
f 2707/2707 2708/2708 2644/2644
f 2708/2708 2709/2709 2645/2645
f 2709/2709 2710/2710 2646/2646
f 2710/2710 2711/2711 2647/2647
f 2711/2711 2712/2712 2648/2648
f 2712/2712 2713/2713 2649/2649
f 2713/2713 2714/2714 2650/2650
f 2714/2714 2715/2715 2651/2651
f 2715/2715 2716/2716 2652/2652
f 2716/2716 2717/2717 2653/2653
f 2717/2717 2718/2718 2654/2654
f 2718/2718 2719/2719 2655/2655
f 2719/2719 2720/2720 2656/2656
f 2720/2720 2721/2721 2657/2657
f 2721/2721 2722/2722 2658/2658
f 2722/2722 2723/2723 2659/2659
f 2723/2723 2724/2724 2660/2660
f 2724/2724 2725/2725 2661/2661
f 2725/2725 2726/2726 2662/2662
f 2726/2726 2727/2727 2663/2663
f 2727/2727 2728/2728 2664/2664
f 2728/2728 2729/2729 2665/2665
f 2729/2729 2730/2730 2666/2666
f 2730/2730 2731/2731 2667/2667
f 2731/2731 2732/2732 2668/2668
f 2732/2732 2733/2733 2669/2669
f 2733/2733 2734/2734 2670/2670
f 2734/2734 2735/2735 2671/2671
f 2735/2735 2736/2736 2672/2672
f 2736/2736 2737/2737 2673/2673
f 2737/2737 2738/2738 2674/2674
f 2738/2738 2739/2739 2675/2675
f 2739/2739 2740/2740 2676/2676
f 2740/2740 2741/2741 2677/2677
f 2741/2741 2742/2742 2678/2678
f 2742/2742 2743/2743 2679/2679
f 2743/2743 2744/2744 2680/2680
f 2744/2744 2745/2745 2681/2681
f 2745/2745 2746/2746 2682/2682
f 2746/2746 2747/2747 2683/2683
f 2747/2747 2748/2748 2684/2684
f 2748/2748 2749/2749 2685/2685
f 2749/2749 2750/2750 2686/2686
f 2750/2750 2751/2751 2687/2687
f 2751/2751 2752/2752 2688/2688
f 2753/2753 2754/2754 2690/2690
f 2754/2754 2755/2755 2691/2691
f 2755/2755 2756/2756 2692/2692
f 2756/2756 2757/2757 2693/2693
f 2757/2757 2758/2758 2694/2694
f 2758/2758 2759/2759 2695/2695
f 2759/2759 2760/2760 2696/2696
f 2760/2760 2761/2761 2697/2697
f 2761/2761 2762/2762 2698/2698
f 2762/2762 2763/2763 2699/2699
f 2763/2763 2764/2764 2700/2700
f 2764/2764 2765/2765 2701/2701
f 2765/2765 2766/2766 2702/2702
f 2766/2766 2767/2767 2703/2703
f 2767/2767 2768/2768 2704/2704
f 2768/2768 2769/2769 2705/2705
f 2769/2769 2770/2770 2706/2706
f 2770/2770 2771/2771 2707/2707
f 2771/2771 2772/2772 2708/2708
f 2772/2772 2773/2773 2709/2709
f 2773/2773 2774/2774 2710/2710
f 2774/2774 2775/2775 2711/2711
f 2775/2775 2776/2776 2712/2712
f 2776/2776 2777/2777 2713/2713
f 2777/2777 2778/2778 2714/2714
f 2778/2778 2779/2779 2715/2715
f 2779/2779 2780/2780 2716/2716
f 2780/2780 2781/2781 2717/2717
f 2781/2781 2782/2782 2718/2718
f 2782/2782 2783/2783 2719/2719
f 2783/2783 2784/2784 2720/2720
f 2784/2784 2785/2785 2721/2721
f 2785/2785 2786/2786 2722/2722
f 2786/2786 2787/2787 2723/2723
f 2787/2787 2788/2788 2724/2724
f 2788/2788 2789/2789 2725/2725
f 2789/2789 2790/2790 2726/2726
f 2790/2790 2791/2791 2727/2727
f 2791/2791 2792/2792 2728/2728
f 2792/2792 2793/2793 2729/2729
f 2793/2793 2794/2794 2730/2730
f 2794/2794 2795/2795 2731/2731
f 2795/2795 2796/2796 2732/2732
f 2796/2796 2797/2797 2733/2733
f 2797/2797 2798/2798 2734/2734
f 2798/2798 2799/2799 2735/2735
f 2799/2799 2800/2800 2736/2736
f 2800/2800 2801/2801 2737/2737
f 2801/2801 2802/2802 2738/2738
f 2802/2802 2803/2803 2739/2739
f 2803/2803 2804/2804 2740/2740
f 2804/2804 2805/2805 2741/2741
f 2805/2805 2806/2806 2742/2742
f 2806/2806 2807/2807 2743/2743
f 2807/2807 2808/2808 2744/2744
f 2808/2808 2809/2809 2745/2745
f 2809/2809 2810/2810 2746/2746
f 2810/2810 2811/2811 2747/2747
f 2811/2811 2812/2812 2748/2748
f 2812/2812 2813/2813 2749/2749
f 2813/2813 2814/2814 2750/2750
f 2814/2814 2815/2815 2751/2751
f 2815/2815 2816/2816 2752/2752
f 2817/2817 2818/2818 2754/2754
f 2818/2818 2819/2819 2755/2755
f 2819/2819 2820/2820 2756/2756
f 2820/2820 2821/2821 2757/2757
f 2821/2821 2822/2822 2758/2758
f 2822/2822 2823/2823 2759/2759
f 2823/2823 2824/2824 2760/2760
f 2824/2824 2825/2825 2761/2761
f 2825/2825 2826/2826 2762/2762
f 2826/2826 2827/2827 2763/2763
f 2827/2827 2828/2828 2764/2764
f 2828/2828 2829/2829 2765/2765
f 2829/2829 2830/2830 2766/2766
f 2830/2830 2831/2831 2767/2767
f 2831/2831 2832/2832 2768/2768
f 2832/2832 2833/2833 2769/2769
f 2833/2833 2834/2834 2770/2770
f 2834/2834 2835/2835 2771/2771
f 2835/2835 2836/2836 2772/2772
f 2836/2836 2837/2837 2773/2773
f 2837/2837 2838/2838 2774/2774
f 2838/2838 2839/2839 2775/2775
f 2839/2839 2840/2840 2776/2776
f 2840/2840 2841/2841 2777/2777
f 2841/2841 2842/2842 2778/2778
f 2842/2842 2843/2843 2779/2779
f 2843/2843 2844/2844 2780/2780
f 2844/2844 2845/2845 2781/2781
f 2845/2845 2846/2846 2782/2782
f 2846/2846 2847/2847 2783/2783
f 2847/2847 2848/2848 2784/2784
f 2848/2848 2849/2849 2785/2785
f 2849/2849 2850/2850 2786/2786
f 2850/2850 2851/2851 2787/2787
f 2851/2851 2852/2852 2788/2788
f 2852/2852 2853/2853 2789/2789
f 2853/2853 2854/2854 2790/2790
f 2854/2854 2855/2855 2791/2791
f 2855/2855 2856/2856 2792/2792
f 2856/2856 2857/2857 2793/2793
f 2857/2857 2858/2858 2794/2794
f 2858/2858 2859/2859 2795/2795
f 2859/2859 2860/2860 2796/2796
f 2860/2860 2861/2861 2797/2797
f 2861/2861 2862/2862 2798/2798
f 2862/2862 2863/2863 2799/2799
f 2863/2863 2864/2864 2800/2800
f 2864/2864 2865/2865 2801/2801
f 2865/2865 2866/2866 2802/2802
f 2866/2866 2867/2867 2803/2803
f 2867/2867 2868/2868 2804/2804
f 2868/2868 2869/2869 2805/2805
f 2869/2869 2870/2870 2806/2806
f 2870/2870 2871/2871 2807/2807
f 2871/2871 2872/2872 2808/2808
f 2872/2872 2873/2873 2809/2809
f 2873/2873 2874/2874 2810/2810
f 2874/2874 2875/2875 2811/2811
f 2875/2875 2876/2876 2812/2812
f 2876/2876 2877/2877 2813/2813
f 2877/2877 2878/2878 2814/2814
f 2878/2878 2879/2879 2815/2815
f 2879/2879 2880/2880 2816/2816
f 2881/2881 2882/2882 2818/2818
f 2882/2882 2883/2883 2819/2819
f 2883/2883 2884/2884 2820/2820
f 2884/2884 2885/2885 2821/2821
f 2885/2885 2886/2886 2822/2822
f 2886/2886 2887/2887 2823/2823
f 2887/2887 2888/2888 2824/2824
f 2888/2888 2889/2889 2825/2825
f 2889/2889 2890/2890 2826/2826
f 2890/2890 2891/2891 2827/2827
f 2891/2891 2892/2892 2828/2828
f 2892/2892 2893/2893 2829/2829
f 2893/2893 2894/2894 2830/2830
f 2894/2894 2895/2895 2831/2831
f 2895/2895 2896/2896 2832/2832
f 2896/2896 2897/2897 2833/2833
f 2897/2897 2898/2898 2834/2834
f 2898/2898 2899/2899 2835/2835
f 2899/2899 2900/2900 2836/2836
f 2900/2900 2901/2901 2837/2837
f 2901/2901 2902/2902 2838/2838
f 2902/2902 2903/2903 2839/2839
f 2903/2903 2904/2904 2840/2840
f 2904/2904 2905/2905 2841/2841
f 2905/2905 2906/2906 2842/2842
f 2906/2906 2907/2907 2843/2843
f 2907/2907 2908/2908 2844/2844
f 2908/2908 2909/2909 2845/2845
f 2909/2909 2910/2910 2846/2846
f 2910/2910 2911/2911 2847/2847
f 2911/2911 2912/2912 2848/2848
f 2912/2912 2913/2913 2849/2849
f 2913/2913 2914/2914 2850/2850
f 2914/2914 2915/2915 2851/2851
f 2915/2915 2916/2916 2852/2852
f 2916/2916 2917/2917 2853/2853
f 2917/2917 2918/2918 2854/2854
f 2918/2918 2919/2919 2855/2855
f 2919/2919 2920/2920 2856/2856
f 2920/2920 2921/2921 2857/2857
f 2921/2921 2922/2922 2858/2858
f 2922/2922 2923/2923 2859/2859
f 2923/2923 2924/2924 2860/2860
f 2924/2924 2925/2925 2861/2861
f 2925/2925 2926/2926 2862/2862
f 2926/2926 2927/2927 2863/2863
f 2927/2927 2928/2928 2864/2864
f 2928/2928 2929/2929 2865/2865
f 2929/2929 2930/2930 2866/2866
f 2930/2930 2931/2931 2867/2867
f 2931/2931 2932/2932 2868/2868
f 2932/2932 2933/2933 2869/2869
f 2933/2933 2934/2934 2870/2870
f 2934/2934 2935/2935 2871/2871
f 2935/2935 2936/2936 2872/2872
f 2936/2936 2937/2937 2873/2873
f 2937/2937 2938/2938 2874/2874
f 2938/2938 2939/2939 2875/2875
f 2939/2939 2940/2940 2876/2876
f 2940/2940 2941/2941 2877/2877
f 2941/2941 2942/2942 2878/2878
f 2942/2942 2943/2943 2879/2879
f 2943/2943 2944/2944 2880/2880
f 2945/2945 2946/2946 2882/2882
f 2946/2946 2947/2947 2883/2883
f 2947/2947 2948/2948 2884/2884
f 2948/2948 2949/2949 2885/2885
f 2949/2949 2950/2950 2886/2886
f 2950/2950 2951/2951 2887/2887
f 2951/2951 2952/2952 2888/2888
f 2952/2952 2953/2953 2889/2889
f 2953/2953 2954/2954 2890/2890
f 2954/2954 2955/2955 2891/2891
f 2955/2955 2956/2956 2892/2892
f 2956/2956 2957/2957 2893/2893
f 2957/2957 2958/2958 2894/2894
f 2958/2958 2959/2959 2895/2895
f 2959/2959 2960/2960 2896/2896
f 2960/2960 2961/2961 2897/2897
f 2961/2961 2962/2962 2898/2898
f 2962/2962 2963/2963 2899/2899
f 2963/2963 2964/2964 2900/2900
f 2964/2964 2965/2965 2901/2901
f 2965/2965 2966/2966 2902/2902
f 2966/2966 2967/2967 2903/2903
f 2967/2967 2968/2968 2904/2904
f 2968/2968 2969/2969 2905/2905
f 2969/2969 2970/2970 2906/2906
f 2970/2970 2971/2971 2907/2907
f 2971/2971 2972/2972 2908/2908
f 2972/2972 2973/2973 2909/2909
f 2973/2973 2974/2974 2910/2910
f 2974/2974 2975/2975 2911/2911
f 2975/2975 2976/2976 2912/2912
f 2976/2976 2977/2977 2913/2913
f 2977/2977 2978/2978 2914/2914
f 2978/2978 2979/2979 2915/2915
f 2979/2979 2980/2980 2916/2916
f 2980/2980 2981/2981 2917/2917
f 2981/2981 2982/2982 2918/2918
f 2982/2982 2983/2983 2919/2919
f 2983/2983 2984/2984 2920/2920
f 2984/2984 2985/2985 2921/2921
f 2985/2985 2986/2986 2922/2922
f 2986/2986 2987/2987 2923/2923
f 2987/2987 2988/2988 2924/2924
f 2988/2988 2989/2989 2925/2925
f 2989/2989 2990/2990 2926/2926
f 2990/2990 2991/2991 2927/2927
f 2991/2991 2992/2992 2928/2928
f 2992/2992 2993/2993 2929/2929
f 2993/2993 2994/2994 2930/2930
f 2994/2994 2995/2995 2931/2931
f 2995/2995 2996/2996 2932/2932
f 2996/2996 2997/2997 2933/2933
f 2997/2997 2998/2998 2934/2934
f 2998/2998 2999/2999 2935/2935
f 2999/2999 3000/3000 2936/2936
f 3000/3000 3001/3001 2937/2937
f 3001/3001 3002/3002 2938/2938
f 3002/3002 3003/3003 2939/2939
f 3003/3003 3004/3004 2940/2940
f 3004/3004 3005/3005 2941/2941
f 3005/3005 3006/3006 2942/2942
f 3006/3006 3007/3007 2943/2943
f 3007/3007 3008/3008 2944/2944
f 3009/3009 3010/3010 2946/2946
f 3010/3010 3011/3011 2947/2947
f 3011/3011 3012/3012 2948/2948
f 3012/3012 3013/3013 2949/2949
f 3013/3013 3014/3014 2950/2950
f 3014/3014 3015/3015 2951/2951
f 3015/3015 3016/3016 2952/2952
f 3016/3016 3017/3017 2953/2953
f 3017/3017 3018/3018 2954/2954
f 3018/3018 3019/3019 2955/2955
f 3019/3019 3020/3020 2956/2956
f 3020/3020 3021/3021 2957/2957
f 3021/3021 3022/3022 2958/2958
f 3022/3022 3023/3023 2959/2959
f 3023/3023 3024/3024 2960/2960
f 3024/3024 3025/3025 2961/2961
f 3025/3025 3026/3026 2962/2962
f 3026/3026 3027/3027 2963/2963
f 3027/3027 3028/3028 2964/2964
f 3028/3028 3029/3029 2965/2965
f 3029/3029 3030/3030 2966/2966
f 3030/3030 3031/3031 2967/2967
f 3031/3031 3032/3032 2968/2968
f 3032/3032 3033/3033 2969/2969
f 3033/3033 3034/3034 2970/2970
f 3034/3034 3035/3035 2971/2971
f 3035/3035 3036/3036 2972/2972
f 3036/3036 3037/3037 2973/2973
f 3037/3037 3038/3038 2974/2974
f 3038/3038 3039/3039 2975/2975
f 3039/3039 3040/3040 2976/2976
f 3040/3040 3041/3041 2977/2977
f 3041/3041 3042/3042 2978/2978
f 3042/3042 3043/3043 2979/2979
f 3043/3043 3044/3044 2980/2980
f 3044/3044 3045/3045 2981/2981
f 3045/3045 3046/3046 2982/2982
f 3046/3046 3047/3047 2983/2983
f 3047/3047 3048/3048 2984/2984
f 3048/3048 3049/3049 2985/2985
f 3049/3049 3050/3050 2986/2986
f 3050/3050 3051/3051 2987/2987
f 3051/3051 3052/3052 2988/2988
f 3052/3052 3053/3053 2989/2989
f 3053/3053 3054/3054 2990/2990
f 3054/3054 3055/3055 2991/2991
f 3055/3055 3056/3056 2992/2992
f 3056/3056 3057/3057 2993/2993
f 3057/3057 3058/3058 2994/2994
f 3058/3058 3059/3059 2995/2995
f 3059/3059 3060/3060 2996/2996
f 3060/3060 3061/3061 2997/2997
f 3061/3061 3062/3062 2998/2998
f 3062/3062 3063/3063 2999/2999
f 3063/3063 3064/3064 3000/3000
f 3064/3064 3065/3065 3001/3001
f 3065/3065 3066/3066 3002/3002
f 3066/3066 3067/3067 3003/3003
f 3067/3067 3068/3068 3004/3004
f 3068/3068 3069/3069 3005/3005
f 3069/3069 3070/3070 3006/3006
f 3070/3070 3071/3071 3007/3007
f 3071/3071 3072/3072 3008/3008
f 3073/3073 3074/3074 3010/3010
f 3074/3074 3075/3075 3011/3011
f 3075/3075 3076/3076 3012/3012
f 3076/3076 3077/3077 3013/3013
f 3077/3077 3078/3078 3014/3014
f 3078/3078 3079/3079 3015/3015
f 3079/3079 3080/3080 3016/3016
f 3080/3080 3081/3081 3017/3017
f 3081/3081 3082/3082 3018/3018
f 3082/3082 3083/3083 3019/3019
f 3083/3083 3084/3084 3020/3020
f 3084/3084 3085/3085 3021/3021
f 3085/3085 3086/3086 3022/3022
f 3086/3086 3087/3087 3023/3023
f 3087/3087 3088/3088 3024/3024
f 3088/3088 3089/3089 3025/3025
f 3089/3089 3090/3090 3026/3026
f 3090/3090 3091/3091 3027/3027
f 3091/3091 3092/3092 3028/3028
f 3092/3092 3093/3093 3029/3029
f 3093/3093 3094/3094 3030/3030
f 3094/3094 3095/3095 3031/3031
f 3095/3095 3096/3096 3032/3032
f 3096/3096 3097/3097 3033/3033
f 3097/3097 3098/3098 3034/3034
f 3098/3098 3099/3099 3035/3035
f 3099/3099 3100/3100 3036/3036
f 3100/3100 3101/3101 3037/3037
f 3101/3101 3102/3102 3038/3038
f 3102/3102 3103/3103 3039/3039
f 3103/3103 3104/3104 3040/3040
f 3104/3104 3105/3105 3041/3041
f 3105/3105 3106/3106 3042/3042
f 3106/3106 3107/3107 3043/3043
f 3107/3107 3108/3108 3044/3044
f 3108/3108 3109/3109 3045/3045
f 3109/3109 3110/3110 3046/3046
f 3110/3110 3111/3111 3047/3047
f 3111/3111 3112/3112 3048/3048
f 3112/3112 3113/3113 3049/3049
f 3113/3113 3114/3114 3050/3050
f 3114/3114 3115/3115 3051/3051
f 3115/3115 3116/3116 3052/3052
f 3116/3116 3117/3117 3053/3053
f 3117/3117 3118/3118 3054/3054
f 3118/3118 3119/3119 3055/3055
f 3119/3119 3120/3120 3056/3056
f 3120/3120 3121/3121 3057/3057
f 3121/3121 3122/3122 3058/3058
f 3122/3122 3123/3123 3059/3059
f 3123/3123 3124/3124 3060/3060
f 3124/3124 3125/3125 3061/3061
f 3125/3125 3126/3126 3062/3062
f 3126/3126 3127/3127 3063/3063
f 3127/3127 3128/3128 3064/3064
f 3128/3128 3129/3129 3065/3065
f 3129/3129 3130/3130 3066/3066
f 3130/3130 3131/3131 3067/3067
f 3131/3131 3132/3132 3068/3068
f 3132/3132 3133/3133 3069/3069
f 3133/3133 3134/3134 3070/3070
f 3134/3134 3135/3135 3071/3071
f 3135/3135 3136/3136 3072/3072
f 3137/3137 3138/3138 3074/3074
f 3138/3138 3139/3139 3075/3075
f 3139/3139 3140/3140 3076/3076
f 3140/3140 3141/3141 3077/3077
f 3141/3141 3142/3142 3078/3078
f 3142/3142 3143/3143 3079/3079
f 3143/3143 3144/3144 3080/3080
f 3144/3144 3145/3145 3081/3081
f 3145/3145 3146/3146 3082/3082
f 3146/3146 3147/3147 3083/3083
f 3147/3147 3148/3148 3084/3084
f 3148/3148 3149/3149 3085/3085
f 3149/3149 3150/3150 3086/3086
f 3150/3150 3151/3151 3087/3087
f 3151/3151 3152/3152 3088/3088
f 3152/3152 3153/3153 3089/3089
f 3153/3153 3154/3154 3090/3090
f 3154/3154 3155/3155 3091/3091
f 3155/3155 3156/3156 3092/3092
f 3156/3156 3157/3157 3093/3093
f 3157/3157 3158/3158 3094/3094
f 3158/3158 3159/3159 3095/3095
f 3159/3159 3160/3160 3096/3096
f 3160/3160 3161/3161 3097/3097
f 3161/3161 3162/3162 3098/3098
f 3162/3162 3163/3163 3099/3099
f 3163/3163 3164/3164 3100/3100
f 3164/3164 3165/3165 3101/3101
f 3165/3165 3166/3166 3102/3102
f 3166/3166 3167/3167 3103/3103
f 3167/3167 3168/3168 3104/3104
f 3168/3168 3169/3169 3105/3105
f 3169/3169 3170/3170 3106/3106
f 3170/3170 3171/3171 3107/3107
f 3171/3171 3172/3172 3108/3108
f 3172/3172 3173/3173 3109/3109
f 3173/3173 3174/3174 3110/3110
f 3174/3174 3175/3175 3111/3111
f 3175/3175 3176/3176 3112/3112
f 3176/3176 3177/3177 3113/3113
f 3177/3177 3178/3178 3114/3114
f 3178/3178 3179/3179 3115/3115
f 3179/3179 3180/3180 3116/3116
f 3180/3180 3181/3181 3117/3117
f 3181/3181 3182/3182 3118/3118
f 3182/3182 3183/3183 3119/3119
f 3183/3183 3184/3184 3120/3120
f 3184/3184 3185/3185 3121/3121
f 3185/3185 3186/3186 3122/3122
f 3186/3186 3187/3187 3123/3123
f 3187/3187 3188/3188 3124/3124
f 3188/3188 3189/3189 3125/3125
f 3189/3189 3190/3190 3126/3126
f 3190/3190 3191/3191 3127/3127
f 3191/3191 3192/3192 3128/3128
f 3192/3192 3193/3193 3129/3129
f 3193/3193 3194/3194 3130/3130
f 3194/3194 3195/3195 3131/3131
f 3195/3195 3196/3196 3132/3132
f 3196/3196 3197/3197 3133/3133
f 3197/3197 3198/3198 3134/3134
f 3198/3198 3199/3199 3135/3135
f 3199/3199 3200/3200 3136/3136
f 3201/3201 3202/3202 3138/3138
f 3202/3202 3203/3203 3139/3139
f 3203/3203 3204/3204 3140/3140
f 3204/3204 3205/3205 3141/3141
f 3205/3205 3206/3206 3142/3142
f 3206/3206 3207/3207 3143/3143
f 3207/3207 3208/3208 3144/3144
f 3208/3208 3209/3209 3145/3145
f 3209/3209 3210/3210 3146/3146
f 3210/3210 3211/3211 3147/3147
f 3211/3211 3212/3212 3148/3148
f 3212/3212 3213/3213 3149/3149
f 3213/3213 3214/3214 3150/3150
f 3214/3214 3215/3215 3151/3151
f 3215/3215 3216/3216 3152/3152
f 3216/3216 3217/3217 3153/3153
f 3217/3217 3218/3218 3154/3154
f 3218/3218 3219/3219 3155/3155
f 3219/3219 3220/3220 3156/3156
f 3220/3220 3221/3221 3157/3157
f 3221/3221 3222/3222 3158/3158
f 3222/3222 3223/3223 3159/3159
f 3223/3223 3224/3224 3160/3160
f 3224/3224 3225/3225 3161/3161
f 3225/3225 3226/3226 3162/3162
f 3226/3226 3227/3227 3163/3163
f 3227/3227 3228/3228 3164/3164
f 3228/3228 3229/3229 3165/3165
f 3229/3229 3230/3230 3166/3166
f 3230/3230 3231/3231 3167/3167
f 3231/3231 3232/3232 3168/3168
f 3232/3232 3233/3233 3169/3169
f 3233/3233 3234/3234 3170/3170
f 3234/3234 3235/3235 3171/3171
f 3235/3235 3236/3236 3172/3172
f 3236/3236 3237/3237 3173/3173
f 3237/3237 3238/3238 3174/3174
f 3238/3238 3239/3239 3175/3175
f 3239/3239 3240/3240 3176/3176
f 3240/3240 3241/3241 3177/3177
f 3241/3241 3242/3242 3178/3178
f 3242/3242 3243/3243 3179/3179
f 3243/3243 3244/3244 3180/3180
f 3244/3244 3245/3245 3181/3181
f 3245/3245 3246/3246 3182/3182
f 3246/3246 3247/3247 3183/3183
f 3247/3247 3248/3248 3184/3184
f 3248/3248 3249/3249 3185/3185
f 3249/3249 3250/3250 3186/3186
f 3250/3250 3251/3251 3187/3187
f 3251/3251 3252/3252 3188/3188
f 3252/3252 3253/3253 3189/3189
f 3253/3253 3254/3254 3190/3190
f 3254/3254 3255/3255 3191/3191
f 3255/3255 3256/3256 3192/3192
f 3256/3256 3257/3257 3193/3193
f 3257/3257 3258/3258 3194/3194
f 3258/3258 3259/3259 3195/3195
f 3259/3259 3260/3260 3196/3196
f 3260/3260 3261/3261 3197/3197
f 3261/3261 3262/3262 3198/3198
f 3262/3262 3263/3263 3199/3199
f 3263/3263 3264/3264 3200/3200
f 3265/3265 3266/3266 3202/3202
f 3266/3266 3267/3267 3203/3203
f 3267/3267 3268/3268 3204/3204
f 3268/3268 3269/3269 3205/3205
f 3269/3269 3270/3270 3206/3206
f 3270/3270 3271/3271 3207/3207
f 3271/3271 3272/3272 3208/3208
f 3272/3272 3273/3273 3209/3209
f 3273/3273 3274/3274 3210/3210
f 3274/3274 3275/3275 3211/3211
f 3275/3275 3276/3276 3212/3212
f 3276/3276 3277/3277 3213/3213
f 3277/3277 3278/3278 3214/3214
f 3278/3278 3279/3279 3215/3215
f 3279/3279 3280/3280 3216/3216
f 3280/3280 3281/3281 3217/3217
f 3281/3281 3282/3282 3218/3218
f 3282/3282 3283/3283 3219/3219
f 3283/3283 3284/3284 3220/3220
f 3284/3284 3285/3285 3221/3221
f 3285/3285 3286/3286 3222/3222
f 3286/3286 3287/3287 3223/3223
f 3287/3287 3288/3288 3224/3224
f 3288/3288 3289/3289 3225/3225
f 3289/3289 3290/3290 3226/3226
f 3290/3290 3291/3291 3227/3227
f 3291/3291 3292/3292 3228/3228
f 3292/3292 3293/3293 3229/3229
f 3293/3293 3294/3294 3230/3230
f 3294/3294 3295/3295 3231/3231
f 3295/3295 3296/3296 3232/3232
f 3296/3296 3297/3297 3233/3233
f 3297/3297 3298/3298 3234/3234
f 3298/3298 3299/3299 3235/3235
f 3299/3299 3300/3300 3236/3236
f 3300/3300 3301/3301 3237/3237
f 3301/3301 3302/3302 3238/3238
f 3302/3302 3303/3303 3239/3239
f 3303/3303 3304/3304 3240/3240
f 3304/3304 3305/3305 3241/3241
f 3305/3305 3306/3306 3242/3242
f 3306/3306 3307/3307 3243/3243
f 3307/3307 3308/3308 3244/3244
f 3308/3308 3309/3309 3245/3245
f 3309/3309 3310/3310 3246/3246
f 3310/3310 3311/3311 3247/3247
f 3311/3311 3312/3312 3248/3248
f 3312/3312 3313/3313 3249/3249
f 3313/3313 3314/3314 3250/3250
f 3314/3314 3315/3315 3251/3251
f 3315/3315 3316/3316 3252/3252
f 3316/3316 3317/3317 3253/3253
f 3317/3317 3318/3318 3254/3254
f 3318/3318 3319/3319 3255/3255
f 3319/3319 3320/3320 3256/3256
f 3320/3320 3321/3321 3257/3257
f 3321/3321 3322/3322 3258/3258
f 3322/3322 3323/3323 3259/3259
f 3323/3323 3324/3324 3260/3260
f 3324/3324 3325/3325 3261/3261
f 3325/3325 3326/3326 3262/3262
f 3326/3326 3327/3327 3263/3263
f 3327/3327 3328/3328 3264/3264
f 3329/3329 3330/3330 3266/3266
f 3330/3330 3331/3331 3267/3267
f 3331/3331 3332/3332 3268/3268
f 3332/3332 3333/3333 3269/3269
f 3333/3333 3334/3334 3270/3270
f 3334/3334 3335/3335 3271/3271
f 3335/3335 3336/3336 3272/3272
f 3336/3336 3337/3337 3273/3273
f 3337/3337 3338/3338 3274/3274
f 3338/3338 3339/3339 3275/3275
f 3339/3339 3340/3340 3276/3276
f 3340/3340 3341/3341 3277/3277
f 3341/3341 3342/3342 3278/3278
f 3342/3342 3343/3343 3279/3279
f 3343/3343 3344/3344 3280/3280
f 3344/3344 3345/3345 3281/3281
f 3345/3345 3346/3346 3282/3282
f 3346/3346 3347/3347 3283/3283
f 3347/3347 3348/3348 3284/3284
f 3348/3348 3349/3349 3285/3285
f 3349/3349 3350/3350 3286/3286
f 3350/3350 3351/3351 3287/3287
f 3351/3351 3352/3352 3288/3288
f 3352/3352 3353/3353 3289/3289
f 3353/3353 3354/3354 3290/3290
f 3354/3354 3355/3355 3291/3291
f 3355/3355 3356/3356 3292/3292
f 3356/3356 3357/3357 3293/3293
f 3357/3357 3358/3358 3294/3294
f 3358/3358 3359/3359 3295/3295
f 3359/3359 3360/3360 3296/3296
f 3360/3360 3361/3361 3297/3297
f 3361/3361 3362/3362 3298/3298
f 3362/3362 3363/3363 3299/3299
f 3363/3363 3364/3364 3300/3300
f 3364/3364 3365/3365 3301/3301
f 3365/3365 3366/3366 3302/3302
f 3366/3366 3367/3367 3303/3303
f 3367/3367 3368/3368 3304/3304
f 3368/3368 3369/3369 3305/3305
f 3369/3369 3370/3370 3306/3306
f 3370/3370 3371/3371 3307/3307
f 3371/3371 3372/3372 3308/3308
f 3372/3372 3373/3373 3309/3309
f 3373/3373 3374/3374 3310/3310
f 3374/3374 3375/3375 3311/3311
f 3375/3375 3376/3376 3312/3312
f 3376/3376 3377/3377 3313/3313
f 3377/3377 3378/3378 3314/3314
f 3378/3378 3379/3379 3315/3315
f 3379/3379 3380/3380 3316/3316
f 3380/3380 3381/3381 3317/3317
f 3381/3381 3382/3382 3318/3318
f 3382/3382 3383/3383 3319/3319
f 3383/3383 3384/3384 3320/3320
f 3384/3384 3385/3385 3321/3321
f 3385/3385 3386/3386 3322/3322
f 3386/3386 3387/3387 3323/3323
f 3387/3387 3388/3388 3324/3324
f 3388/3388 3389/3389 3325/3325
f 3389/3389 3390/3390 3326/3326
f 3390/3390 3391/3391 3327/3327
f 3391/3391 3392/3392 3328/3328
f 3393/3393 3394/3394 3330/3330
f 3394/3394 3395/3395 3331/3331
f 3395/3395 3396/3396 3332/3332
f 3396/3396 3397/3397 3333/3333
f 3397/3397 3398/3398 3334/3334
f 3398/3398 3399/3399 3335/3335
f 3399/3399 3400/3400 3336/3336
f 3400/3400 3401/3401 3337/3337
f 3401/3401 3402/3402 3338/3338
f 3402/3402 3403/3403 3339/3339
f 3403/3403 3404/3404 3340/3340
f 3404/3404 3405/3405 3341/3341
f 3405/3405 3406/3406 3342/3342
f 3406/3406 3407/3407 3343/3343
f 3407/3407 3408/3408 3344/3344
f 3408/3408 3409/3409 3345/3345
f 3409/3409 3410/3410 3346/3346
f 3410/3410 3411/3411 3347/3347
f 3411/3411 3412/3412 3348/3348
f 3412/3412 3413/3413 3349/3349
f 3413/3413 3414/3414 3350/3350
f 3414/3414 3415/3415 3351/3351
f 3415/3415 3416/3416 3352/3352
f 3416/3416 3417/3417 3353/3353
f 3417/3417 3418/3418 3354/3354
f 3418/3418 3419/3419 3355/3355
f 3419/3419 3420/3420 3356/3356
f 3420/3420 3421/3421 3357/3357
f 3421/3421 3422/3422 3358/3358
f 3422/3422 3423/3423 3359/3359
f 3423/3423 3424/3424 3360/3360
f 3424/3424 3425/3425 3361/3361
f 3425/3425 3426/3426 3362/3362
f 3426/3426 3427/3427 3363/3363
f 3427/3427 3428/3428 3364/3364
f 3428/3428 3429/3429 3365/3365
f 3429/3429 3430/3430 3366/3366
f 3430/3430 3431/3431 3367/3367
f 3431/3431 3432/3432 3368/3368
f 3432/3432 3433/3433 3369/3369
f 3433/3433 3434/3434 3370/3370
f 3434/3434 3435/3435 3371/3371
f 3435/3435 3436/3436 3372/3372
f 3436/3436 3437/3437 3373/3373
f 3437/3437 3438/3438 3374/3374
f 3438/3438 3439/3439 3375/3375
f 3439/3439 3440/3440 3376/3376
f 3440/3440 3441/3441 3377/3377
f 3441/3441 3442/3442 3378/3378
f 3442/3442 3443/3443 3379/3379
f 3443/3443 3444/3444 3380/3380
f 3444/3444 3445/3445 3381/3381
f 3445/3445 3446/3446 3382/3382
f 3446/3446 3447/3447 3383/3383
f 3447/3447 3448/3448 3384/3384
f 3448/3448 3449/3449 3385/3385
f 3449/3449 3450/3450 3386/3386
f 3450/3450 3451/3451 3387/3387
f 3451/3451 3452/3452 3388/3388
f 3452/3452 3453/3453 3389/3389
f 3453/3453 3454/3454 3390/3390
f 3454/3454 3455/3455 3391/3391
f 3455/3455 3456/3456 3392/3392
f 3457/3457 3458/3458 3394/3394
f 3458/3458 3459/3459 3395/3395
f 3459/3459 3460/3460 3396/3396
f 3460/3460 3461/3461 3397/3397
f 3461/3461 3462/3462 3398/3398
f 3462/3462 3463/3463 3399/3399
f 3463/3463 3464/3464 3400/3400
f 3464/3464 3465/3465 3401/3401
f 3465/3465 3466/3466 3402/3402
f 3466/3466 3467/3467 3403/3403
f 3467/3467 3468/3468 3404/3404
f 3468/3468 3469/3469 3405/3405
f 3469/3469 3470/3470 3406/3406
f 3470/3470 3471/3471 3407/3407
f 3471/3471 3472/3472 3408/3408
f 3472/3472 3473/3473 3409/3409
f 3473/3473 3474/3474 3410/3410
f 3474/3474 3475/3475 3411/3411
f 3475/3475 3476/3476 3412/3412
f 3476/3476 3477/3477 3413/3413
f 3477/3477 3478/3478 3414/3414
f 3478/3478 3479/3479 3415/3415
f 3479/3479 3480/3480 3416/3416
f 3480/3480 3481/3481 3417/3417
f 3481/3481 3482/3482 3418/3418
f 3482/3482 3483/3483 3419/3419
f 3483/3483 3484/3484 3420/3420
f 3484/3484 3485/3485 3421/3421
f 3485/3485 3486/3486 3422/3422
f 3486/3486 3487/3487 3423/3423
f 3487/3487 3488/3488 3424/3424
f 3488/3488 3489/3489 3425/3425
f 3489/3489 3490/3490 3426/3426
f 3490/3490 3491/3491 3427/3427
f 3491/3491 3492/3492 3428/3428
f 3492/3492 3493/3493 3429/3429
f 3493/3493 3494/3494 3430/3430
f 3494/3494 3495/3495 3431/3431
f 3495/3495 3496/3496 3432/3432
f 3496/3496 3497/3497 3433/3433
f 3497/3497 3498/3498 3434/3434
f 3498/3498 3499/3499 3435/3435
f 3499/3499 3500/3500 3436/3436
f 3500/3500 3501/3501 3437/3437
f 3501/3501 3502/3502 3438/3438
f 3502/3502 3503/3503 3439/3439
f 3503/3503 3504/3504 3440/3440
f 3504/3504 3505/3505 3441/3441
f 3505/3505 3506/3506 3442/3442
f 3506/3506 3507/3507 3443/3443
f 3507/3507 3508/3508 3444/3444
f 3508/3508 3509/3509 3445/3445
f 3509/3509 3510/3510 3446/3446
f 3510/3510 3511/3511 3447/3447
f 3511/3511 3512/3512 3448/3448
f 3512/3512 3513/3513 3449/3449
f 3513/3513 3514/3514 3450/3450
f 3514/3514 3515/3515 3451/3451
f 3515/3515 3516/3516 3452/3452
f 3516/3516 3517/3517 3453/3453
f 3517/3517 3518/3518 3454/3454
f 3518/3518 3519/3519 3455/3455
f 3519/3519 3520/3520 3456/3456
f 3521/3521 3522/3522 3458/3458
f 3522/3522 3523/3523 3459/3459
f 3523/3523 3524/3524 3460/3460
f 3524/3524 3525/3525 3461/3461
f 3525/3525 3526/3526 3462/3462
f 3526/3526 3527/3527 3463/3463
f 3527/3527 3528/3528 3464/3464
f 3528/3528 3529/3529 3465/3465
f 3529/3529 3530/3530 3466/3466
f 3530/3530 3531/3531 3467/3467
f 3531/3531 3532/3532 3468/3468
f 3532/3532 3533/3533 3469/3469
f 3533/3533 3534/3534 3470/3470
f 3534/3534 3535/3535 3471/3471
f 3535/3535 3536/3536 3472/3472
f 3536/3536 3537/3537 3473/3473
f 3537/3537 3538/3538 3474/3474
f 3538/3538 3539/3539 3475/3475
f 3539/3539 3540/3540 3476/3476
f 3540/3540 3541/3541 3477/3477
f 3541/3541 3542/3542 3478/3478
f 3542/3542 3543/3543 3479/3479
f 3543/3543 3544/3544 3480/3480
f 3544/3544 3545/3545 3481/3481
f 3545/3545 3546/3546 3482/3482
f 3546/3546 3547/3547 3483/3483
f 3547/3547 3548/3548 3484/3484
f 3548/3548 3549/3549 3485/3485
f 3549/3549 3550/3550 3486/3486
f 3550/3550 3551/3551 3487/3487
f 3551/3551 3552/3552 3488/3488
f 3552/3552 3553/3553 3489/3489
f 3553/3553 3554/3554 3490/3490
f 3554/3554 3555/3555 3491/3491
f 3555/3555 3556/3556 3492/3492
f 3556/3556 3557/3557 3493/3493
f 3557/3557 3558/3558 3494/3494
f 3558/3558 3559/3559 3495/3495
f 3559/3559 3560/3560 3496/3496
f 3560/3560 3561/3561 3497/3497
f 3561/3561 3562/3562 3498/3498
f 3562/3562 3563/3563 3499/3499
f 3563/3563 3564/3564 3500/3500
f 3564/3564 3565/3565 3501/3501
f 3565/3565 3566/3566 3502/3502
f 3566/3566 3567/3567 3503/3503
f 3567/3567 3568/3568 3504/3504
f 3568/3568 3569/3569 3505/3505
f 3569/3569 3570/3570 3506/3506
f 3570/3570 3571/3571 3507/3507
f 3571/3571 3572/3572 3508/3508
f 3572/3572 3573/3573 3509/3509
f 3573/3573 3574/3574 3510/3510
f 3574/3574 3575/3575 3511/3511
f 3575/3575 3576/3576 3512/3512
f 3576/3576 3577/3577 3513/3513
f 3577/3577 3578/3578 3514/3514
f 3578/3578 3579/3579 3515/3515
f 3579/3579 3580/3580 3516/3516
f 3580/3580 3581/3581 3517/3517
f 3581/3581 3582/3582 3518/3518
f 3582/3582 3583/3583 3519/3519
f 3583/3583 3584/3584 3520/3520
f 3585/3585 3586/3586 3522/3522
f 3586/3586 3587/3587 3523/3523
f 3587/3587 3588/3588 3524/3524
f 3588/3588 3589/3589 3525/3525
f 3589/3589 3590/3590 3526/3526
f 3590/3590 3591/3591 3527/3527
f 3591/3591 3592/3592 3528/3528
f 3592/3592 3593/3593 3529/3529
f 3593/3593 3594/3594 3530/3530
f 3594/3594 3595/3595 3531/3531
f 3595/3595 3596/3596 3532/3532
f 3596/3596 3597/3597 3533/3533
f 3597/3597 3598/3598 3534/3534
f 3598/3598 3599/3599 3535/3535
f 3599/3599 3600/3600 3536/3536
f 3600/3600 3601/3601 3537/3537
f 3601/3601 3602/3602 3538/3538
f 3602/3602 3603/3603 3539/3539
f 3603/3603 3604/3604 3540/3540
f 3604/3604 3605/3605 3541/3541
f 3605/3605 3606/3606 3542/3542
f 3606/3606 3607/3607 3543/3543
f 3607/3607 3608/3608 3544/3544
f 3608/3608 3609/3609 3545/3545
f 3609/3609 3610/3610 3546/3546
f 3610/3610 3611/3611 3547/3547
f 3611/3611 3612/3612 3548/3548
f 3612/3612 3613/3613 3549/3549
f 3613/3613 3614/3614 3550/3550
f 3614/3614 3615/3615 3551/3551
f 3615/3615 3616/3616 3552/3552
f 3616/3616 3617/3617 3553/3553
f 3617/3617 3618/3618 3554/3554
f 3618/3618 3619/3619 3555/3555
f 3619/3619 3620/3620 3556/3556
f 3620/3620 3621/3621 3557/3557
f 3621/3621 3622/3622 3558/3558
f 3622/3622 3623/3623 3559/3559
f 3623/3623 3624/3624 3560/3560
f 3624/3624 3625/3625 3561/3561
f 3625/3625 3626/3626 3562/3562
f 3626/3626 3627/3627 3563/3563
f 3627/3627 3628/3628 3564/3564
f 3628/3628 3629/3629 3565/3565
f 3629/3629 3630/3630 3566/3566
f 3630/3630 3631/3631 3567/3567
f 3631/3631 3632/3632 3568/3568
f 3632/3632 3633/3633 3569/3569
f 3633/3633 3634/3634 3570/3570
f 3634/3634 3635/3635 3571/3571
f 3635/3635 3636/3636 3572/3572
f 3636/3636 3637/3637 3573/3573
f 3637/3637 3638/3638 3574/3574
f 3638/3638 3639/3639 3575/3575
f 3639/3639 3640/3640 3576/3576
f 3640/3640 3641/3641 3577/3577
f 3641/3641 3642/3642 3578/3578
f 3642/3642 3643/3643 3579/3579
f 3643/3643 3644/3644 3580/3580
f 3644/3644 3645/3645 3581/3581
f 3645/3645 3646/3646 3582/3582
f 3646/3646 3647/3647 3583/3583
f 3647/3647 3648/3648 3584/3584
f 3649/3649 3650/3650 3586/3586
f 3650/3650 3651/3651 3587/3587
f 3651/3651 3652/3652 3588/3588
f 3652/3652 3653/3653 3589/3589
f 3653/3653 3654/3654 3590/3590
f 3654/3654 3655/3655 3591/3591
f 3655/3655 3656/3656 3592/3592
f 3656/3656 3657/3657 3593/3593
f 3657/3657 3658/3658 3594/3594
f 3658/3658 3659/3659 3595/3595
f 3659/3659 3660/3660 3596/3596
f 3660/3660 3661/3661 3597/3597
f 3661/3661 3662/3662 3598/3598
f 3662/3662 3663/3663 3599/3599
f 3663/3663 3664/3664 3600/3600
f 3664/3664 3665/3665 3601/3601
f 3665/3665 3666/3666 3602/3602
f 3666/3666 3667/3667 3603/3603
f 3667/3667 3668/3668 3604/3604
f 3668/3668 3669/3669 3605/3605
f 3669/3669 3670/3670 3606/3606
f 3670/3670 3671/3671 3607/3607
f 3671/3671 3672/3672 3608/3608
f 3672/3672 3673/3673 3609/3609
f 3673/3673 3674/3674 3610/3610
f 3674/3674 3675/3675 3611/3611
f 3675/3675 3676/3676 3612/3612
f 3676/3676 3677/3677 3613/3613
f 3677/3677 3678/3678 3614/3614
f 3678/3678 3679/3679 3615/3615
f 3679/3679 3680/3680 3616/3616
f 3680/3680 3681/3681 3617/3617
f 3681/3681 3682/3682 3618/3618
f 3682/3682 3683/3683 3619/3619
f 3683/3683 3684/3684 3620/3620
f 3684/3684 3685/3685 3621/3621
f 3685/3685 3686/3686 3622/3622
f 3686/3686 3687/3687 3623/3623
f 3687/3687 3688/3688 3624/3624
f 3688/3688 3689/3689 3625/3625
f 3689/3689 3690/3690 3626/3626
f 3690/3690 3691/3691 3627/3627
f 3691/3691 3692/3692 3628/3628
f 3692/3692 3693/3693 3629/3629
f 3693/3693 3694/3694 3630/3630
f 3694/3694 3695/3695 3631/3631
f 3695/3695 3696/3696 3632/3632
f 3696/3696 3697/3697 3633/3633
f 3697/3697 3698/3698 3634/3634
f 3698/3698 3699/3699 3635/3635
f 3699/3699 3700/3700 3636/3636
f 3700/3700 3701/3701 3637/3637
f 3701/3701 3702/3702 3638/3638
f 3702/3702 3703/3703 3639/3639
f 3703/3703 3704/3704 3640/3640
f 3704/3704 3705/3705 3641/3641
f 3705/3705 3706/3706 3642/3642
f 3706/3706 3707/3707 3643/3643
f 3707/3707 3708/3708 3644/3644
f 3708/3708 3709/3709 3645/3645
f 3709/3709 3710/3710 3646/3646
f 3710/3710 3711/3711 3647/3647
f 3711/3711 3712/3712 3648/3648
f 3713/3713 3714/3714 3650/3650
f 3714/3714 3715/3715 3651/3651
f 3715/3715 3716/3716 3652/3652
f 3716/3716 3717/3717 3653/3653
f 3717/3717 3718/3718 3654/3654
f 3718/3718 3719/3719 3655/3655
f 3719/3719 3720/3720 3656/3656
f 3720/3720 3721/3721 3657/3657
f 3721/3721 3722/3722 3658/3658
f 3722/3722 3723/3723 3659/3659
f 3723/3723 3724/3724 3660/3660
f 3724/3724 3725/3725 3661/3661
f 3725/3725 3726/3726 3662/3662
f 3726/3726 3727/3727 3663/3663
f 3727/3727 3728/3728 3664/3664
f 3728/3728 3729/3729 3665/3665
f 3729/3729 3730/3730 3666/3666
f 3730/3730 3731/3731 3667/3667
f 3731/3731 3732/3732 3668/3668
f 3732/3732 3733/3733 3669/3669
f 3733/3733 3734/3734 3670/3670
f 3734/3734 3735/3735 3671/3671
f 3735/3735 3736/3736 3672/3672
f 3736/3736 3737/3737 3673/3673
f 3737/3737 3738/3738 3674/3674
f 3738/3738 3739/3739 3675/3675
f 3739/3739 3740/3740 3676/3676
f 3740/3740 3741/3741 3677/3677
f 3741/3741 3742/3742 3678/3678
f 3742/3742 3743/3743 3679/3679
f 3743/3743 3744/3744 3680/3680
f 3744/3744 3745/3745 3681/3681
f 3745/3745 3746/3746 3682/3682
f 3746/3746 3747/3747 3683/3683
f 3747/3747 3748/3748 3684/3684
f 3748/3748 3749/3749 3685/3685
f 3749/3749 3750/3750 3686/3686
f 3750/3750 3751/3751 3687/3687
f 3751/3751 3752/3752 3688/3688
f 3752/3752 3753/3753 3689/3689
f 3753/3753 3754/3754 3690/3690
f 3754/3754 3755/3755 3691/3691
f 3755/3755 3756/3756 3692/3692
f 3756/3756 3757/3757 3693/3693
f 3757/3757 3758/3758 3694/3694
f 3758/3758 3759/3759 3695/3695
f 3759/3759 3760/3760 3696/3696
f 3760/3760 3761/3761 3697/3697
f 3761/3761 3762/3762 3698/3698
f 3762/3762 3763/3763 3699/3699
f 3763/3763 3764/3764 3700/3700
f 3764/3764 3765/3765 3701/3701
f 3765/3765 3766/3766 3702/3702
f 3766/3766 3767/3767 3703/3703
f 3767/3767 3768/3768 3704/3704
f 3768/3768 3769/3769 3705/3705
f 3769/3769 3770/3770 3706/3706
f 3770/3770 3771/3771 3707/3707
f 3771/3771 3772/3772 3708/3708
f 3772/3772 3773/3773 3709/3709
f 3773/3773 3774/3774 3710/3710
f 3774/3774 3775/3775 3711/3711
f 3775/3775 3776/3776 3712/3712
f 3777/3777 3778/3778 3714/3714
f 3778/3778 3779/3779 3715/3715
f 3779/3779 3780/3780 3716/3716
f 3780/3780 3781/3781 3717/3717
f 3781/3781 3782/3782 3718/3718
f 3782/3782 3783/3783 3719/3719
f 3783/3783 3784/3784 3720/3720
f 3784/3784 3785/3785 3721/3721
f 3785/3785 3786/3786 3722/3722
f 3786/3786 3787/3787 3723/3723
f 3787/3787 3788/3788 3724/3724
f 3788/3788 3789/3789 3725/3725
f 3789/3789 3790/3790 3726/3726
f 3790/3790 3791/3791 3727/3727
f 3791/3791 3792/3792 3728/3728
f 3792/3792 3793/3793 3729/3729
f 3793/3793 3794/3794 3730/3730
f 3794/3794 3795/3795 3731/3731
f 3795/3795 3796/3796 3732/3732
f 3796/3796 3797/3797 3733/3733
f 3797/3797 3798/3798 3734/3734
f 3798/3798 3799/3799 3735/3735
f 3799/3799 3800/3800 3736/3736
f 3800/3800 3801/3801 3737/3737
f 3801/3801 3802/3802 3738/3738
f 3802/3802 3803/3803 3739/3739
f 3803/3803 3804/3804 3740/3740
f 3804/3804 3805/3805 3741/3741
f 3805/3805 3806/3806 3742/3742
f 3806/3806 3807/3807 3743/3743
f 3807/3807 3808/3808 3744/3744
f 3808/3808 3809/3809 3745/3745
f 3809/3809 3810/3810 3746/3746
f 3810/3810 3811/3811 3747/3747
f 3811/3811 3812/3812 3748/3748
f 3812/3812 3813/3813 3749/3749
f 3813/3813 3814/3814 3750/3750
f 3814/3814 3815/3815 3751/3751
f 3815/3815 3816/3816 3752/3752
f 3816/3816 3817/3817 3753/3753
f 3817/3817 3818/3818 3754/3754
f 3818/3818 3819/3819 3755/3755
f 3819/3819 3820/3820 3756/3756
f 3820/3820 3821/3821 3757/3757
f 3821/3821 3822/3822 3758/3758
f 3822/3822 3823/3823 3759/3759
f 3823/3823 3824/3824 3760/3760
f 3824/3824 3825/3825 3761/3761
f 3825/3825 3826/3826 3762/3762
f 3826/3826 3827/3827 3763/3763
f 3827/3827 3828/3828 3764/3764
f 3828/3828 3829/3829 3765/3765
f 3829/3829 3830/3830 3766/3766
f 3830/3830 3831/3831 3767/3767
f 3831/3831 3832/3832 3768/3768
f 3832/3832 3833/3833 3769/3769
f 3833/3833 3834/3834 3770/3770
f 3834/3834 3835/3835 3771/3771
f 3835/3835 3836/3836 3772/3772
f 3836/3836 3837/3837 3773/3773
f 3837/3837 3838/3838 3774/3774
f 3838/3838 3839/3839 3775/3775
f 3839/3839 3840/3840 3776/3776
f 3841/3841 3842/3842 3778/3778
f 3842/3842 3843/3843 3779/3779
f 3843/3843 3844/3844 3780/3780
f 3844/3844 3845/3845 3781/3781
f 3845/3845 3846/3846 3782/3782
f 3846/3846 3847/3847 3783/3783
f 3847/3847 3848/3848 3784/3784
f 3848/3848 3849/3849 3785/3785
f 3849/3849 3850/3850 3786/3786
f 3850/3850 3851/3851 3787/3787
f 3851/3851 3852/3852 3788/3788
f 3852/3852 3853/3853 3789/3789
f 3853/3853 3854/3854 3790/3790
f 3854/3854 3855/3855 3791/3791
f 3855/3855 3856/3856 3792/3792
f 3856/3856 3857/3857 3793/3793
f 3857/3857 3858/3858 3794/3794
f 3858/3858 3859/3859 3795/3795
f 3859/3859 3860/3860 3796/3796
f 3860/3860 3861/3861 3797/3797
f 3861/3861 3862/3862 3798/3798
f 3862/3862 3863/3863 3799/3799
f 3863/3863 3864/3864 3800/3800
f 3864/3864 3865/3865 3801/3801
f 3865/3865 3866/3866 3802/3802
f 3866/3866 3867/3867 3803/3803
f 3867/3867 3868/3868 3804/3804
f 3868/3868 3869/3869 3805/3805
f 3869/3869 3870/3870 3806/3806
f 3870/3870 3871/3871 3807/3807
f 3871/3871 3872/3872 3808/3808
f 3872/3872 3873/3873 3809/3809
f 3873/3873 3874/3874 3810/3810
f 3874/3874 3875/3875 3811/3811
f 3875/3875 3876/3876 3812/3812
f 3876/3876 3877/3877 3813/3813
f 3877/3877 3878/3878 3814/3814
f 3878/3878 3879/3879 3815/3815
f 3879/3879 3880/3880 3816/3816
f 3880/3880 3881/3881 3817/3817
f 3881/3881 3882/3882 3818/3818
f 3882/3882 3883/3883 3819/3819
f 3883/3883 3884/3884 3820/3820
f 3884/3884 3885/3885 3821/3821
f 3885/3885 3886/3886 3822/3822
f 3886/3886 3887/3887 3823/3823
f 3887/3887 3888/3888 3824/3824
f 3888/3888 3889/3889 3825/3825
f 3889/3889 3890/3890 3826/3826
f 3890/3890 3891/3891 3827/3827
f 3891/3891 3892/3892 3828/3828
f 3892/3892 3893/3893 3829/3829
f 3893/3893 3894/3894 3830/3830
f 3894/3894 3895/3895 3831/3831
f 3895/3895 3896/3896 3832/3832
f 3896/3896 3897/3897 3833/3833
f 3897/3897 3898/3898 3834/3834
f 3898/3898 3899/3899 3835/3835
f 3899/3899 3900/3900 3836/3836
f 3900/3900 3901/3901 3837/3837
f 3901/3901 3902/3902 3838/3838
f 3902/3902 3903/3903 3839/3839
f 3903/3903 3904/3904 3840/3840
f 3905/3905 3906/3906 3842/3842
f 3906/3906 3907/3907 3843/3843
f 3907/3907 3908/3908 3844/3844
f 3908/3908 3909/3909 3845/3845
f 3909/3909 3910/3910 3846/3846
f 3910/3910 3911/3911 3847/3847
f 3911/3911 3912/3912 3848/3848
f 3912/3912 3913/3913 3849/3849
f 3913/3913 3914/3914 3850/3850
f 3914/3914 3915/3915 3851/3851
f 3915/3915 3916/3916 3852/3852
f 3916/3916 3917/3917 3853/3853
f 3917/3917 3918/3918 3854/3854
f 3918/3918 3919/3919 3855/3855
f 3919/3919 3920/3920 3856/3856
f 3920/3920 3921/3921 3857/3857
f 3921/3921 3922/3922 3858/3858
f 3922/3922 3923/3923 3859/3859
f 3923/3923 3924/3924 3860/3860
f 3924/3924 3925/3925 3861/3861
f 3925/3925 3926/3926 3862/3862
f 3926/3926 3927/3927 3863/3863
f 3927/3927 3928/3928 3864/3864
f 3928/3928 3929/3929 3865/3865
f 3929/3929 3930/3930 3866/3866
f 3930/3930 3931/3931 3867/3867
f 3931/3931 3932/3932 3868/3868
f 3932/3932 3933/3933 3869/3869
f 3933/3933 3934/3934 3870/3870
f 3934/3934 3935/3935 3871/3871
f 3935/3935 3936/3936 3872/3872
f 3936/3936 3937/3937 3873/3873
f 3937/3937 3938/3938 3874/3874
f 3938/3938 3939/3939 3875/3875
f 3939/3939 3940/3940 3876/3876
f 3940/3940 3941/3941 3877/3877
f 3941/3941 3942/3942 3878/3878
f 3942/3942 3943/3943 3879/3879
f 3943/3943 3944/3944 3880/3880
f 3944/3944 3945/3945 3881/3881
f 3945/3945 3946/3946 3882/3882
f 3946/3946 3947/3947 3883/3883
f 3947/3947 3948/3948 3884/3884
f 3948/3948 3949/3949 3885/3885
f 3949/3949 3950/3950 3886/3886
f 3950/3950 3951/3951 3887/3887
f 3951/3951 3952/3952 3888/3888
f 3952/3952 3953/3953 3889/3889
f 3953/3953 3954/3954 3890/3890
f 3954/3954 3955/3955 3891/3891
f 3955/3955 3956/3956 3892/3892
f 3956/3956 3957/3957 3893/3893
f 3957/3957 3958/3958 3894/3894
f 3958/3958 3959/3959 3895/3895
f 3959/3959 3960/3960 3896/3896
f 3960/3960 3961/3961 3897/3897
f 3961/3961 3962/3962 3898/3898
f 3962/3962 3963/3963 3899/3899
f 3963/3963 3964/3964 3900/3900
f 3964/3964 3965/3965 3901/3901
f 3965/3965 3966/3966 3902/3902
f 3966/3966 3967/3967 3903/3903
f 3967/3967 3968/3968 3904/3904
f 3969/3969 3970/3970 3906/3906
f 3970/3970 3971/3971 3907/3907
f 3971/3971 3972/3972 3908/3908
f 3972/3972 3973/3973 3909/3909
f 3973/3973 3974/3974 3910/3910
f 3974/3974 3975/3975 3911/3911
f 3975/3975 3976/3976 3912/3912
f 3976/3976 3977/3977 3913/3913
f 3977/3977 3978/3978 3914/3914
f 3978/3978 3979/3979 3915/3915
f 3979/3979 3980/3980 3916/3916
f 3980/3980 3981/3981 3917/3917
f 3981/3981 3982/3982 3918/3918
f 3982/3982 3983/3983 3919/3919
f 3983/3983 3984/3984 3920/3920
f 3984/3984 3985/3985 3921/3921
f 3985/3985 3986/3986 3922/3922
f 3986/3986 3987/3987 3923/3923
f 3987/3987 3988/3988 3924/3924
f 3988/3988 3989/3989 3925/3925
f 3989/3989 3990/3990 3926/3926
f 3990/3990 3991/3991 3927/3927
f 3991/3991 3992/3992 3928/3928
f 3992/3992 3993/3993 3929/3929
f 3993/3993 3994/3994 3930/3930
f 3994/3994 3995/3995 3931/3931
f 3995/3995 3996/3996 3932/3932
f 3996/3996 3997/3997 3933/3933
f 3997/3997 3998/3998 3934/3934
f 3998/3998 3999/3999 3935/3935
f 3999/3999 4000/4000 3936/3936
f 4000/4000 4001/4001 3937/3937
f 4001/4001 4002/4002 3938/3938
f 4002/4002 4003/4003 3939/3939
f 4003/4003 4004/4004 3940/3940
f 4004/4004 4005/4005 3941/3941
f 4005/4005 4006/4006 3942/3942
f 4006/4006 4007/4007 3943/3943
f 4007/4007 4008/4008 3944/3944
f 4008/4008 4009/4009 3945/3945
f 4009/4009 4010/4010 3946/3946
f 4010/4010 4011/4011 3947/3947
f 4011/4011 4012/4012 3948/3948
f 4012/4012 4013/4013 3949/3949
f 4013/4013 4014/4014 3950/3950
f 4014/4014 4015/4015 3951/3951
f 4015/4015 4016/4016 3952/3952
f 4016/4016 4017/4017 3953/3953
f 4017/4017 4018/4018 3954/3954
f 4018/4018 4019/4019 3955/3955
f 4019/4019 4020/4020 3956/3956
f 4020/4020 4021/4021 3957/3957
f 4021/4021 4022/4022 3958/3958
f 4022/4022 4023/4023 3959/3959
f 4023/4023 4024/4024 3960/3960
f 4024/4024 4025/4025 3961/3961
f 4025/4025 4026/4026 3962/3962
f 4026/4026 4027/4027 3963/3963
f 4027/4027 4028/4028 3964/3964
f 4028/4028 4029/4029 3965/3965
f 4029/4029 4030/4030 3966/3966
f 4030/4030 4031/4031 3967/3967
f 4031/4031 4032/4032 3968/3968
f 4033/4033 4034/4034 3970/3970
f 4034/4034 4035/4035 3971/3971
f 4035/4035 4036/4036 3972/3972
f 4036/4036 4037/4037 3973/3973
f 4037/4037 4038/4038 3974/3974
f 4038/4038 4039/4039 3975/3975
f 4039/4039 4040/4040 3976/3976
f 4040/4040 4041/4041 3977/3977
f 4041/4041 4042/4042 3978/3978
f 4042/4042 4043/4043 3979/3979
f 4043/4043 4044/4044 3980/3980
f 4044/4044 4045/4045 3981/3981
f 4045/4045 4046/4046 3982/3982
f 4046/4046 4047/4047 3983/3983
f 4047/4047 4048/4048 3984/3984
f 4048/4048 4049/4049 3985/3985
f 4049/4049 4050/4050 3986/3986
f 4050/4050 4051/4051 3987/3987
f 4051/4051 4052/4052 3988/3988
f 4052/4052 4053/4053 3989/3989
f 4053/4053 4054/4054 3990/3990
f 4054/4054 4055/4055 3991/3991
f 4055/4055 4056/4056 3992/3992
f 4056/4056 4057/4057 3993/3993
f 4057/4057 4058/4058 3994/3994
f 4058/4058 4059/4059 3995/3995
f 4059/4059 4060/4060 3996/3996
f 4060/4060 4061/4061 3997/3997
f 4061/4061 4062/4062 3998/3998
f 4062/4062 4063/4063 3999/3999
f 4063/4063 4064/4064 4000/4000
f 4064/4064 4065/4065 4001/4001
f 4065/4065 4066/4066 4002/4002
f 4066/4066 4067/4067 4003/4003
f 4067/4067 4068/4068 4004/4004
f 4068/4068 4069/4069 4005/4005
f 4069/4069 4070/4070 4006/4006
f 4070/4070 4071/4071 4007/4007
f 4071/4071 4072/4072 4008/4008
f 4072/4072 4073/4073 4009/4009
f 4073/4073 4074/4074 4010/4010
f 4074/4074 4075/4075 4011/4011
f 4075/4075 4076/4076 4012/4012
f 4076/4076 4077/4077 4013/4013
f 4077/4077 4078/4078 4014/4014
f 4078/4078 4079/4079 4015/4015
f 4079/4079 4080/4080 4016/4016
f 4080/4080 4081/4081 4017/4017
f 4081/4081 4082/4082 4018/4018
f 4082/4082 4083/4083 4019/4019
f 4083/4083 4084/4084 4020/4020
f 4084/4084 4085/4085 4021/4021
f 4085/4085 4086/4086 4022/4022
f 4086/4086 4087/4087 4023/4023
f 4087/4087 4088/4088 4024/4024
f 4088/4088 4089/4089 4025/4025
f 4089/4089 4090/4090 4026/4026
f 4090/4090 4091/4091 4027/4027
f 4091/4091 4092/4092 4028/4028
f 4092/4092 4093/4093 4029/4029
f 4093/4093 4094/4094 4030/4030
f 4094/4094 4095/4095 4031/4031
f 4095/4095 4096/4096 4032/4032
f 65/65 2/2 1/1
f 66/66 3/3 2/2
f 67/67 4/4 3/3
f 68/68 5/5 4/4
f 69/69 6/6 5/5
f 70/70 7/7 6/6
f 71/71 8/8 7/7
f 72/72 9/9 8/8
f 73/73 10/10 9/9
f 74/74 11/11 10/10
f 75/75 12/12 11/11
f 76/76 13/13 12/12
f 77/77 14/14 13/13
f 78/78 15/15 14/14
f 79/79 16/16 15/15
f 80/80 17/17 16/16
f 81/81 18/18 17/17
f 82/82 19/19 18/18
f 83/83 20/20 19/19
f 84/84 21/21 20/20
f 85/85 22/22 21/21
f 86/86 23/23 22/22
f 87/87 24/24 23/23
f 88/88 25/25 24/24
f 89/89 26/26 25/25
f 90/90 27/27 26/26
f 91/91 28/28 27/27
f 92/92 29/29 28/28
f 93/93 30/30 29/29
f 94/94 31/31 30/30
f 95/95 32/32 31/31
f 96/96 33/33 32/32
f 97/97 34/34 33/33
f 98/98 35/35 34/34
f 99/99 36/36 35/35
f 100/100 37/37 36/36
f 101/101 38/38 37/37
f 102/102 39/39 38/38
f 103/103 40/40 39/39
f 104/104 41/41 40/40
f 105/105 42/42 41/41
f 106/106 43/43 42/42
f 107/107 44/44 43/43
f 108/108 45/45 44/44
f 109/109 46/46 45/45
f 110/110 47/47 46/46
f 111/111 48/48 47/47
f 112/112 49/49 48/48
f 113/113 50/50 49/49
f 114/114 51/51 50/50
f 115/115 52/52 51/51
f 116/116 53/53 52/52
f 117/117 54/54 53/53
f 118/118 55/55 54/54
f 119/119 56/56 55/55
f 120/120 57/57 56/56
f 121/121 58/58 57/57
f 122/122 59/59 58/58
f 123/123 60/60 59/59
f 124/124 61/61 60/60
f 125/125 62/62 61/61
f 126/126 63/63 62/62
f 127/127 64/64 63/63
f 129/129 66/66 65/65
f 130/130 67/67 66/66
f 131/131 68/68 67/67
f 132/132 69/69 68/68
f 133/133 70/70 69/69
f 134/134 71/71 70/70
f 135/135 72/72 71/71
f 136/136 73/73 72/72
f 137/137 74/74 73/73
f 138/138 75/75 74/74
f 139/139 76/76 75/75
f 140/140 77/77 76/76
f 141/141 78/78 77/77
f 142/142 79/79 78/78
f 143/143 80/80 79/79
f 144/144 81/81 80/80
f 145/145 82/82 81/81
f 146/146 83/83 82/82
f 147/147 84/84 83/83
f 148/148 85/85 84/84
f 149/149 86/86 85/85
f 150/150 87/87 86/86
f 151/151 88/88 87/87
f 152/152 89/89 88/88
f 153/153 90/90 89/89
f 154/154 91/91 90/90
f 155/155 92/92 91/91
f 156/156 93/93 92/92
f 157/157 94/94 93/93
f 158/158 95/95 94/94
f 159/159 96/96 95/95
f 160/160 97/97 96/96
f 161/161 98/98 97/97
f 162/162 99/99 98/98
f 163/163 100/100 99/99
f 164/164 101/101 100/100
f 165/165 102/102 101/101
f 166/166 103/103 102/102
f 167/167 104/104 103/103
f 168/168 105/105 104/104
f 169/169 106/106 105/105
f 170/170 107/107 106/106
f 171/171 108/108 107/107
f 172/172 109/109 108/108
f 173/173 110/110 109/109
f 174/174 111/111 110/110
f 175/175 112/112 111/111
f 176/176 113/113 112/112
f 177/177 114/114 113/113
f 178/178 115/115 114/114
f 179/179 116/116 115/115
f 180/180 117/117 116/116
f 181/181 118/118 117/117
f 182/182 119/119 118/118
f 183/183 120/120 119/119
f 184/184 121/121 120/120
f 185/185 122/122 121/121
f 186/186 123/123 122/122
f 187/187 124/124 123/123
f 188/188 125/125 124/124
f 189/189 126/126 125/125
f 190/190 127/127 126/126
f 191/191 128/128 127/127
f 193/193 130/130 129/129
f 194/194 131/131 130/130
f 195/195 132/132 131/131
f 196/196 133/133 132/132
f 197/197 134/134 133/133
f 198/198 135/135 134/134
f 199/199 136/136 135/135
f 200/200 137/137 136/136
f 201/201 138/138 137/137
f 202/202 139/139 138/138
f 203/203 140/140 139/139
f 204/204 141/141 140/140
f 205/205 142/142 141/141
f 206/206 143/143 142/142
f 207/207 144/144 143/143
f 208/208 145/145 144/144
f 209/209 146/146 145/145
f 210/210 147/147 146/146
f 211/211 148/148 147/147
f 212/212 149/149 148/148
f 213/213 150/150 149/149
f 214/214 151/151 150/150
f 215/215 152/152 151/151
f 216/216 153/153 152/152
f 217/217 154/154 153/153
f 218/218 155/155 154/154
f 219/219 156/156 155/155
f 220/220 157/157 156/156
f 221/221 158/158 157/157
f 222/222 159/159 158/158
f 223/223 160/160 159/159
f 224/224 161/161 160/160
f 225/225 162/162 161/161
f 226/226 163/163 162/162
f 227/227 164/164 163/163
f 228/228 165/165 164/164
f 229/229 166/166 165/165
f 230/230 167/167 166/166
f 231/231 168/168 167/167
f 232/232 169/169 168/168
f 233/233 170/170 169/169
f 234/234 171/171 170/170
f 235/235 172/172 171/171
f 236/236 173/173 172/172
f 237/237 174/174 173/173
f 238/238 175/175 174/174
f 239/239 176/176 175/175
f 240/240 177/177 176/176
f 241/241 178/178 177/177
f 242/242 179/179 178/178
f 243/243 180/180 179/179
f 244/244 181/181 180/180
f 245/245 182/182 181/181
f 246/246 183/183 182/182
f 247/247 184/184 183/183
f 248/248 185/185 184/184
f 249/249 186/186 185/185
f 250/250 187/187 186/186
f 251/251 188/188 187/187
f 252/252 189/189 188/188
f 253/253 190/190 189/189
f 254/254 191/191 190/190
f 255/255 192/192 191/191
f 257/257 194/194 193/193
f 258/258 195/195 194/194
f 259/259 196/196 195/195
f 260/260 197/197 196/196
f 261/261 198/198 197/197
f 262/262 199/199 198/198
f 263/263 200/200 199/199
f 264/264 201/201 200/200
f 265/265 202/202 201/201
f 266/266 203/203 202/202
f 267/267 204/204 203/203
f 268/268 205/205 204/204
f 269/269 206/206 205/205
f 270/270 207/207 206/206
f 271/271 208/208 207/207
f 272/272 209/209 208/208
f 273/273 210/210 209/209
f 274/274 211/211 210/210
f 275/275 212/212 211/211
f 276/276 213/213 212/212
f 277/277 214/214 213/213
f 278/278 215/215 214/214
f 279/279 216/216 215/215
f 280/280 217/217 216/216
f 281/281 218/218 217/217
f 282/282 219/219 218/218
f 283/283 220/220 219/219
f 284/284 221/221 220/220
f 285/285 222/222 221/221
f 286/286 223/223 222/222
f 287/287 224/224 223/223
f 288/288 225/225 224/224
f 289/289 226/226 225/225
f 290/290 227/227 226/226
f 291/291 228/228 227/227
f 292/292 229/229 228/228
f 293/293 230/230 229/229
f 294/294 231/231 230/230
f 295/295 232/232 231/231
f 296/296 233/233 232/232
f 297/297 234/234 233/233
f 298/298 235/235 234/234
f 299/299 236/236 235/235
f 300/300 237/237 236/236
f 301/301 238/238 237/237
f 302/302 239/239 238/238
f 303/303 240/240 239/239
f 304/304 241/241 240/240
f 305/305 242/242 241/241
f 306/306 243/243 242/242
f 307/307 244/244 243/243
f 308/308 245/245 244/244
f 309/309 246/246 245/245
f 310/310 247/247 246/246
f 311/311 248/248 247/247
f 312/312 249/249 248/248
f 313/313 250/250 249/249
f 314/314 251/251 250/250
f 315/315 252/252 251/251
f 316/316 253/253 252/252
f 317/317 254/254 253/253
f 318/318 255/255 254/254
f 319/319 256/256 255/255
f 321/321 258/258 257/257
f 322/322 259/259 258/258
f 323/323 260/260 259/259
f 324/324 261/261 260/260
f 325/325 262/262 261/261
f 326/326 263/263 262/262
f 327/327 264/264 263/263
f 328/328 265/265 264/264
f 329/329 266/266 265/265
f 330/330 267/267 266/266
f 331/331 268/268 267/267
f 332/332 269/269 268/268
f 333/333 270/270 269/269
f 334/334 271/271 270/270
f 335/335 272/272 271/271
f 336/336 273/273 272/272
f 337/337 274/274 273/273
f 338/338 275/275 274/274
f 339/339 276/276 275/275
f 340/340 277/277 276/276
f 341/341 278/278 277/277
f 342/342 279/279 278/278
f 343/343 280/280 279/279
f 344/344 281/281 280/280
f 345/345 282/282 281/281
f 346/346 283/283 282/282
f 347/347 284/284 283/283
f 348/348 285/285 284/284
f 349/349 286/286 285/285
f 350/350 287/287 286/286
f 351/351 288/288 287/287
f 352/352 289/289 288/288
f 353/353 290/290 289/289
f 354/354 291/291 290/290
f 355/355 292/292 291/291
f 356/356 293/293 292/292
f 357/357 294/294 293/293
f 358/358 295/295 294/294
f 359/359 296/296 295/295
f 360/360 297/297 296/296
f 361/361 298/298 297/297
f 362/362 299/299 298/298
f 363/363 300/300 299/299
f 364/364 301/301 300/300
f 365/365 302/302 301/301
f 366/366 303/303 302/302
f 367/367 304/304 303/303
f 368/368 305/305 304/304
f 369/369 306/306 305/305
f 370/370 307/307 306/306
f 371/371 308/308 307/307
f 372/372 309/309 308/308
f 373/373 310/310 309/309
f 374/374 311/311 310/310
f 375/375 312/312 311/311
f 376/376 313/313 312/312
f 377/377 314/314 313/313
f 378/378 315/315 314/314
f 379/379 316/316 315/315
f 380/380 317/317 316/316
f 381/381 318/318 317/317
f 382/382 319/319 318/318
f 383/383 320/320 319/319
f 385/385 322/322 321/321
f 386/386 323/323 322/322
f 387/387 324/324 323/323
f 388/388 325/325 324/324
f 389/389 326/326 325/325
f 390/390 327/327 326/326
f 391/391 328/328 327/327
f 392/392 329/329 328/328
f 393/393 330/330 329/329
f 394/394 331/331 330/330
f 395/395 332/332 331/331
f 396/396 333/333 332/332
f 397/397 334/334 333/333
f 398/398 335/335 334/334
f 399/399 336/336 335/335
f 400/400 337/337 336/336
f 401/401 338/338 337/337
f 402/402 339/339 338/338
f 403/403 340/340 339/339
f 404/404 341/341 340/340
f 405/405 342/342 341/341
f 406/406 343/343 342/342
f 407/407 344/344 343/343
f 408/408 345/345 344/344
f 409/409 346/346 345/345
f 410/410 347/347 346/346
f 411/411 348/348 347/347
f 412/412 349/349 348/348
f 413/413 350/350 349/349
f 414/414 351/351 350/350
f 415/415 352/352 351/351
f 416/416 353/353 352/352
f 417/417 354/354 353/353
f 418/418 355/355 354/354
f 419/419 356/356 355/355
f 420/420 357/357 356/356
f 421/421 358/358 357/357
f 422/422 359/359 358/358
f 423/423 360/360 359/359
f 424/424 361/361 360/360
f 425/425 362/362 361/361
f 426/426 363/363 362/362
f 427/427 364/364 363/363
f 428/428 365/365 364/364
f 429/429 366/366 365/365
f 430/430 367/367 366/366
f 431/431 368/368 367/367
f 432/432 369/369 368/368
f 433/433 370/370 369/369
f 434/434 371/371 370/370
f 435/435 372/372 371/371
f 436/436 373/373 372/372
f 437/437 374/374 373/373
f 438/438 375/375 374/374
f 439/439 376/376 375/375
f 440/440 377/377 376/376
f 441/441 378/378 377/377
f 442/442 379/379 378/378
f 443/443 380/380 379/379
f 444/444 381/381 380/380
f 445/445 382/382 381/381
f 446/446 383/383 382/382
f 447/447 384/384 383/383
f 449/449 386/386 385/385
f 450/450 387/387 386/386
f 451/451 388/388 387/387
f 452/452 389/389 388/388
f 453/453 390/390 389/389
f 454/454 391/391 390/390
f 455/455 392/392 391/391
f 456/456 393/393 392/392
f 457/457 394/394 393/393
f 458/458 395/395 394/394
f 459/459 396/396 395/395
f 460/460 397/397 396/396
f 461/461 398/398 397/397
f 462/462 399/399 398/398
f 463/463 400/400 399/399
f 464/464 401/401 400/400
f 465/465 402/402 401/401
f 466/466 403/403 402/402
f 467/467 404/404 403/403
f 468/468 405/405 404/404
f 469/469 406/406 405/405
f 470/470 407/407 406/406
f 471/471 408/408 407/407
f 472/472 409/409 408/408
f 473/473 410/410 409/409
f 474/474 411/411 410/410
f 475/475 412/412 411/411
f 476/476 413/413 412/412
f 477/477 414/414 413/413
f 478/478 415/415 414/414
f 479/479 416/416 415/415
f 480/480 417/417 416/416
f 481/481 418/418 417/417
f 482/482 419/419 418/418
f 483/483 420/420 419/419
f 484/484 421/421 420/420
f 485/485 422/422 421/421
f 486/486 423/423 422/422
f 487/487 424/424 423/423
f 488/488 425/425 424/424
f 489/489 426/426 425/425
f 490/490 427/427 426/426
f 491/491 428/428 427/427
f 492/492 429/429 428/428
f 493/493 430/430 429/429
f 494/494 431/431 430/430
f 495/495 432/432 431/431
f 496/496 433/433 432/432
f 497/497 434/434 433/433
f 498/498 435/435 434/434
f 499/499 436/436 435/435
f 500/500 437/437 436/436
f 501/501 438/438 437/437
f 502/502 439/439 438/438
f 503/503 440/440 439/439
f 504/504 441/441 440/440
f 505/505 442/442 441/441
f 506/506 443/443 442/442
f 507/507 444/444 443/443
f 508/508 445/445 444/444
f 509/509 446/446 445/445
f 510/510 447/447 446/446
f 511/511 448/448 447/447
f 513/513 450/450 449/449
f 514/514 451/451 450/450
f 515/515 452/452 451/451
f 516/516 453/453 452/452
f 517/517 454/454 453/453
f 518/518 455/455 454/454
f 519/519 456/456 455/455
f 520/520 457/457 456/456
f 521/521 458/458 457/457
f 522/522 459/459 458/458
f 523/523 460/460 459/459
f 524/524 461/461 460/460
f 525/525 462/462 461/461
f 526/526 463/463 462/462
f 527/527 464/464 463/463
f 528/528 465/465 464/464
f 529/529 466/466 465/465
f 530/530 467/467 466/466
f 531/531 468/468 467/467
f 532/532 469/469 468/468
f 533/533 470/470 469/469
f 534/534 471/471 470/470
f 535/535 472/472 471/471
f 536/536 473/473 472/472
f 537/537 474/474 473/473
f 538/538 475/475 474/474
f 539/539 476/476 475/475
f 540/540 477/477 476/476
f 541/541 478/478 477/477
f 542/542 479/479 478/478
f 543/543 480/480 479/479
f 544/544 481/481 480/480
f 545/545 482/482 481/481
f 546/546 483/483 482/482
f 547/547 484/484 483/483
f 548/548 485/485 484/484
f 549/549 486/486 485/485
f 550/550 487/487 486/486
f 551/551 488/488 487/487
f 552/552 489/489 488/488
f 553/553 490/490 489/489
f 554/554 491/491 490/490
f 555/555 492/492 491/491
f 556/556 493/493 492/492
f 557/557 494/494 493/493
f 558/558 495/495 494/494
f 559/559 496/496 495/495
f 560/560 497/497 496/496
f 561/561 498/498 497/497
f 562/562 499/499 498/498
f 563/563 500/500 499/499
f 564/564 501/501 500/500
f 565/565 502/502 501/501
f 566/566 503/503 502/502
f 567/567 504/504 503/503
f 568/568 505/505 504/504
f 569/569 506/506 505/505
f 570/570 507/507 506/506
f 571/571 508/508 507/507
f 572/572 509/509 508/508
f 573/573 510/510 509/509
f 574/574 511/511 510/510
f 575/575 512/512 511/511
f 577/577 514/514 513/513
f 578/578 515/515 514/514
f 579/579 516/516 515/515
f 580/580 517/517 516/516
f 581/581 518/518 517/517
f 582/582 519/519 518/518
f 583/583 520/520 519/519
f 584/584 521/521 520/520
f 585/585 522/522 521/521
f 586/586 523/523 522/522
f 587/587 524/524 523/523
f 588/588 525/525 524/524
f 589/589 526/526 525/525
f 590/590 527/527 526/526
f 591/591 528/528 527/527
f 592/592 529/529 528/528
f 593/593 530/530 529/529
f 594/594 531/531 530/530
f 595/595 532/532 531/531
f 596/596 533/533 532/532
f 597/597 534/534 533/533
f 598/598 535/535 534/534
f 599/599 536/536 535/535
f 600/600 537/537 536/536
f 601/601 538/538 537/537
f 602/602 539/539 538/538
f 603/603 540/540 539/539
f 604/604 541/541 540/540
f 605/605 542/542 541/541
f 606/606 543/543 542/542
f 607/607 544/544 543/543
f 608/608 545/545 544/544
f 609/609 546/546 545/545
f 610/610 547/547 546/546
f 611/611 548/548 547/547
f 612/612 549/549 548/548
f 613/613 550/550 549/549
f 614/614 551/551 550/550
f 615/615 552/552 551/551
f 616/616 553/553 552/552
f 617/617 554/554 553/553
f 618/618 555/555 554/554
f 619/619 556/556 555/555
f 620/620 557/557 556/556
f 621/621 558/558 557/557
f 622/622 559/559 558/558
f 623/623 560/560 559/559
f 624/624 561/561 560/560
f 625/625 562/562 561/561
f 626/626 563/563 562/562
f 627/627 564/564 563/563
f 628/628 565/565 564/564
f 629/629 566/566 565/565
f 630/630 567/567 566/566
f 631/631 568/568 567/567
f 632/632 569/569 568/568
f 633/633 570/570 569/569
f 634/634 571/571 570/570
f 635/635 572/572 571/571
f 636/636 573/573 572/572
f 637/637 574/574 573/573
f 638/638 575/575 574/574
f 639/639 576/576 575/575
f 641/641 578/578 577/577
f 642/642 579/579 578/578
f 643/643 580/580 579/579
f 644/644 581/581 580/580
f 645/645 582/582 581/581
f 646/646 583/583 582/582
f 647/647 584/584 583/583
f 648/648 585/585 584/584
f 649/649 586/586 585/585
f 650/650 587/587 586/586
f 651/651 588/588 587/587
f 652/652 589/589 588/588
f 653/653 590/590 589/589
f 654/654 591/591 590/590
f 655/655 592/592 591/591
f 656/656 593/593 592/592
f 657/657 594/594 593/593
f 658/658 595/595 594/594
f 659/659 596/596 595/595
f 660/660 597/597 596/596
f 661/661 598/598 597/597
f 662/662 599/599 598/598
f 663/663 600/600 599/599
f 664/664 601/601 600/600
f 665/665 602/602 601/601
f 666/666 603/603 602/602
f 667/667 604/604 603/603
f 668/668 605/605 604/604
f 669/669 606/606 605/605
f 670/670 607/607 606/606
f 671/671 608/608 607/607
f 672/672 609/609 608/608
f 673/673 610/610 609/609
f 674/674 611/611 610/610
f 675/675 612/612 611/611
f 676/676 613/613 612/612
f 677/677 614/614 613/613
f 678/678 615/615 614/614
f 679/679 616/616 615/615
f 680/680 617/617 616/616
f 681/681 618/618 617/617
f 682/682 619/619 618/618
f 683/683 620/620 619/619
f 684/684 621/621 620/620
f 685/685 622/622 621/621
f 686/686 623/623 622/622
f 687/687 624/624 623/623
f 688/688 625/625 624/624
f 689/689 626/626 625/625
f 690/690 627/627 626/626
f 691/691 628/628 627/627
f 692/692 629/629 628/628
f 693/693 630/630 629/629
f 694/694 631/631 630/630
f 695/695 632/632 631/631
f 696/696 633/633 632/632
f 697/697 634/634 633/633
f 698/698 635/635 634/634
f 699/699 636/636 635/635
f 700/700 637/637 636/636
f 701/701 638/638 637/637
f 702/702 639/639 638/638
f 703/703 640/640 639/639
f 705/705 642/642 641/641
f 706/706 643/643 642/642
f 707/707 644/644 643/643
f 708/708 645/645 644/644
f 709/709 646/646 645/645
f 710/710 647/647 646/646
f 711/711 648/648 647/647
f 712/712 649/649 648/648
f 713/713 650/650 649/649
f 714/714 651/651 650/650
f 715/715 652/652 651/651
f 716/716 653/653 652/652
f 717/717 654/654 653/653
f 718/718 655/655 654/654
f 719/719 656/656 655/655
f 720/720 657/657 656/656
f 721/721 658/658 657/657
f 722/722 659/659 658/658
f 723/723 660/660 659/659
f 724/724 661/661 660/660
f 725/725 662/662 661/661
f 726/726 663/663 662/662
f 727/727 664/664 663/663
f 728/728 665/665 664/664
f 729/729 666/666 665/665
f 730/730 667/667 666/666
f 731/731 668/668 667/667
f 732/732 669/669 668/668
f 733/733 670/670 669/669
f 734/734 671/671 670/670
f 735/735 672/672 671/671
f 736/736 673/673 672/672
f 737/737 674/674 673/673
f 738/738 675/675 674/674
f 739/739 676/676 675/675
f 740/740 677/677 676/676
f 741/741 678/678 677/677
f 742/742 679/679 678/678
f 743/743 680/680 679/679
f 744/744 681/681 680/680
f 745/745 682/682 681/681
f 746/746 683/683 682/682
f 747/747 684/684 683/683
f 748/748 685/685 684/684
f 749/749 686/686 685/685
f 750/750 687/687 686/686
f 751/751 688/688 687/687
f 752/752 689/689 688/688
f 753/753 690/690 689/689
f 754/754 691/691 690/690
f 755/755 692/692 691/691
f 756/756 693/693 692/692
f 757/757 694/694 693/693
f 758/758 695/695 694/694
f 759/759 696/696 695/695
f 760/760 697/697 696/696
f 761/761 698/698 697/697
f 762/762 699/699 698/698
f 763/763 700/700 699/699
f 764/764 701/701 700/700
f 765/765 702/702 701/701
f 766/766 703/703 702/702
f 767/767 704/704 703/703
f 769/769 706/706 705/705
f 770/770 707/707 706/706
f 771/771 708/708 707/707
f 772/772 709/709 708/708
f 773/773 710/710 709/709
f 774/774 711/711 710/710
f 775/775 712/712 711/711
f 776/776 713/713 712/712
f 777/777 714/714 713/713
f 778/778 715/715 714/714
f 779/779 716/716 715/715
f 780/780 717/717 716/716
f 781/781 718/718 717/717
f 782/782 719/719 718/718
f 783/783 720/720 719/719
f 784/784 721/721 720/720
f 785/785 722/722 721/721
f 786/786 723/723 722/722
f 787/787 724/724 723/723
f 788/788 725/725 724/724
f 789/789 726/726 725/725
f 790/790 727/727 726/726
f 791/791 728/728 727/727
f 792/792 729/729 728/728
f 793/793 730/730 729/729
f 794/794 731/731 730/730
f 795/795 732/732 731/731
f 796/796 733/733 732/732
f 797/797 734/734 733/733
f 798/798 735/735 734/734
f 799/799 736/736 735/735
f 800/800 737/737 736/736
f 801/801 738/738 737/737
f 802/802 739/739 738/738
f 803/803 740/740 739/739
f 804/804 741/741 740/740
f 805/805 742/742 741/741
f 806/806 743/743 742/742
f 807/807 744/744 743/743
f 808/808 745/745 744/744
f 809/809 746/746 745/745
f 810/810 747/747 746/746
f 811/811 748/748 747/747
f 812/812 749/749 748/748
f 813/813 750/750 749/749
f 814/814 751/751 750/750
f 815/815 752/752 751/751
f 816/816 753/753 752/752
f 817/817 754/754 753/753
f 818/818 755/755 754/754
f 819/819 756/756 755/755
f 820/820 757/757 756/756
f 821/821 758/758 757/757
f 822/822 759/759 758/758
f 823/823 760/760 759/759
f 824/824 761/761 760/760
f 825/825 762/762 761/761
f 826/826 763/763 762/762
f 827/827 764/764 763/763
f 828/828 765/765 764/764
f 829/829 766/766 765/765
f 830/830 767/767 766/766
f 831/831 768/768 767/767
f 833/833 770/770 769/769
f 834/834 771/771 770/770
f 835/835 772/772 771/771
f 836/836 773/773 772/772
f 837/837 774/774 773/773
f 838/838 775/775 774/774
f 839/839 776/776 775/775
f 840/840 777/777 776/776
f 841/841 778/778 777/777
f 842/842 779/779 778/778
f 843/843 780/780 779/779
f 844/844 781/781 780/780
f 845/845 782/782 781/781
f 846/846 783/783 782/782
f 847/847 784/784 783/783
f 848/848 785/785 784/784
f 849/849 786/786 785/785
f 850/850 787/787 786/786
f 851/851 788/788 787/787
f 852/852 789/789 788/788
f 853/853 790/790 789/789
f 854/854 791/791 790/790
f 855/855 792/792 791/791
f 856/856 793/793 792/792
f 857/857 794/794 793/793
f 858/858 795/795 794/794
f 859/859 796/796 795/795
f 860/860 797/797 796/796
f 861/861 798/798 797/797
f 862/862 799/799 798/798
f 863/863 800/800 799/799
f 864/864 801/801 800/800
f 865/865 802/802 801/801
f 866/866 803/803 802/802
f 867/867 804/804 803/803
f 868/868 805/805 804/804
f 869/869 806/806 805/805
f 870/870 807/807 806/806
f 871/871 808/808 807/807
f 872/872 809/809 808/808
f 873/873 810/810 809/809
f 874/874 811/811 810/810
f 875/875 812/812 811/811
f 876/876 813/813 812/812
f 877/877 814/814 813/813
f 878/878 815/815 814/814
f 879/879 816/816 815/815
f 880/880 817/817 816/816
f 881/881 818/818 817/817
f 882/882 819/819 818/818
f 883/883 820/820 819/819
f 884/884 821/821 820/820
f 885/885 822/822 821/821
f 886/886 823/823 822/822
f 887/887 824/824 823/823
f 888/888 825/825 824/824
f 889/889 826/826 825/825
f 890/890 827/827 826/826
f 891/891 828/828 827/827
f 892/892 829/829 828/828
f 893/893 830/830 829/829
f 894/894 831/831 830/830
f 895/895 832/832 831/831
f 897/897 834/834 833/833
f 898/898 835/835 834/834
f 899/899 836/836 835/835
f 900/900 837/837 836/836
f 901/901 838/838 837/837
f 902/902 839/839 838/838
f 903/903 840/840 839/839
f 904/904 841/841 840/840
f 905/905 842/842 841/841
f 906/906 843/843 842/842
f 907/907 844/844 843/843
f 908/908 845/845 844/844
f 909/909 846/846 845/845
f 910/910 847/847 846/846
f 911/911 848/848 847/847
f 912/912 849/849 848/848
f 913/913 850/850 849/849
f 914/914 851/851 850/850
f 915/915 852/852 851/851
f 916/916 853/853 852/852
f 917/917 854/854 853/853
f 918/918 855/855 854/854
f 919/919 856/856 855/855
f 920/920 857/857 856/856
f 921/921 858/858 857/857
f 922/922 859/859 858/858
f 923/923 860/860 859/859
f 924/924 861/861 860/860
f 925/925 862/862 861/861
f 926/926 863/863 862/862
f 927/927 864/864 863/863
f 928/928 865/865 864/864
f 929/929 866/866 865/865
f 930/930 867/867 866/866
f 931/931 868/868 867/867
f 932/932 869/869 868/868
f 933/933 870/870 869/869
f 934/934 871/871 870/870
f 935/935 872/872 871/871
f 936/936 873/873 872/872
f 937/937 874/874 873/873
f 938/938 875/875 874/874
f 939/939 876/876 875/875
f 940/940 877/877 876/876
f 941/941 878/878 877/877
f 942/942 879/879 878/878
f 943/943 880/880 879/879
f 944/944 881/881 880/880
f 945/945 882/882 881/881
f 946/946 883/883 882/882
f 947/947 884/884 883/883
f 948/948 885/885 884/884
f 949/949 886/886 885/885
f 950/950 887/887 886/886
f 951/951 888/888 887/887
f 952/952 889/889 888/888
f 953/953 890/890 889/889
f 954/954 891/891 890/890
f 955/955 892/892 891/891
f 956/956 893/893 892/892
f 957/957 894/894 893/893
f 958/958 895/895 894/894
f 959/959 896/896 895/895
f 961/961 898/898 897/897
f 962/962 899/899 898/898
f 963/963 900/900 899/899
f 964/964 901/901 900/900
f 965/965 902/902 901/901
f 966/966 903/903 902/902
f 967/967 904/904 903/903
f 968/968 905/905 904/904
f 969/969 906/906 905/905
f 970/970 907/907 906/906
f 971/971 908/908 907/907
f 972/972 909/909 908/908
f 973/973 910/910 909/909
f 974/974 911/911 910/910
f 975/975 912/912 911/911
f 976/976 913/913 912/912
f 977/977 914/914 913/913
f 978/978 915/915 914/914
f 979/979 916/916 915/915
f 980/980 917/917 916/916
f 981/981 918/918 917/917
f 982/982 919/919 918/918
f 983/983 920/920 919/919
f 984/984 921/921 920/920
f 985/985 922/922 921/921
f 986/986 923/923 922/922
f 987/987 924/924 923/923
f 988/988 925/925 924/924
f 989/989 926/926 925/925
f 990/990 927/927 926/926
f 991/991 928/928 927/927
f 992/992 929/929 928/928
f 993/993 930/930 929/929
f 994/994 931/931 930/930
f 995/995 932/932 931/931
f 996/996 933/933 932/932
f 997/997 934/934 933/933
f 998/998 935/935 934/934
f 999/999 936/936 935/935
f 1000/1000 937/937 936/936
f 1001/1001 938/938 937/937
f 1002/1002 939/939 938/938
f 1003/1003 940/940 939/939
f 1004/1004 941/941 940/940
f 1005/1005 942/942 941/941
f 1006/1006 943/943 942/942
f 1007/1007 944/944 943/943
f 1008/1008 945/945 944/944
f 1009/1009 946/946 945/945
f 1010/1010 947/947 946/946
f 1011/1011 948/948 947/947
f 1012/1012 949/949 948/948
f 1013/1013 950/950 949/949
f 1014/1014 951/951 950/950
f 1015/1015 952/952 951/951
f 1016/1016 953/953 952/952
f 1017/1017 954/954 953/953
f 1018/1018 955/955 954/954
f 1019/1019 956/956 955/955
f 1020/1020 957/957 956/956
f 1021/1021 958/958 957/957
f 1022/1022 959/959 958/958
f 1023/1023 960/960 959/959
f 1025/1025 962/962 961/961
f 1026/1026 963/963 962/962
f 1027/1027 964/964 963/963
f 1028/1028 965/965 964/964
f 1029/1029 966/966 965/965
f 1030/1030 967/967 966/966
f 1031/1031 968/968 967/967
f 1032/1032 969/969 968/968
f 1033/1033 970/970 969/969
f 1034/1034 971/971 970/970
f 1035/1035 972/972 971/971
f 1036/1036 973/973 972/972
f 1037/1037 974/974 973/973
f 1038/1038 975/975 974/974
f 1039/1039 976/976 975/975
f 1040/1040 977/977 976/976
f 1041/1041 978/978 977/977
f 1042/1042 979/979 978/978
f 1043/1043 980/980 979/979
f 1044/1044 981/981 980/980
f 1045/1045 982/982 981/981
f 1046/1046 983/983 982/982
f 1047/1047 984/984 983/983
f 1048/1048 985/985 984/984
f 1049/1049 986/986 985/985
f 1050/1050 987/987 986/986
f 1051/1051 988/988 987/987
f 1052/1052 989/989 988/988
f 1053/1053 990/990 989/989
f 1054/1054 991/991 990/990
f 1055/1055 992/992 991/991
f 1056/1056 993/993 992/992
f 1057/1057 994/994 993/993
f 1058/1058 995/995 994/994
f 1059/1059 996/996 995/995
f 1060/1060 997/997 996/996
f 1061/1061 998/998 997/997
f 1062/1062 999/999 998/998
f 1063/1063 1000/1000 999/999
f 1064/1064 1001/1001 1000/1000
f 1065/1065 1002/1002 1001/1001
f 1066/1066 1003/1003 1002/1002
f 1067/1067 1004/1004 1003/1003
f 1068/1068 1005/1005 1004/1004
f 1069/1069 1006/1006 1005/1005
f 1070/1070 1007/1007 1006/1006
f 1071/1071 1008/1008 1007/1007
f 1072/1072 1009/1009 1008/1008
f 1073/1073 1010/1010 1009/1009
f 1074/1074 1011/1011 1010/1010
f 1075/1075 1012/1012 1011/1011
f 1076/1076 1013/1013 1012/1012
f 1077/1077 1014/1014 1013/1013
f 1078/1078 1015/1015 1014/1014
f 1079/1079 1016/1016 1015/1015
f 1080/1080 1017/1017 1016/1016
f 1081/1081 1018/1018 1017/1017
f 1082/1082 1019/1019 1018/1018
f 1083/1083 1020/1020 1019/1019
f 1084/1084 1021/1021 1020/1020
f 1085/1085 1022/1022 1021/1021
f 1086/1086 1023/1023 1022/1022
f 1087/1087 1024/1024 1023/1023
f 1089/1089 1026/1026 1025/1025
f 1090/1090 1027/1027 1026/1026
f 1091/1091 1028/1028 1027/1027
f 1092/1092 1029/1029 1028/1028
f 1093/1093 1030/1030 1029/1029
f 1094/1094 1031/1031 1030/1030
f 1095/1095 1032/1032 1031/1031
f 1096/1096 1033/1033 1032/1032
f 1097/1097 1034/1034 1033/1033
f 1098/1098 1035/1035 1034/1034
f 1099/1099 1036/1036 1035/1035
f 1100/1100 1037/1037 1036/1036
f 1101/1101 1038/1038 1037/1037
f 1102/1102 1039/1039 1038/1038
f 1103/1103 1040/1040 1039/1039
f 1104/1104 1041/1041 1040/1040
f 1105/1105 1042/1042 1041/1041
f 1106/1106 1043/1043 1042/1042
f 1107/1107 1044/1044 1043/1043
f 1108/1108 1045/1045 1044/1044
f 1109/1109 1046/1046 1045/1045
f 1110/1110 1047/1047 1046/1046
f 1111/1111 1048/1048 1047/1047
f 1112/1112 1049/1049 1048/1048
f 1113/1113 1050/1050 1049/1049
f 1114/1114 1051/1051 1050/1050
f 1115/1115 1052/1052 1051/1051
f 1116/1116 1053/1053 1052/1052
f 1117/1117 1054/1054 1053/1053
f 1118/1118 1055/1055 1054/1054
f 1119/1119 1056/1056 1055/1055
f 1120/1120 1057/1057 1056/1056
f 1121/1121 1058/1058 1057/1057
f 1122/1122 1059/1059 1058/1058
f 1123/1123 1060/1060 1059/1059
f 1124/1124 1061/1061 1060/1060
f 1125/1125 1062/1062 1061/1061
f 1126/1126 1063/1063 1062/1062
f 1127/1127 1064/1064 1063/1063
f 1128/1128 1065/1065 1064/1064
f 1129/1129 1066/1066 1065/1065
f 1130/1130 1067/1067 1066/1066
f 1131/1131 1068/1068 1067/1067
f 1132/1132 1069/1069 1068/1068
f 1133/1133 1070/1070 1069/1069
f 1134/1134 1071/1071 1070/1070
f 1135/1135 1072/1072 1071/1071
f 1136/1136 1073/1073 1072/1072
f 1137/1137 1074/1074 1073/1073
f 1138/1138 1075/1075 1074/1074
f 1139/1139 1076/1076 1075/1075
f 1140/1140 1077/1077 1076/1076
f 1141/1141 1078/1078 1077/1077
f 1142/1142 1079/1079 1078/1078
f 1143/1143 1080/1080 1079/1079
f 1144/1144 1081/1081 1080/1080
f 1145/1145 1082/1082 1081/1081
f 1146/1146 1083/1083 1082/1082
f 1147/1147 1084/1084 1083/1083
f 1148/1148 1085/1085 1084/1084
f 1149/1149 1086/1086 1085/1085
f 1150/1150 1087/1087 1086/1086
f 1151/1151 1088/1088 1087/1087
f 1153/1153 1090/1090 1089/1089
f 1154/1154 1091/1091 1090/1090
f 1155/1155 1092/1092 1091/1091
f 1156/1156 1093/1093 1092/1092
f 1157/1157 1094/1094 1093/1093
f 1158/1158 1095/1095 1094/1094
f 1159/1159 1096/1096 1095/1095
f 1160/1160 1097/1097 1096/1096
f 1161/1161 1098/1098 1097/1097
f 1162/1162 1099/1099 1098/1098
f 1163/1163 1100/1100 1099/1099
f 1164/1164 1101/1101 1100/1100
f 1165/1165 1102/1102 1101/1101
f 1166/1166 1103/1103 1102/1102
f 1167/1167 1104/1104 1103/1103
f 1168/1168 1105/1105 1104/1104
f 1169/1169 1106/1106 1105/1105
f 1170/1170 1107/1107 1106/1106
f 1171/1171 1108/1108 1107/1107
f 1172/1172 1109/1109 1108/1108
f 1173/1173 1110/1110 1109/1109
f 1174/1174 1111/1111 1110/1110
f 1175/1175 1112/1112 1111/1111
f 1176/1176 1113/1113 1112/1112
f 1177/1177 1114/1114 1113/1113
f 1178/1178 1115/1115 1114/1114
f 1179/1179 1116/1116 1115/1115
f 1180/1180 1117/1117 1116/1116
f 1181/1181 1118/1118 1117/1117
f 1182/1182 1119/1119 1118/1118
f 1183/1183 1120/1120 1119/1119
f 1184/1184 1121/1121 1120/1120
f 1185/1185 1122/1122 1121/1121
f 1186/1186 1123/1123 1122/1122
f 1187/1187 1124/1124 1123/1123
f 1188/1188 1125/1125 1124/1124
f 1189/1189 1126/1126 1125/1125
f 1190/1190 1127/1127 1126/1126
f 1191/1191 1128/1128 1127/1127
f 1192/1192 1129/1129 1128/1128
f 1193/1193 1130/1130 1129/1129
f 1194/1194 1131/1131 1130/1130
f 1195/1195 1132/1132 1131/1131
f 1196/1196 1133/1133 1132/1132
f 1197/1197 1134/1134 1133/1133
f 1198/1198 1135/1135 1134/1134
f 1199/1199 1136/1136 1135/1135
f 1200/1200 1137/1137 1136/1136
f 1201/1201 1138/1138 1137/1137
f 1202/1202 1139/1139 1138/1138
f 1203/1203 1140/1140 1139/1139
f 1204/1204 1141/1141 1140/1140
f 1205/1205 1142/1142 1141/1141
f 1206/1206 1143/1143 1142/1142
f 1207/1207 1144/1144 1143/1143
f 1208/1208 1145/1145 1144/1144
f 1209/1209 1146/1146 1145/1145
f 1210/1210 1147/1147 1146/1146
f 1211/1211 1148/1148 1147/1147
f 1212/1212 1149/1149 1148/1148
f 1213/1213 1150/1150 1149/1149
f 1214/1214 1151/1151 1150/1150
f 1215/1215 1152/1152 1151/1151
f 1217/1217 1154/1154 1153/1153
f 1218/1218 1155/1155 1154/1154
f 1219/1219 1156/1156 1155/1155
f 1220/1220 1157/1157 1156/1156
f 1221/1221 1158/1158 1157/1157
f 1222/1222 1159/1159 1158/1158
f 1223/1223 1160/1160 1159/1159
f 1224/1224 1161/1161 1160/1160
f 1225/1225 1162/1162 1161/1161
f 1226/1226 1163/1163 1162/1162
f 1227/1227 1164/1164 1163/1163
f 1228/1228 1165/1165 1164/1164
f 1229/1229 1166/1166 1165/1165
f 1230/1230 1167/1167 1166/1166
f 1231/1231 1168/1168 1167/1167
f 1232/1232 1169/1169 1168/1168
f 1233/1233 1170/1170 1169/1169
f 1234/1234 1171/1171 1170/1170
f 1235/1235 1172/1172 1171/1171
f 1236/1236 1173/1173 1172/1172
f 1237/1237 1174/1174 1173/1173
f 1238/1238 1175/1175 1174/1174
f 1239/1239 1176/1176 1175/1175
f 1240/1240 1177/1177 1176/1176
f 1241/1241 1178/1178 1177/1177
f 1242/1242 1179/1179 1178/1178
f 1243/1243 1180/1180 1179/1179
f 1244/1244 1181/1181 1180/1180
f 1245/1245 1182/1182 1181/1181
f 1246/1246 1183/1183 1182/1182
f 1247/1247 1184/1184 1183/1183
f 1248/1248 1185/1185 1184/1184
f 1249/1249 1186/1186 1185/1185
f 1250/1250 1187/1187 1186/1186
f 1251/1251 1188/1188 1187/1187
f 1252/1252 1189/1189 1188/1188
f 1253/1253 1190/1190 1189/1189
f 1254/1254 1191/1191 1190/1190
f 1255/1255 1192/1192 1191/1191
f 1256/1256 1193/1193 1192/1192
f 1257/1257 1194/1194 1193/1193
f 1258/1258 1195/1195 1194/1194
f 1259/1259 1196/1196 1195/1195
f 1260/1260 1197/1197 1196/1196
f 1261/1261 1198/1198 1197/1197
f 1262/1262 1199/1199 1198/1198
f 1263/1263 1200/1200 1199/1199
f 1264/1264 1201/1201 1200/1200
f 1265/1265 1202/1202 1201/1201
f 1266/1266 1203/1203 1202/1202
f 1267/1267 1204/1204 1203/1203
f 1268/1268 1205/1205 1204/1204
f 1269/1269 1206/1206 1205/1205
f 1270/1270 1207/1207 1206/1206
f 1271/1271 1208/1208 1207/1207
f 1272/1272 1209/1209 1208/1208
f 1273/1273 1210/1210 1209/1209
f 1274/1274 1211/1211 1210/1210
f 1275/1275 1212/1212 1211/1211
f 1276/1276 1213/1213 1212/1212
f 1277/1277 1214/1214 1213/1213
f 1278/1278 1215/1215 1214/1214
f 1279/1279 1216/1216 1215/1215
f 1281/1281 1218/1218 1217/1217
f 1282/1282 1219/1219 1218/1218
f 1283/1283 1220/1220 1219/1219
f 1284/1284 1221/1221 1220/1220
f 1285/1285 1222/1222 1221/1221
f 1286/1286 1223/1223 1222/1222
f 1287/1287 1224/1224 1223/1223
f 1288/1288 1225/1225 1224/1224
f 1289/1289 1226/1226 1225/1225
f 1290/1290 1227/1227 1226/1226
f 1291/1291 1228/1228 1227/1227
f 1292/1292 1229/1229 1228/1228
f 1293/1293 1230/1230 1229/1229
f 1294/1294 1231/1231 1230/1230
f 1295/1295 1232/1232 1231/1231
f 1296/1296 1233/1233 1232/1232
f 1297/1297 1234/1234 1233/1233
f 1298/1298 1235/1235 1234/1234
f 1299/1299 1236/1236 1235/1235
f 1300/1300 1237/1237 1236/1236
f 1301/1301 1238/1238 1237/1237
f 1302/1302 1239/1239 1238/1238
f 1303/1303 1240/1240 1239/1239
f 1304/1304 1241/1241 1240/1240
f 1305/1305 1242/1242 1241/1241
f 1306/1306 1243/1243 1242/1242
f 1307/1307 1244/1244 1243/1243
f 1308/1308 1245/1245 1244/1244
f 1309/1309 1246/1246 1245/1245
f 1310/1310 1247/1247 1246/1246
f 1311/1311 1248/1248 1247/1247
f 1312/1312 1249/1249 1248/1248
f 1313/1313 1250/1250 1249/1249
f 1314/1314 1251/1251 1250/1250
f 1315/1315 1252/1252 1251/1251
f 1316/1316 1253/1253 1252/1252
f 1317/1317 1254/1254 1253/1253
f 1318/1318 1255/1255 1254/1254
f 1319/1319 1256/1256 1255/1255
f 1320/1320 1257/1257 1256/1256
f 1321/1321 1258/1258 1257/1257
f 1322/1322 1259/1259 1258/1258
f 1323/1323 1260/1260 1259/1259
f 1324/1324 1261/1261 1260/1260
f 1325/1325 1262/1262 1261/1261
f 1326/1326 1263/1263 1262/1262
f 1327/1327 1264/1264 1263/1263
f 1328/1328 1265/1265 1264/1264
f 1329/1329 1266/1266 1265/1265
f 1330/1330 1267/1267 1266/1266
f 1331/1331 1268/1268 1267/1267
f 1332/1332 1269/1269 1268/1268
f 1333/1333 1270/1270 1269/1269
f 1334/1334 1271/1271 1270/1270
f 1335/1335 1272/1272 1271/1271
f 1336/1336 1273/1273 1272/1272
f 1337/1337 1274/1274 1273/1273
f 1338/1338 1275/1275 1274/1274
f 1339/1339 1276/1276 1275/1275
f 1340/1340 1277/1277 1276/1276
f 1341/1341 1278/1278 1277/1277
f 1342/1342 1279/1279 1278/1278
f 1343/1343 1280/1280 1279/1279
f 1345/1345 1282/1282 1281/1281
f 1346/1346 1283/1283 1282/1282
f 1347/1347 1284/1284 1283/1283
f 1348/1348 1285/1285 1284/1284
f 1349/1349 1286/1286 1285/1285
f 1350/1350 1287/1287 1286/1286
f 1351/1351 1288/1288 1287/1287
f 1352/1352 1289/1289 1288/1288
f 1353/1353 1290/1290 1289/1289
f 1354/1354 1291/1291 1290/1290
f 1355/1355 1292/1292 1291/1291
f 1356/1356 1293/1293 1292/1292
f 1357/1357 1294/1294 1293/1293
f 1358/1358 1295/1295 1294/1294
f 1359/1359 1296/1296 1295/1295
f 1360/1360 1297/1297 1296/1296
f 1361/1361 1298/1298 1297/1297
f 1362/1362 1299/1299 1298/1298
f 1363/1363 1300/1300 1299/1299
f 1364/1364 1301/1301 1300/1300
f 1365/1365 1302/1302 1301/1301
f 1366/1366 1303/1303 1302/1302
f 1367/1367 1304/1304 1303/1303
f 1368/1368 1305/1305 1304/1304
f 1369/1369 1306/1306 1305/1305
f 1370/1370 1307/1307 1306/1306
f 1371/1371 1308/1308 1307/1307
f 1372/1372 1309/1309 1308/1308
f 1373/1373 1310/1310 1309/1309
f 1374/1374 1311/1311 1310/1310
f 1375/1375 1312/1312 1311/1311
f 1376/1376 1313/1313 1312/1312
f 1377/1377 1314/1314 1313/1313
f 1378/1378 1315/1315 1314/1314
f 1379/1379 1316/1316 1315/1315
f 1380/1380 1317/1317 1316/1316
f 1381/1381 1318/1318 1317/1317
f 1382/1382 1319/1319 1318/1318
f 1383/1383 1320/1320 1319/1319
f 1384/1384 1321/1321 1320/1320
f 1385/1385 1322/1322 1321/1321
f 1386/1386 1323/1323 1322/1322
f 1387/1387 1324/1324 1323/1323
f 1388/1388 1325/1325 1324/1324
f 1389/1389 1326/1326 1325/1325
f 1390/1390 1327/1327 1326/1326
f 1391/1391 1328/1328 1327/1327
f 1392/1392 1329/1329 1328/1328
f 1393/1393 1330/1330 1329/1329
f 1394/1394 1331/1331 1330/1330
f 1395/1395 1332/1332 1331/1331
f 1396/1396 1333/1333 1332/1332
f 1397/1397 1334/1334 1333/1333
f 1398/1398 1335/1335 1334/1334
f 1399/1399 1336/1336 1335/1335
f 1400/1400 1337/1337 1336/1336
f 1401/1401 1338/1338 1337/1337
f 1402/1402 1339/1339 1338/1338
f 1403/1403 1340/1340 1339/1339
f 1404/1404 1341/1341 1340/1340
f 1405/1405 1342/1342 1341/1341
f 1406/1406 1343/1343 1342/1342
f 1407/1407 1344/1344 1343/1343
f 1409/1409 1346/1346 1345/1345
f 1410/1410 1347/1347 1346/1346
f 1411/1411 1348/1348 1347/1347
f 1412/1412 1349/1349 1348/1348
f 1413/1413 1350/1350 1349/1349
f 1414/1414 1351/1351 1350/1350
f 1415/1415 1352/1352 1351/1351
f 1416/1416 1353/1353 1352/1352
f 1417/1417 1354/1354 1353/1353
f 1418/1418 1355/1355 1354/1354
f 1419/1419 1356/1356 1355/1355
f 1420/1420 1357/1357 1356/1356
f 1421/1421 1358/1358 1357/1357
f 1422/1422 1359/1359 1358/1358
f 1423/1423 1360/1360 1359/1359
f 1424/1424 1361/1361 1360/1360
f 1425/1425 1362/1362 1361/1361
f 1426/1426 1363/1363 1362/1362
f 1427/1427 1364/1364 1363/1363
f 1428/1428 1365/1365 1364/1364
f 1429/1429 1366/1366 1365/1365
f 1430/1430 1367/1367 1366/1366
f 1431/1431 1368/1368 1367/1367
f 1432/1432 1369/1369 1368/1368
f 1433/1433 1370/1370 1369/1369
f 1434/1434 1371/1371 1370/1370
f 1435/1435 1372/1372 1371/1371
f 1436/1436 1373/1373 1372/1372
f 1437/1437 1374/1374 1373/1373
f 1438/1438 1375/1375 1374/1374
f 1439/1439 1376/1376 1375/1375
f 1440/1440 1377/1377 1376/1376
f 1441/1441 1378/1378 1377/1377
f 1442/1442 1379/1379 1378/1378
f 1443/1443 1380/1380 1379/1379
f 1444/1444 1381/1381 1380/1380
f 1445/1445 1382/1382 1381/1381
f 1446/1446 1383/1383 1382/1382
f 1447/1447 1384/1384 1383/1383
f 1448/1448 1385/1385 1384/1384
f 1449/1449 1386/1386 1385/1385
f 1450/1450 1387/1387 1386/1386
f 1451/1451 1388/1388 1387/1387
f 1452/1452 1389/1389 1388/1388
f 1453/1453 1390/1390 1389/1389
f 1454/1454 1391/1391 1390/1390
f 1455/1455 1392/1392 1391/1391
f 1456/1456 1393/1393 1392/1392
f 1457/1457 1394/1394 1393/1393
f 1458/1458 1395/1395 1394/1394
f 1459/1459 1396/1396 1395/1395
f 1460/1460 1397/1397 1396/1396
f 1461/1461 1398/1398 1397/1397
f 1462/1462 1399/1399 1398/1398
f 1463/1463 1400/1400 1399/1399
f 1464/1464 1401/1401 1400/1400
f 1465/1465 1402/1402 1401/1401
f 1466/1466 1403/1403 1402/1402
f 1467/1467 1404/1404 1403/1403
f 1468/1468 1405/1405 1404/1404
f 1469/1469 1406/1406 1405/1405
f 1470/1470 1407/1407 1406/1406
f 1471/1471 1408/1408 1407/1407
f 1473/1473 1410/1410 1409/1409
f 1474/1474 1411/1411 1410/1410
f 1475/1475 1412/1412 1411/1411
f 1476/1476 1413/1413 1412/1412
f 1477/1477 1414/1414 1413/1413
f 1478/1478 1415/1415 1414/1414
f 1479/1479 1416/1416 1415/1415
f 1480/1480 1417/1417 1416/1416
f 1481/1481 1418/1418 1417/1417
f 1482/1482 1419/1419 1418/1418
f 1483/1483 1420/1420 1419/1419
f 1484/1484 1421/1421 1420/1420
f 1485/1485 1422/1422 1421/1421
f 1486/1486 1423/1423 1422/1422
f 1487/1487 1424/1424 1423/1423
f 1488/1488 1425/1425 1424/1424
f 1489/1489 1426/1426 1425/1425
f 1490/1490 1427/1427 1426/1426
f 1491/1491 1428/1428 1427/1427
f 1492/1492 1429/1429 1428/1428
f 1493/1493 1430/1430 1429/1429
f 1494/1494 1431/1431 1430/1430
f 1495/1495 1432/1432 1431/1431
f 1496/1496 1433/1433 1432/1432
f 1497/1497 1434/1434 1433/1433
f 1498/1498 1435/1435 1434/1434
f 1499/1499 1436/1436 1435/1435
f 1500/1500 1437/1437 1436/1436
f 1501/1501 1438/1438 1437/1437
f 1502/1502 1439/1439 1438/1438
f 1503/1503 1440/1440 1439/1439
f 1504/1504 1441/1441 1440/1440
f 1505/1505 1442/1442 1441/1441
f 1506/1506 1443/1443 1442/1442
f 1507/1507 1444/1444 1443/1443
f 1508/1508 1445/1445 1444/1444
f 1509/1509 1446/1446 1445/1445
f 1510/1510 1447/1447 1446/1446
f 1511/1511 1448/1448 1447/1447
f 1512/1512 1449/1449 1448/1448
f 1513/1513 1450/1450 1449/1449
f 1514/1514 1451/1451 1450/1450
f 1515/1515 1452/1452 1451/1451
f 1516/1516 1453/1453 1452/1452
f 1517/1517 1454/1454 1453/1453
f 1518/1518 1455/1455 1454/1454
f 1519/1519 1456/1456 1455/1455
f 1520/1520 1457/1457 1456/1456
f 1521/1521 1458/1458 1457/1457
f 1522/1522 1459/1459 1458/1458
f 1523/1523 1460/1460 1459/1459
f 1524/1524 1461/1461 1460/1460
f 1525/1525 1462/1462 1461/1461
f 1526/1526 1463/1463 1462/1462
f 1527/1527 1464/1464 1463/1463
f 1528/1528 1465/1465 1464/1464
f 1529/1529 1466/1466 1465/1465
f 1530/1530 1467/1467 1466/1466
f 1531/1531 1468/1468 1467/1467
f 1532/1532 1469/1469 1468/1468
f 1533/1533 1470/1470 1469/1469
f 1534/1534 1471/1471 1470/1470
f 1535/1535 1472/1472 1471/1471
f 1537/1537 1474/1474 1473/1473
f 1538/1538 1475/1475 1474/1474
f 1539/1539 1476/1476 1475/1475
f 1540/1540 1477/1477 1476/1476
f 1541/1541 1478/1478 1477/1477
f 1542/1542 1479/1479 1478/1478
f 1543/1543 1480/1480 1479/1479
f 1544/1544 1481/1481 1480/1480
f 1545/1545 1482/1482 1481/1481
f 1546/1546 1483/1483 1482/1482
f 1547/1547 1484/1484 1483/1483
f 1548/1548 1485/1485 1484/1484
f 1549/1549 1486/1486 1485/1485
f 1550/1550 1487/1487 1486/1486
f 1551/1551 1488/1488 1487/1487
f 1552/1552 1489/1489 1488/1488
f 1553/1553 1490/1490 1489/1489
f 1554/1554 1491/1491 1490/1490
f 1555/1555 1492/1492 1491/1491
f 1556/1556 1493/1493 1492/1492
f 1557/1557 1494/1494 1493/1493
f 1558/1558 1495/1495 1494/1494
f 1559/1559 1496/1496 1495/1495
f 1560/1560 1497/1497 1496/1496
f 1561/1561 1498/1498 1497/1497
f 1562/1562 1499/1499 1498/1498
f 1563/1563 1500/1500 1499/1499
f 1564/1564 1501/1501 1500/1500
f 1565/1565 1502/1502 1501/1501
f 1566/1566 1503/1503 1502/1502
f 1567/1567 1504/1504 1503/1503
f 1568/1568 1505/1505 1504/1504
f 1569/1569 1506/1506 1505/1505
f 1570/1570 1507/1507 1506/1506
f 1571/1571 1508/1508 1507/1507
f 1572/1572 1509/1509 1508/1508
f 1573/1573 1510/1510 1509/1509
f 1574/1574 1511/1511 1510/1510
f 1575/1575 1512/1512 1511/1511
f 1576/1576 1513/1513 1512/1512
f 1577/1577 1514/1514 1513/1513
f 1578/1578 1515/1515 1514/1514
f 1579/1579 1516/1516 1515/1515
f 1580/1580 1517/1517 1516/1516
f 1581/1581 1518/1518 1517/1517
f 1582/1582 1519/1519 1518/1518
f 1583/1583 1520/1520 1519/1519
f 1584/1584 1521/1521 1520/1520
f 1585/1585 1522/1522 1521/1521
f 1586/1586 1523/1523 1522/1522
f 1587/1587 1524/1524 1523/1523
f 1588/1588 1525/1525 1524/1524
f 1589/1589 1526/1526 1525/1525
f 1590/1590 1527/1527 1526/1526
f 1591/1591 1528/1528 1527/1527
f 1592/1592 1529/1529 1528/1528
f 1593/1593 1530/1530 1529/1529
f 1594/1594 1531/1531 1530/1530
f 1595/1595 1532/1532 1531/1531
f 1596/1596 1533/1533 1532/1532
f 1597/1597 1534/1534 1533/1533
f 1598/1598 1535/1535 1534/1534
f 1599/1599 1536/1536 1535/1535
f 1601/1601 1538/1538 1537/1537
f 1602/1602 1539/1539 1538/1538
f 1603/1603 1540/1540 1539/1539
f 1604/1604 1541/1541 1540/1540
f 1605/1605 1542/1542 1541/1541
f 1606/1606 1543/1543 1542/1542
f 1607/1607 1544/1544 1543/1543
f 1608/1608 1545/1545 1544/1544
f 1609/1609 1546/1546 1545/1545
f 1610/1610 1547/1547 1546/1546
f 1611/1611 1548/1548 1547/1547
f 1612/1612 1549/1549 1548/1548
f 1613/1613 1550/1550 1549/1549
f 1614/1614 1551/1551 1550/1550
f 1615/1615 1552/1552 1551/1551
f 1616/1616 1553/1553 1552/1552
f 1617/1617 1554/1554 1553/1553
f 1618/1618 1555/1555 1554/1554
f 1619/1619 1556/1556 1555/1555
f 1620/1620 1557/1557 1556/1556
f 1621/1621 1558/1558 1557/1557
f 1622/1622 1559/1559 1558/1558
f 1623/1623 1560/1560 1559/1559
f 1624/1624 1561/1561 1560/1560
f 1625/1625 1562/1562 1561/1561
f 1626/1626 1563/1563 1562/1562
f 1627/1627 1564/1564 1563/1563
f 1628/1628 1565/1565 1564/1564
f 1629/1629 1566/1566 1565/1565
f 1630/1630 1567/1567 1566/1566
f 1631/1631 1568/1568 1567/1567
f 1632/1632 1569/1569 1568/1568
f 1633/1633 1570/1570 1569/1569
f 1634/1634 1571/1571 1570/1570
f 1635/1635 1572/1572 1571/1571
f 1636/1636 1573/1573 1572/1572
f 1637/1637 1574/1574 1573/1573
f 1638/1638 1575/1575 1574/1574
f 1639/1639 1576/1576 1575/1575
f 1640/1640 1577/1577 1576/1576
f 1641/1641 1578/1578 1577/1577
f 1642/1642 1579/1579 1578/1578
f 1643/1643 1580/1580 1579/1579
f 1644/1644 1581/1581 1580/1580
f 1645/1645 1582/1582 1581/1581
f 1646/1646 1583/1583 1582/1582
f 1647/1647 1584/1584 1583/1583
f 1648/1648 1585/1585 1584/1584
f 1649/1649 1586/1586 1585/1585
f 1650/1650 1587/1587 1586/1586
f 1651/1651 1588/1588 1587/1587
f 1652/1652 1589/1589 1588/1588
f 1653/1653 1590/1590 1589/1589
f 1654/1654 1591/1591 1590/1590
f 1655/1655 1592/1592 1591/1591
f 1656/1656 1593/1593 1592/1592
f 1657/1657 1594/1594 1593/1593
f 1658/1658 1595/1595 1594/1594
f 1659/1659 1596/1596 1595/1595
f 1660/1660 1597/1597 1596/1596
f 1661/1661 1598/1598 1597/1597
f 1662/1662 1599/1599 1598/1598
f 1663/1663 1600/1600 1599/1599
f 1665/1665 1602/1602 1601/1601
f 1666/1666 1603/1603 1602/1602
f 1667/1667 1604/1604 1603/1603
f 1668/1668 1605/1605 1604/1604
f 1669/1669 1606/1606 1605/1605
f 1670/1670 1607/1607 1606/1606
f 1671/1671 1608/1608 1607/1607
f 1672/1672 1609/1609 1608/1608
f 1673/1673 1610/1610 1609/1609
f 1674/1674 1611/1611 1610/1610
f 1675/1675 1612/1612 1611/1611
f 1676/1676 1613/1613 1612/1612
f 1677/1677 1614/1614 1613/1613
f 1678/1678 1615/1615 1614/1614
f 1679/1679 1616/1616 1615/1615
f 1680/1680 1617/1617 1616/1616
f 1681/1681 1618/1618 1617/1617
f 1682/1682 1619/1619 1618/1618
f 1683/1683 1620/1620 1619/1619
f 1684/1684 1621/1621 1620/1620
f 1685/1685 1622/1622 1621/1621
f 1686/1686 1623/1623 1622/1622
f 1687/1687 1624/1624 1623/1623
f 1688/1688 1625/1625 1624/1624
f 1689/1689 1626/1626 1625/1625
f 1690/1690 1627/1627 1626/1626
f 1691/1691 1628/1628 1627/1627
f 1692/1692 1629/1629 1628/1628
f 1693/1693 1630/1630 1629/1629
f 1694/1694 1631/1631 1630/1630
f 1695/1695 1632/1632 1631/1631
f 1696/1696 1633/1633 1632/1632
f 1697/1697 1634/1634 1633/1633
f 1698/1698 1635/1635 1634/1634
f 1699/1699 1636/1636 1635/1635
f 1700/1700 1637/1637 1636/1636
f 1701/1701 1638/1638 1637/1637
f 1702/1702 1639/1639 1638/1638
f 1703/1703 1640/1640 1639/1639
f 1704/1704 1641/1641 1640/1640
f 1705/1705 1642/1642 1641/1641
f 1706/1706 1643/1643 1642/1642
f 1707/1707 1644/1644 1643/1643
f 1708/1708 1645/1645 1644/1644
f 1709/1709 1646/1646 1645/1645
f 1710/1710 1647/1647 1646/1646
f 1711/1711 1648/1648 1647/1647
f 1712/1712 1649/1649 1648/1648
f 1713/1713 1650/1650 1649/1649
f 1714/1714 1651/1651 1650/1650
f 1715/1715 1652/1652 1651/1651
f 1716/1716 1653/1653 1652/1652
f 1717/1717 1654/1654 1653/1653
f 1718/1718 1655/1655 1654/1654
f 1719/1719 1656/1656 1655/1655
f 1720/1720 1657/1657 1656/1656
f 1721/1721 1658/1658 1657/1657
f 1722/1722 1659/1659 1658/1658
f 1723/1723 1660/1660 1659/1659
f 1724/1724 1661/1661 1660/1660
f 1725/1725 1662/1662 1661/1661
f 1726/1726 1663/1663 1662/1662
f 1727/1727 1664/1664 1663/1663
f 1729/1729 1666/1666 1665/1665
f 1730/1730 1667/1667 1666/1666
f 1731/1731 1668/1668 1667/1667
f 1732/1732 1669/1669 1668/1668
f 1733/1733 1670/1670 1669/1669
f 1734/1734 1671/1671 1670/1670
f 1735/1735 1672/1672 1671/1671
f 1736/1736 1673/1673 1672/1672
f 1737/1737 1674/1674 1673/1673
f 1738/1738 1675/1675 1674/1674
f 1739/1739 1676/1676 1675/1675
f 1740/1740 1677/1677 1676/1676
f 1741/1741 1678/1678 1677/1677
f 1742/1742 1679/1679 1678/1678
f 1743/1743 1680/1680 1679/1679
f 1744/1744 1681/1681 1680/1680
f 1745/1745 1682/1682 1681/1681
f 1746/1746 1683/1683 1682/1682
f 1747/1747 1684/1684 1683/1683
f 1748/1748 1685/1685 1684/1684
f 1749/1749 1686/1686 1685/1685
f 1750/1750 1687/1687 1686/1686
f 1751/1751 1688/1688 1687/1687
f 1752/1752 1689/1689 1688/1688
f 1753/1753 1690/1690 1689/1689
f 1754/1754 1691/1691 1690/1690
f 1755/1755 1692/1692 1691/1691
f 1756/1756 1693/1693 1692/1692
f 1757/1757 1694/1694 1693/1693
f 1758/1758 1695/1695 1694/1694
f 1759/1759 1696/1696 1695/1695
f 1760/1760 1697/1697 1696/1696
f 1761/1761 1698/1698 1697/1697
f 1762/1762 1699/1699 1698/1698
f 1763/1763 1700/1700 1699/1699
f 1764/1764 1701/1701 1700/1700
f 1765/1765 1702/1702 1701/1701
f 1766/1766 1703/1703 1702/1702
f 1767/1767 1704/1704 1703/1703
f 1768/1768 1705/1705 1704/1704
f 1769/1769 1706/1706 1705/1705
f 1770/1770 1707/1707 1706/1706
f 1771/1771 1708/1708 1707/1707
f 1772/1772 1709/1709 1708/1708
f 1773/1773 1710/1710 1709/1709
f 1774/1774 1711/1711 1710/1710
f 1775/1775 1712/1712 1711/1711
f 1776/1776 1713/1713 1712/1712
f 1777/1777 1714/1714 1713/1713
f 1778/1778 1715/1715 1714/1714
f 1779/1779 1716/1716 1715/1715
f 1780/1780 1717/1717 1716/1716
f 1781/1781 1718/1718 1717/1717
f 1782/1782 1719/1719 1718/1718
f 1783/1783 1720/1720 1719/1719
f 1784/1784 1721/1721 1720/1720
f 1785/1785 1722/1722 1721/1721
f 1786/1786 1723/1723 1722/1722
f 1787/1787 1724/1724 1723/1723
f 1788/1788 1725/1725 1724/1724
f 1789/1789 1726/1726 1725/1725
f 1790/1790 1727/1727 1726/1726
f 1791/1791 1728/1728 1727/1727
f 1793/1793 1730/1730 1729/1729
f 1794/1794 1731/1731 1730/1730
f 1795/1795 1732/1732 1731/1731
f 1796/1796 1733/1733 1732/1732
f 1797/1797 1734/1734 1733/1733
f 1798/1798 1735/1735 1734/1734
f 1799/1799 1736/1736 1735/1735
f 1800/1800 1737/1737 1736/1736
f 1801/1801 1738/1738 1737/1737
f 1802/1802 1739/1739 1738/1738
f 1803/1803 1740/1740 1739/1739
f 1804/1804 1741/1741 1740/1740
f 1805/1805 1742/1742 1741/1741
f 1806/1806 1743/1743 1742/1742
f 1807/1807 1744/1744 1743/1743
f 1808/1808 1745/1745 1744/1744
f 1809/1809 1746/1746 1745/1745
f 1810/1810 1747/1747 1746/1746
f 1811/1811 1748/1748 1747/1747
f 1812/1812 1749/1749 1748/1748
f 1813/1813 1750/1750 1749/1749
f 1814/1814 1751/1751 1750/1750
f 1815/1815 1752/1752 1751/1751
f 1816/1816 1753/1753 1752/1752
f 1817/1817 1754/1754 1753/1753
f 1818/1818 1755/1755 1754/1754
f 1819/1819 1756/1756 1755/1755
f 1820/1820 1757/1757 1756/1756
f 1821/1821 1758/1758 1757/1757
f 1822/1822 1759/1759 1758/1758
f 1823/1823 1760/1760 1759/1759
f 1824/1824 1761/1761 1760/1760
f 1825/1825 1762/1762 1761/1761
f 1826/1826 1763/1763 1762/1762
f 1827/1827 1764/1764 1763/1763
f 1828/1828 1765/1765 1764/1764
f 1829/1829 1766/1766 1765/1765
f 1830/1830 1767/1767 1766/1766
f 1831/1831 1768/1768 1767/1767
f 1832/1832 1769/1769 1768/1768
f 1833/1833 1770/1770 1769/1769
f 1834/1834 1771/1771 1770/1770
f 1835/1835 1772/1772 1771/1771
f 1836/1836 1773/1773 1772/1772
f 1837/1837 1774/1774 1773/1773
f 1838/1838 1775/1775 1774/1774
f 1839/1839 1776/1776 1775/1775
f 1840/1840 1777/1777 1776/1776
f 1841/1841 1778/1778 1777/1777
f 1842/1842 1779/1779 1778/1778
f 1843/1843 1780/1780 1779/1779
f 1844/1844 1781/1781 1780/1780
f 1845/1845 1782/1782 1781/1781
f 1846/1846 1783/1783 1782/1782
f 1847/1847 1784/1784 1783/1783
f 1848/1848 1785/1785 1784/1784
f 1849/1849 1786/1786 1785/1785
f 1850/1850 1787/1787 1786/1786
f 1851/1851 1788/1788 1787/1787
f 1852/1852 1789/1789 1788/1788
f 1853/1853 1790/1790 1789/1789
f 1854/1854 1791/1791 1790/1790
f 1855/1855 1792/1792 1791/1791
f 1857/1857 1794/1794 1793/1793
f 1858/1858 1795/1795 1794/1794
f 1859/1859 1796/1796 1795/1795
f 1860/1860 1797/1797 1796/1796
f 1861/1861 1798/1798 1797/1797
f 1862/1862 1799/1799 1798/1798
f 1863/1863 1800/1800 1799/1799
f 1864/1864 1801/1801 1800/1800
f 1865/1865 1802/1802 1801/1801
f 1866/1866 1803/1803 1802/1802
f 1867/1867 1804/1804 1803/1803
f 1868/1868 1805/1805 1804/1804
f 1869/1869 1806/1806 1805/1805
f 1870/1870 1807/1807 1806/1806
f 1871/1871 1808/1808 1807/1807
f 1872/1872 1809/1809 1808/1808
f 1873/1873 1810/1810 1809/1809
f 1874/1874 1811/1811 1810/1810
f 1875/1875 1812/1812 1811/1811
f 1876/1876 1813/1813 1812/1812
f 1877/1877 1814/1814 1813/1813
f 1878/1878 1815/1815 1814/1814
f 1879/1879 1816/1816 1815/1815
f 1880/1880 1817/1817 1816/1816
f 1881/1881 1818/1818 1817/1817
f 1882/1882 1819/1819 1818/1818
f 1883/1883 1820/1820 1819/1819
f 1884/1884 1821/1821 1820/1820
f 1885/1885 1822/1822 1821/1821
f 1886/1886 1823/1823 1822/1822
f 1887/1887 1824/1824 1823/1823
f 1888/1888 1825/1825 1824/1824
f 1889/1889 1826/1826 1825/1825
f 1890/1890 1827/1827 1826/1826
f 1891/1891 1828/1828 1827/1827
f 1892/1892 1829/1829 1828/1828
f 1893/1893 1830/1830 1829/1829
f 1894/1894 1831/1831 1830/1830
f 1895/1895 1832/1832 1831/1831
f 1896/1896 1833/1833 1832/1832
f 1897/1897 1834/1834 1833/1833
f 1898/1898 1835/1835 1834/1834
f 1899/1899 1836/1836 1835/1835
f 1900/1900 1837/1837 1836/1836
f 1901/1901 1838/1838 1837/1837
f 1902/1902 1839/1839 1838/1838
f 1903/1903 1840/1840 1839/1839
f 1904/1904 1841/1841 1840/1840
f 1905/1905 1842/1842 1841/1841
f 1906/1906 1843/1843 1842/1842
f 1907/1907 1844/1844 1843/1843
f 1908/1908 1845/1845 1844/1844
f 1909/1909 1846/1846 1845/1845
f 1910/1910 1847/1847 1846/1846
f 1911/1911 1848/1848 1847/1847
f 1912/1912 1849/1849 1848/1848
f 1913/1913 1850/1850 1849/1849
f 1914/1914 1851/1851 1850/1850
f 1915/1915 1852/1852 1851/1851
f 1916/1916 1853/1853 1852/1852
f 1917/1917 1854/1854 1853/1853
f 1918/1918 1855/1855 1854/1854
f 1919/1919 1856/1856 1855/1855
f 1921/1921 1858/1858 1857/1857
f 1922/1922 1859/1859 1858/1858
f 1923/1923 1860/1860 1859/1859
f 1924/1924 1861/1861 1860/1860
f 1925/1925 1862/1862 1861/1861
f 1926/1926 1863/1863 1862/1862
f 1927/1927 1864/1864 1863/1863
f 1928/1928 1865/1865 1864/1864
f 1929/1929 1866/1866 1865/1865
f 1930/1930 1867/1867 1866/1866
f 1931/1931 1868/1868 1867/1867
f 1932/1932 1869/1869 1868/1868
f 1933/1933 1870/1870 1869/1869
f 1934/1934 1871/1871 1870/1870
f 1935/1935 1872/1872 1871/1871
f 1936/1936 1873/1873 1872/1872
f 1937/1937 1874/1874 1873/1873
f 1938/1938 1875/1875 1874/1874
f 1939/1939 1876/1876 1875/1875
f 1940/1940 1877/1877 1876/1876
f 1941/1941 1878/1878 1877/1877
f 1942/1942 1879/1879 1878/1878
f 1943/1943 1880/1880 1879/1879
f 1944/1944 1881/1881 1880/1880
f 1945/1945 1882/1882 1881/1881
f 1946/1946 1883/1883 1882/1882
f 1947/1947 1884/1884 1883/1883
f 1948/1948 1885/1885 1884/1884
f 1949/1949 1886/1886 1885/1885
f 1950/1950 1887/1887 1886/1886
f 1951/1951 1888/1888 1887/1887
f 1952/1952 1889/1889 1888/1888
f 1953/1953 1890/1890 1889/1889
f 1954/1954 1891/1891 1890/1890
f 1955/1955 1892/1892 1891/1891
f 1956/1956 1893/1893 1892/1892
f 1957/1957 1894/1894 1893/1893
f 1958/1958 1895/1895 1894/1894
f 1959/1959 1896/1896 1895/1895
f 1960/1960 1897/1897 1896/1896
f 1961/1961 1898/1898 1897/1897
f 1962/1962 1899/1899 1898/1898
f 1963/1963 1900/1900 1899/1899
f 1964/1964 1901/1901 1900/1900
f 1965/1965 1902/1902 1901/1901
f 1966/1966 1903/1903 1902/1902
f 1967/1967 1904/1904 1903/1903
f 1968/1968 1905/1905 1904/1904
f 1969/1969 1906/1906 1905/1905
f 1970/1970 1907/1907 1906/1906
f 1971/1971 1908/1908 1907/1907
f 1972/1972 1909/1909 1908/1908
f 1973/1973 1910/1910 1909/1909
f 1974/1974 1911/1911 1910/1910
f 1975/1975 1912/1912 1911/1911
f 1976/1976 1913/1913 1912/1912
f 1977/1977 1914/1914 1913/1913
f 1978/1978 1915/1915 1914/1914
f 1979/1979 1916/1916 1915/1915
f 1980/1980 1917/1917 1916/1916
f 1981/1981 1918/1918 1917/1917
f 1982/1982 1919/1919 1918/1918
f 1983/1983 1920/1920 1919/1919
f 1985/1985 1922/1922 1921/1921
f 1986/1986 1923/1923 1922/1922
f 1987/1987 1924/1924 1923/1923
f 1988/1988 1925/1925 1924/1924
f 1989/1989 1926/1926 1925/1925
f 1990/1990 1927/1927 1926/1926
f 1991/1991 1928/1928 1927/1927
f 1992/1992 1929/1929 1928/1928
f 1993/1993 1930/1930 1929/1929
f 1994/1994 1931/1931 1930/1930
f 1995/1995 1932/1932 1931/1931
f 1996/1996 1933/1933 1932/1932
f 1997/1997 1934/1934 1933/1933
f 1998/1998 1935/1935 1934/1934
f 1999/1999 1936/1936 1935/1935
f 2000/2000 1937/1937 1936/1936
f 2001/2001 1938/1938 1937/1937
f 2002/2002 1939/1939 1938/1938
f 2003/2003 1940/1940 1939/1939
f 2004/2004 1941/1941 1940/1940
f 2005/2005 1942/1942 1941/1941
f 2006/2006 1943/1943 1942/1942
f 2007/2007 1944/1944 1943/1943
f 2008/2008 1945/1945 1944/1944
f 2009/2009 1946/1946 1945/1945
f 2010/2010 1947/1947 1946/1946
f 2011/2011 1948/1948 1947/1947
f 2012/2012 1949/1949 1948/1948
f 2013/2013 1950/1950 1949/1949
f 2014/2014 1951/1951 1950/1950
f 2015/2015 1952/1952 1951/1951
f 2016/2016 1953/1953 1952/1952
f 2017/2017 1954/1954 1953/1953
f 2018/2018 1955/1955 1954/1954
f 2019/2019 1956/1956 1955/1955
f 2020/2020 1957/1957 1956/1956
f 2021/2021 1958/1958 1957/1957
f 2022/2022 1959/1959 1958/1958
f 2023/2023 1960/1960 1959/1959
f 2024/2024 1961/1961 1960/1960
f 2025/2025 1962/1962 1961/1961
f 2026/2026 1963/1963 1962/1962
f 2027/2027 1964/1964 1963/1963
f 2028/2028 1965/1965 1964/1964
f 2029/2029 1966/1966 1965/1965
f 2030/2030 1967/1967 1966/1966
f 2031/2031 1968/1968 1967/1967
f 2032/2032 1969/1969 1968/1968
f 2033/2033 1970/1970 1969/1969
f 2034/2034 1971/1971 1970/1970
f 2035/2035 1972/1972 1971/1971
f 2036/2036 1973/1973 1972/1972
f 2037/2037 1974/1974 1973/1973
f 2038/2038 1975/1975 1974/1974
f 2039/2039 1976/1976 1975/1975
f 2040/2040 1977/1977 1976/1976
f 2041/2041 1978/1978 1977/1977
f 2042/2042 1979/1979 1978/1978
f 2043/2043 1980/1980 1979/1979
f 2044/2044 1981/1981 1980/1980
f 2045/2045 1982/1982 1981/1981
f 2046/2046 1983/1983 1982/1982
f 2047/2047 1984/1984 1983/1983
f 2049/2049 1986/1986 1985/1985
f 2050/2050 1987/1987 1986/1986
f 2051/2051 1988/1988 1987/1987
f 2052/2052 1989/1989 1988/1988
f 2053/2053 1990/1990 1989/1989
f 2054/2054 1991/1991 1990/1990
f 2055/2055 1992/1992 1991/1991
f 2056/2056 1993/1993 1992/1992
f 2057/2057 1994/1994 1993/1993
f 2058/2058 1995/1995 1994/1994
f 2059/2059 1996/1996 1995/1995
f 2060/2060 1997/1997 1996/1996
f 2061/2061 1998/1998 1997/1997
f 2062/2062 1999/1999 1998/1998
f 2063/2063 2000/2000 1999/1999
f 2064/2064 2001/2001 2000/2000
f 2065/2065 2002/2002 2001/2001
f 2066/2066 2003/2003 2002/2002
f 2067/2067 2004/2004 2003/2003
f 2068/2068 2005/2005 2004/2004
f 2069/2069 2006/2006 2005/2005
f 2070/2070 2007/2007 2006/2006
f 2071/2071 2008/2008 2007/2007
f 2072/2072 2009/2009 2008/2008
f 2073/2073 2010/2010 2009/2009
f 2074/2074 2011/2011 2010/2010
f 2075/2075 2012/2012 2011/2011
f 2076/2076 2013/2013 2012/2012
f 2077/2077 2014/2014 2013/2013
f 2078/2078 2015/2015 2014/2014
f 2079/2079 2016/2016 2015/2015
f 2080/2080 2017/2017 2016/2016
f 2081/2081 2018/2018 2017/2017
f 2082/2082 2019/2019 2018/2018
f 2083/2083 2020/2020 2019/2019
f 2084/2084 2021/2021 2020/2020
f 2085/2085 2022/2022 2021/2021
f 2086/2086 2023/2023 2022/2022
f 2087/2087 2024/2024 2023/2023
f 2088/2088 2025/2025 2024/2024
f 2089/2089 2026/2026 2025/2025
f 2090/2090 2027/2027 2026/2026
f 2091/2091 2028/2028 2027/2027
f 2092/2092 2029/2029 2028/2028
f 2093/2093 2030/2030 2029/2029
f 2094/2094 2031/2031 2030/2030
f 2095/2095 2032/2032 2031/2031
f 2096/2096 2033/2033 2032/2032
f 2097/2097 2034/2034 2033/2033
f 2098/2098 2035/2035 2034/2034
f 2099/2099 2036/2036 2035/2035
f 2100/2100 2037/2037 2036/2036
f 2101/2101 2038/2038 2037/2037
f 2102/2102 2039/2039 2038/2038
f 2103/2103 2040/2040 2039/2039
f 2104/2104 2041/2041 2040/2040
f 2105/2105 2042/2042 2041/2041
f 2106/2106 2043/2043 2042/2042
f 2107/2107 2044/2044 2043/2043
f 2108/2108 2045/2045 2044/2044
f 2109/2109 2046/2046 2045/2045
f 2110/2110 2047/2047 2046/2046
f 2111/2111 2048/2048 2047/2047
f 2113/2113 2050/2050 2049/2049
f 2114/2114 2051/2051 2050/2050
f 2115/2115 2052/2052 2051/2051
f 2116/2116 2053/2053 2052/2052
f 2117/2117 2054/2054 2053/2053
f 2118/2118 2055/2055 2054/2054
f 2119/2119 2056/2056 2055/2055
f 2120/2120 2057/2057 2056/2056
f 2121/2121 2058/2058 2057/2057
f 2122/2122 2059/2059 2058/2058
f 2123/2123 2060/2060 2059/2059
f 2124/2124 2061/2061 2060/2060
f 2125/2125 2062/2062 2061/2061
f 2126/2126 2063/2063 2062/2062
f 2127/2127 2064/2064 2063/2063
f 2128/2128 2065/2065 2064/2064
f 2129/2129 2066/2066 2065/2065
f 2130/2130 2067/2067 2066/2066
f 2131/2131 2068/2068 2067/2067
f 2132/2132 2069/2069 2068/2068
f 2133/2133 2070/2070 2069/2069
f 2134/2134 2071/2071 2070/2070
f 2135/2135 2072/2072 2071/2071
f 2136/2136 2073/2073 2072/2072
f 2137/2137 2074/2074 2073/2073
f 2138/2138 2075/2075 2074/2074
f 2139/2139 2076/2076 2075/2075
f 2140/2140 2077/2077 2076/2076
f 2141/2141 2078/2078 2077/2077
f 2142/2142 2079/2079 2078/2078
f 2143/2143 2080/2080 2079/2079
f 2144/2144 2081/2081 2080/2080
f 2145/2145 2082/2082 2081/2081
f 2146/2146 2083/2083 2082/2082
f 2147/2147 2084/2084 2083/2083
f 2148/2148 2085/2085 2084/2084
f 2149/2149 2086/2086 2085/2085
f 2150/2150 2087/2087 2086/2086
f 2151/2151 2088/2088 2087/2087
f 2152/2152 2089/2089 2088/2088
f 2153/2153 2090/2090 2089/2089
f 2154/2154 2091/2091 2090/2090
f 2155/2155 2092/2092 2091/2091
f 2156/2156 2093/2093 2092/2092
f 2157/2157 2094/2094 2093/2093
f 2158/2158 2095/2095 2094/2094
f 2159/2159 2096/2096 2095/2095
f 2160/2160 2097/2097 2096/2096
f 2161/2161 2098/2098 2097/2097
f 2162/2162 2099/2099 2098/2098
f 2163/2163 2100/2100 2099/2099
f 2164/2164 2101/2101 2100/2100
f 2165/2165 2102/2102 2101/2101
f 2166/2166 2103/2103 2102/2102
f 2167/2167 2104/2104 2103/2103
f 2168/2168 2105/2105 2104/2104
f 2169/2169 2106/2106 2105/2105
f 2170/2170 2107/2107 2106/2106
f 2171/2171 2108/2108 2107/2107
f 2172/2172 2109/2109 2108/2108
f 2173/2173 2110/2110 2109/2109
f 2174/2174 2111/2111 2110/2110
f 2175/2175 2112/2112 2111/2111
f 2177/2177 2114/2114 2113/2113
f 2178/2178 2115/2115 2114/2114
f 2179/2179 2116/2116 2115/2115
f 2180/2180 2117/2117 2116/2116
f 2181/2181 2118/2118 2117/2117
f 2182/2182 2119/2119 2118/2118
f 2183/2183 2120/2120 2119/2119
f 2184/2184 2121/2121 2120/2120
f 2185/2185 2122/2122 2121/2121
f 2186/2186 2123/2123 2122/2122
f 2187/2187 2124/2124 2123/2123
f 2188/2188 2125/2125 2124/2124
f 2189/2189 2126/2126 2125/2125
f 2190/2190 2127/2127 2126/2126
f 2191/2191 2128/2128 2127/2127
f 2192/2192 2129/2129 2128/2128
f 2193/2193 2130/2130 2129/2129
f 2194/2194 2131/2131 2130/2130
f 2195/2195 2132/2132 2131/2131
f 2196/2196 2133/2133 2132/2132
f 2197/2197 2134/2134 2133/2133
f 2198/2198 2135/2135 2134/2134
f 2199/2199 2136/2136 2135/2135
f 2200/2200 2137/2137 2136/2136
f 2201/2201 2138/2138 2137/2137
f 2202/2202 2139/2139 2138/2138
f 2203/2203 2140/2140 2139/2139
f 2204/2204 2141/2141 2140/2140
f 2205/2205 2142/2142 2141/2141
f 2206/2206 2143/2143 2142/2142
f 2207/2207 2144/2144 2143/2143
f 2208/2208 2145/2145 2144/2144
f 2209/2209 2146/2146 2145/2145
f 2210/2210 2147/2147 2146/2146
f 2211/2211 2148/2148 2147/2147
f 2212/2212 2149/2149 2148/2148
f 2213/2213 2150/2150 2149/2149
f 2214/2214 2151/2151 2150/2150
f 2215/2215 2152/2152 2151/2151
f 2216/2216 2153/2153 2152/2152
f 2217/2217 2154/2154 2153/2153
f 2218/2218 2155/2155 2154/2154
f 2219/2219 2156/2156 2155/2155
f 2220/2220 2157/2157 2156/2156
f 2221/2221 2158/2158 2157/2157
f 2222/2222 2159/2159 2158/2158
f 2223/2223 2160/2160 2159/2159
f 2224/2224 2161/2161 2160/2160
f 2225/2225 2162/2162 2161/2161
f 2226/2226 2163/2163 2162/2162
f 2227/2227 2164/2164 2163/2163
f 2228/2228 2165/2165 2164/2164
f 2229/2229 2166/2166 2165/2165
f 2230/2230 2167/2167 2166/2166
f 2231/2231 2168/2168 2167/2167
f 2232/2232 2169/2169 2168/2168
f 2233/2233 2170/2170 2169/2169
f 2234/2234 2171/2171 2170/2170
f 2235/2235 2172/2172 2171/2171
f 2236/2236 2173/2173 2172/2172
f 2237/2237 2174/2174 2173/2173
f 2238/2238 2175/2175 2174/2174
f 2239/2239 2176/2176 2175/2175
f 2241/2241 2178/2178 2177/2177
f 2242/2242 2179/2179 2178/2178
f 2243/2243 2180/2180 2179/2179
f 2244/2244 2181/2181 2180/2180
f 2245/2245 2182/2182 2181/2181
f 2246/2246 2183/2183 2182/2182
f 2247/2247 2184/2184 2183/2183
f 2248/2248 2185/2185 2184/2184
f 2249/2249 2186/2186 2185/2185
f 2250/2250 2187/2187 2186/2186
f 2251/2251 2188/2188 2187/2187
f 2252/2252 2189/2189 2188/2188
f 2253/2253 2190/2190 2189/2189
f 2254/2254 2191/2191 2190/2190
f 2255/2255 2192/2192 2191/2191
f 2256/2256 2193/2193 2192/2192
f 2257/2257 2194/2194 2193/2193
f 2258/2258 2195/2195 2194/2194
f 2259/2259 2196/2196 2195/2195
f 2260/2260 2197/2197 2196/2196
f 2261/2261 2198/2198 2197/2197
f 2262/2262 2199/2199 2198/2198
f 2263/2263 2200/2200 2199/2199
f 2264/2264 2201/2201 2200/2200
f 2265/2265 2202/2202 2201/2201
f 2266/2266 2203/2203 2202/2202
f 2267/2267 2204/2204 2203/2203
f 2268/2268 2205/2205 2204/2204
f 2269/2269 2206/2206 2205/2205
f 2270/2270 2207/2207 2206/2206
f 2271/2271 2208/2208 2207/2207
f 2272/2272 2209/2209 2208/2208
f 2273/2273 2210/2210 2209/2209
f 2274/2274 2211/2211 2210/2210
f 2275/2275 2212/2212 2211/2211
f 2276/2276 2213/2213 2212/2212
f 2277/2277 2214/2214 2213/2213
f 2278/2278 2215/2215 2214/2214
f 2279/2279 2216/2216 2215/2215
f 2280/2280 2217/2217 2216/2216
f 2281/2281 2218/2218 2217/2217
f 2282/2282 2219/2219 2218/2218
f 2283/2283 2220/2220 2219/2219
f 2284/2284 2221/2221 2220/2220
f 2285/2285 2222/2222 2221/2221
f 2286/2286 2223/2223 2222/2222
f 2287/2287 2224/2224 2223/2223
f 2288/2288 2225/2225 2224/2224
f 2289/2289 2226/2226 2225/2225
f 2290/2290 2227/2227 2226/2226
f 2291/2291 2228/2228 2227/2227
f 2292/2292 2229/2229 2228/2228
f 2293/2293 2230/2230 2229/2229
f 2294/2294 2231/2231 2230/2230
f 2295/2295 2232/2232 2231/2231
f 2296/2296 2233/2233 2232/2232
f 2297/2297 2234/2234 2233/2233
f 2298/2298 2235/2235 2234/2234
f 2299/2299 2236/2236 2235/2235
f 2300/2300 2237/2237 2236/2236
f 2301/2301 2238/2238 2237/2237
f 2302/2302 2239/2239 2238/2238
f 2303/2303 2240/2240 2239/2239
f 2305/2305 2242/2242 2241/2241
f 2306/2306 2243/2243 2242/2242
f 2307/2307 2244/2244 2243/2243
f 2308/2308 2245/2245 2244/2244
f 2309/2309 2246/2246 2245/2245
f 2310/2310 2247/2247 2246/2246
f 2311/2311 2248/2248 2247/2247
f 2312/2312 2249/2249 2248/2248
f 2313/2313 2250/2250 2249/2249
f 2314/2314 2251/2251 2250/2250
f 2315/2315 2252/2252 2251/2251
f 2316/2316 2253/2253 2252/2252
f 2317/2317 2254/2254 2253/2253
f 2318/2318 2255/2255 2254/2254
f 2319/2319 2256/2256 2255/2255
f 2320/2320 2257/2257 2256/2256
f 2321/2321 2258/2258 2257/2257
f 2322/2322 2259/2259 2258/2258
f 2323/2323 2260/2260 2259/2259
f 2324/2324 2261/2261 2260/2260
f 2325/2325 2262/2262 2261/2261
f 2326/2326 2263/2263 2262/2262
f 2327/2327 2264/2264 2263/2263
f 2328/2328 2265/2265 2264/2264
f 2329/2329 2266/2266 2265/2265
f 2330/2330 2267/2267 2266/2266
f 2331/2331 2268/2268 2267/2267
f 2332/2332 2269/2269 2268/2268
f 2333/2333 2270/2270 2269/2269
f 2334/2334 2271/2271 2270/2270
f 2335/2335 2272/2272 2271/2271
f 2336/2336 2273/2273 2272/2272
f 2337/2337 2274/2274 2273/2273
f 2338/2338 2275/2275 2274/2274
f 2339/2339 2276/2276 2275/2275
f 2340/2340 2277/2277 2276/2276
f 2341/2341 2278/2278 2277/2277
f 2342/2342 2279/2279 2278/2278
f 2343/2343 2280/2280 2279/2279
f 2344/2344 2281/2281 2280/2280
f 2345/2345 2282/2282 2281/2281
f 2346/2346 2283/2283 2282/2282
f 2347/2347 2284/2284 2283/2283
f 2348/2348 2285/2285 2284/2284
f 2349/2349 2286/2286 2285/2285
f 2350/2350 2287/2287 2286/2286
f 2351/2351 2288/2288 2287/2287
f 2352/2352 2289/2289 2288/2288
f 2353/2353 2290/2290 2289/2289
f 2354/2354 2291/2291 2290/2290
f 2355/2355 2292/2292 2291/2291
f 2356/2356 2293/2293 2292/2292
f 2357/2357 2294/2294 2293/2293
f 2358/2358 2295/2295 2294/2294
f 2359/2359 2296/2296 2295/2295
f 2360/2360 2297/2297 2296/2296
f 2361/2361 2298/2298 2297/2297
f 2362/2362 2299/2299 2298/2298
f 2363/2363 2300/2300 2299/2299
f 2364/2364 2301/2301 2300/2300
f 2365/2365 2302/2302 2301/2301
f 2366/2366 2303/2303 2302/2302
f 2367/2367 2304/2304 2303/2303
f 2369/2369 2306/2306 2305/2305
f 2370/2370 2307/2307 2306/2306
f 2371/2371 2308/2308 2307/2307
f 2372/2372 2309/2309 2308/2308
f 2373/2373 2310/2310 2309/2309
f 2374/2374 2311/2311 2310/2310
f 2375/2375 2312/2312 2311/2311
f 2376/2376 2313/2313 2312/2312
f 2377/2377 2314/2314 2313/2313
f 2378/2378 2315/2315 2314/2314
f 2379/2379 2316/2316 2315/2315
f 2380/2380 2317/2317 2316/2316
f 2381/2381 2318/2318 2317/2317
f 2382/2382 2319/2319 2318/2318
f 2383/2383 2320/2320 2319/2319
f 2384/2384 2321/2321 2320/2320
f 2385/2385 2322/2322 2321/2321
f 2386/2386 2323/2323 2322/2322
f 2387/2387 2324/2324 2323/2323
f 2388/2388 2325/2325 2324/2324
f 2389/2389 2326/2326 2325/2325
f 2390/2390 2327/2327 2326/2326
f 2391/2391 2328/2328 2327/2327
f 2392/2392 2329/2329 2328/2328
f 2393/2393 2330/2330 2329/2329
f 2394/2394 2331/2331 2330/2330
f 2395/2395 2332/2332 2331/2331
f 2396/2396 2333/2333 2332/2332
f 2397/2397 2334/2334 2333/2333
f 2398/2398 2335/2335 2334/2334
f 2399/2399 2336/2336 2335/2335
f 2400/2400 2337/2337 2336/2336
f 2401/2401 2338/2338 2337/2337
f 2402/2402 2339/2339 2338/2338
f 2403/2403 2340/2340 2339/2339
f 2404/2404 2341/2341 2340/2340
f 2405/2405 2342/2342 2341/2341
f 2406/2406 2343/2343 2342/2342
f 2407/2407 2344/2344 2343/2343
f 2408/2408 2345/2345 2344/2344
f 2409/2409 2346/2346 2345/2345
f 2410/2410 2347/2347 2346/2346
f 2411/2411 2348/2348 2347/2347
f 2412/2412 2349/2349 2348/2348
f 2413/2413 2350/2350 2349/2349
f 2414/2414 2351/2351 2350/2350
f 2415/2415 2352/2352 2351/2351
f 2416/2416 2353/2353 2352/2352
f 2417/2417 2354/2354 2353/2353
f 2418/2418 2355/2355 2354/2354
f 2419/2419 2356/2356 2355/2355
f 2420/2420 2357/2357 2356/2356
f 2421/2421 2358/2358 2357/2357
f 2422/2422 2359/2359 2358/2358
f 2423/2423 2360/2360 2359/2359
f 2424/2424 2361/2361 2360/2360
f 2425/2425 2362/2362 2361/2361
f 2426/2426 2363/2363 2362/2362
f 2427/2427 2364/2364 2363/2363
f 2428/2428 2365/2365 2364/2364
f 2429/2429 2366/2366 2365/2365
f 2430/2430 2367/2367 2366/2366
f 2431/2431 2368/2368 2367/2367
f 2433/2433 2370/2370 2369/2369
f 2434/2434 2371/2371 2370/2370
f 2435/2435 2372/2372 2371/2371
f 2436/2436 2373/2373 2372/2372
f 2437/2437 2374/2374 2373/2373
f 2438/2438 2375/2375 2374/2374
f 2439/2439 2376/2376 2375/2375
f 2440/2440 2377/2377 2376/2376
f 2441/2441 2378/2378 2377/2377
f 2442/2442 2379/2379 2378/2378
f 2443/2443 2380/2380 2379/2379
f 2444/2444 2381/2381 2380/2380
f 2445/2445 2382/2382 2381/2381
f 2446/2446 2383/2383 2382/2382
f 2447/2447 2384/2384 2383/2383
f 2448/2448 2385/2385 2384/2384
f 2449/2449 2386/2386 2385/2385
f 2450/2450 2387/2387 2386/2386
f 2451/2451 2388/2388 2387/2387
f 2452/2452 2389/2389 2388/2388
f 2453/2453 2390/2390 2389/2389
f 2454/2454 2391/2391 2390/2390
f 2455/2455 2392/2392 2391/2391
f 2456/2456 2393/2393 2392/2392
f 2457/2457 2394/2394 2393/2393
f 2458/2458 2395/2395 2394/2394
f 2459/2459 2396/2396 2395/2395
f 2460/2460 2397/2397 2396/2396
f 2461/2461 2398/2398 2397/2397
f 2462/2462 2399/2399 2398/2398
f 2463/2463 2400/2400 2399/2399
f 2464/2464 2401/2401 2400/2400
f 2465/2465 2402/2402 2401/2401
f 2466/2466 2403/2403 2402/2402
f 2467/2467 2404/2404 2403/2403
f 2468/2468 2405/2405 2404/2404
f 2469/2469 2406/2406 2405/2405
f 2470/2470 2407/2407 2406/2406
f 2471/2471 2408/2408 2407/2407
f 2472/2472 2409/2409 2408/2408
f 2473/2473 2410/2410 2409/2409
f 2474/2474 2411/2411 2410/2410
f 2475/2475 2412/2412 2411/2411
f 2476/2476 2413/2413 2412/2412
f 2477/2477 2414/2414 2413/2413
f 2478/2478 2415/2415 2414/2414
f 2479/2479 2416/2416 2415/2415
f 2480/2480 2417/2417 2416/2416
f 2481/2481 2418/2418 2417/2417
f 2482/2482 2419/2419 2418/2418
f 2483/2483 2420/2420 2419/2419
f 2484/2484 2421/2421 2420/2420
f 2485/2485 2422/2422 2421/2421
f 2486/2486 2423/2423 2422/2422
f 2487/2487 2424/2424 2423/2423
f 2488/2488 2425/2425 2424/2424
f 2489/2489 2426/2426 2425/2425
f 2490/2490 2427/2427 2426/2426
f 2491/2491 2428/2428 2427/2427
f 2492/2492 2429/2429 2428/2428
f 2493/2493 2430/2430 2429/2429
f 2494/2494 2431/2431 2430/2430
f 2495/2495 2432/2432 2431/2431
f 2497/2497 2434/2434 2433/2433
f 2498/2498 2435/2435 2434/2434
f 2499/2499 2436/2436 2435/2435
f 2500/2500 2437/2437 2436/2436
f 2501/2501 2438/2438 2437/2437
f 2502/2502 2439/2439 2438/2438
f 2503/2503 2440/2440 2439/2439
f 2504/2504 2441/2441 2440/2440
f 2505/2505 2442/2442 2441/2441
f 2506/2506 2443/2443 2442/2442
f 2507/2507 2444/2444 2443/2443
f 2508/2508 2445/2445 2444/2444
f 2509/2509 2446/2446 2445/2445
f 2510/2510 2447/2447 2446/2446
f 2511/2511 2448/2448 2447/2447
f 2512/2512 2449/2449 2448/2448
f 2513/2513 2450/2450 2449/2449
f 2514/2514 2451/2451 2450/2450
f 2515/2515 2452/2452 2451/2451
f 2516/2516 2453/2453 2452/2452
f 2517/2517 2454/2454 2453/2453
f 2518/2518 2455/2455 2454/2454
f 2519/2519 2456/2456 2455/2455
f 2520/2520 2457/2457 2456/2456
f 2521/2521 2458/2458 2457/2457
f 2522/2522 2459/2459 2458/2458
f 2523/2523 2460/2460 2459/2459
f 2524/2524 2461/2461 2460/2460
f 2525/2525 2462/2462 2461/2461
f 2526/2526 2463/2463 2462/2462
f 2527/2527 2464/2464 2463/2463
f 2528/2528 2465/2465 2464/2464
f 2529/2529 2466/2466 2465/2465
f 2530/2530 2467/2467 2466/2466
f 2531/2531 2468/2468 2467/2467
f 2532/2532 2469/2469 2468/2468
f 2533/2533 2470/2470 2469/2469
f 2534/2534 2471/2471 2470/2470
f 2535/2535 2472/2472 2471/2471
f 2536/2536 2473/2473 2472/2472
f 2537/2537 2474/2474 2473/2473
f 2538/2538 2475/2475 2474/2474
f 2539/2539 2476/2476 2475/2475
f 2540/2540 2477/2477 2476/2476
f 2541/2541 2478/2478 2477/2477
f 2542/2542 2479/2479 2478/2478
f 2543/2543 2480/2480 2479/2479
f 2544/2544 2481/2481 2480/2480
f 2545/2545 2482/2482 2481/2481
f 2546/2546 2483/2483 2482/2482
f 2547/2547 2484/2484 2483/2483
f 2548/2548 2485/2485 2484/2484
f 2549/2549 2486/2486 2485/2485
f 2550/2550 2487/2487 2486/2486
f 2551/2551 2488/2488 2487/2487
f 2552/2552 2489/2489 2488/2488
f 2553/2553 2490/2490 2489/2489
f 2554/2554 2491/2491 2490/2490
f 2555/2555 2492/2492 2491/2491
f 2556/2556 2493/2493 2492/2492
f 2557/2557 2494/2494 2493/2493
f 2558/2558 2495/2495 2494/2494
f 2559/2559 2496/2496 2495/2495
f 2561/2561 2498/2498 2497/2497
f 2562/2562 2499/2499 2498/2498
f 2563/2563 2500/2500 2499/2499
f 2564/2564 2501/2501 2500/2500
f 2565/2565 2502/2502 2501/2501
f 2566/2566 2503/2503 2502/2502
f 2567/2567 2504/2504 2503/2503
f 2568/2568 2505/2505 2504/2504
f 2569/2569 2506/2506 2505/2505
f 2570/2570 2507/2507 2506/2506
f 2571/2571 2508/2508 2507/2507
f 2572/2572 2509/2509 2508/2508
f 2573/2573 2510/2510 2509/2509
f 2574/2574 2511/2511 2510/2510
f 2575/2575 2512/2512 2511/2511
f 2576/2576 2513/2513 2512/2512
f 2577/2577 2514/2514 2513/2513
f 2578/2578 2515/2515 2514/2514
f 2579/2579 2516/2516 2515/2515
f 2580/2580 2517/2517 2516/2516
f 2581/2581 2518/2518 2517/2517
f 2582/2582 2519/2519 2518/2518
f 2583/2583 2520/2520 2519/2519
f 2584/2584 2521/2521 2520/2520
f 2585/2585 2522/2522 2521/2521
f 2586/2586 2523/2523 2522/2522
f 2587/2587 2524/2524 2523/2523
f 2588/2588 2525/2525 2524/2524
f 2589/2589 2526/2526 2525/2525
f 2590/2590 2527/2527 2526/2526
f 2591/2591 2528/2528 2527/2527
f 2592/2592 2529/2529 2528/2528
f 2593/2593 2530/2530 2529/2529
f 2594/2594 2531/2531 2530/2530
f 2595/2595 2532/2532 2531/2531
f 2596/2596 2533/2533 2532/2532
f 2597/2597 2534/2534 2533/2533
f 2598/2598 2535/2535 2534/2534
f 2599/2599 2536/2536 2535/2535
f 2600/2600 2537/2537 2536/2536
f 2601/2601 2538/2538 2537/2537
f 2602/2602 2539/2539 2538/2538
f 2603/2603 2540/2540 2539/2539
f 2604/2604 2541/2541 2540/2540
f 2605/2605 2542/2542 2541/2541
f 2606/2606 2543/2543 2542/2542
f 2607/2607 2544/2544 2543/2543
f 2608/2608 2545/2545 2544/2544
f 2609/2609 2546/2546 2545/2545
f 2610/2610 2547/2547 2546/2546
f 2611/2611 2548/2548 2547/2547
f 2612/2612 2549/2549 2548/2548
f 2613/2613 2550/2550 2549/2549
f 2614/2614 2551/2551 2550/2550
f 2615/2615 2552/2552 2551/2551
f 2616/2616 2553/2553 2552/2552
f 2617/2617 2554/2554 2553/2553
f 2618/2618 2555/2555 2554/2554
f 2619/2619 2556/2556 2555/2555
f 2620/2620 2557/2557 2556/2556
f 2621/2621 2558/2558 2557/2557
f 2622/2622 2559/2559 2558/2558
f 2623/2623 2560/2560 2559/2559
f 2625/2625 2562/2562 2561/2561
f 2626/2626 2563/2563 2562/2562
f 2627/2627 2564/2564 2563/2563
f 2628/2628 2565/2565 2564/2564
f 2629/2629 2566/2566 2565/2565
f 2630/2630 2567/2567 2566/2566
f 2631/2631 2568/2568 2567/2567
f 2632/2632 2569/2569 2568/2568
f 2633/2633 2570/2570 2569/2569
f 2634/2634 2571/2571 2570/2570
f 2635/2635 2572/2572 2571/2571
f 2636/2636 2573/2573 2572/2572
f 2637/2637 2574/2574 2573/2573
f 2638/2638 2575/2575 2574/2574
f 2639/2639 2576/2576 2575/2575
f 2640/2640 2577/2577 2576/2576
f 2641/2641 2578/2578 2577/2577
f 2642/2642 2579/2579 2578/2578
f 2643/2643 2580/2580 2579/2579
f 2644/2644 2581/2581 2580/2580
f 2645/2645 2582/2582 2581/2581
f 2646/2646 2583/2583 2582/2582
f 2647/2647 2584/2584 2583/2583
f 2648/2648 2585/2585 2584/2584
f 2649/2649 2586/2586 2585/2585
f 2650/2650 2587/2587 2586/2586
f 2651/2651 2588/2588 2587/2587
f 2652/2652 2589/2589 2588/2588
f 2653/2653 2590/2590 2589/2589
f 2654/2654 2591/2591 2590/2590
f 2655/2655 2592/2592 2591/2591
f 2656/2656 2593/2593 2592/2592
f 2657/2657 2594/2594 2593/2593
f 2658/2658 2595/2595 2594/2594
f 2659/2659 2596/2596 2595/2595
f 2660/2660 2597/2597 2596/2596
f 2661/2661 2598/2598 2597/2597
f 2662/2662 2599/2599 2598/2598
f 2663/2663 2600/2600 2599/2599
f 2664/2664 2601/2601 2600/2600
f 2665/2665 2602/2602 2601/2601
f 2666/2666 2603/2603 2602/2602
f 2667/2667 2604/2604 2603/2603
f 2668/2668 2605/2605 2604/2604
f 2669/2669 2606/2606 2605/2605
f 2670/2670 2607/2607 2606/2606
f 2671/2671 2608/2608 2607/2607
f 2672/2672 2609/2609 2608/2608
f 2673/2673 2610/2610 2609/2609
f 2674/2674 2611/2611 2610/2610
f 2675/2675 2612/2612 2611/2611
f 2676/2676 2613/2613 2612/2612
f 2677/2677 2614/2614 2613/2613
f 2678/2678 2615/2615 2614/2614
f 2679/2679 2616/2616 2615/2615
f 2680/2680 2617/2617 2616/2616
f 2681/2681 2618/2618 2617/2617
f 2682/2682 2619/2619 2618/2618
f 2683/2683 2620/2620 2619/2619
f 2684/2684 2621/2621 2620/2620
f 2685/2685 2622/2622 2621/2621
f 2686/2686 2623/2623 2622/2622
f 2687/2687 2624/2624 2623/2623
f 2689/2689 2626/2626 2625/2625
f 2690/2690 2627/2627 2626/2626
f 2691/2691 2628/2628 2627/2627
f 2692/2692 2629/2629 2628/2628
f 2693/2693 2630/2630 2629/2629
f 2694/2694 2631/2631 2630/2630
f 2695/2695 2632/2632 2631/2631
f 2696/2696 2633/2633 2632/2632
f 2697/2697 2634/2634 2633/2633
f 2698/2698 2635/2635 2634/2634
f 2699/2699 2636/2636 2635/2635
f 2700/2700 2637/2637 2636/2636
f 2701/2701 2638/2638 2637/2637
f 2702/2702 2639/2639 2638/2638
f 2703/2703 2640/2640 2639/2639
f 2704/2704 2641/2641 2640/2640
f 2705/2705 2642/2642 2641/2641
f 2706/2706 2643/2643 2642/2642
f 2707/2707 2644/2644 2643/2643
f 2708/2708 2645/2645 2644/2644
f 2709/2709 2646/2646 2645/2645
f 2710/2710 2647/2647 2646/2646
f 2711/2711 2648/2648 2647/2647
f 2712/2712 2649/2649 2648/2648
f 2713/2713 2650/2650 2649/2649
f 2714/2714 2651/2651 2650/2650
f 2715/2715 2652/2652 2651/2651
f 2716/2716 2653/2653 2652/2652
f 2717/2717 2654/2654 2653/2653
f 2718/2718 2655/2655 2654/2654
f 2719/2719 2656/2656 2655/2655
f 2720/2720 2657/2657 2656/2656
f 2721/2721 2658/2658 2657/2657
f 2722/2722 2659/2659 2658/2658
f 2723/2723 2660/2660 2659/2659
f 2724/2724 2661/2661 2660/2660
f 2725/2725 2662/2662 2661/2661
f 2726/2726 2663/2663 2662/2662
f 2727/2727 2664/2664 2663/2663
f 2728/2728 2665/2665 2664/2664
f 2729/2729 2666/2666 2665/2665
f 2730/2730 2667/2667 2666/2666
f 2731/2731 2668/2668 2667/2667
f 2732/2732 2669/2669 2668/2668
f 2733/2733 2670/2670 2669/2669
f 2734/2734 2671/2671 2670/2670
f 2735/2735 2672/2672 2671/2671
f 2736/2736 2673/2673 2672/2672
f 2737/2737 2674/2674 2673/2673
f 2738/2738 2675/2675 2674/2674
f 2739/2739 2676/2676 2675/2675
f 2740/2740 2677/2677 2676/2676
f 2741/2741 2678/2678 2677/2677
f 2742/2742 2679/2679 2678/2678
f 2743/2743 2680/2680 2679/2679
f 2744/2744 2681/2681 2680/2680
f 2745/2745 2682/2682 2681/2681
f 2746/2746 2683/2683 2682/2682
f 2747/2747 2684/2684 2683/2683
f 2748/2748 2685/2685 2684/2684
f 2749/2749 2686/2686 2685/2685
f 2750/2750 2687/2687 2686/2686
f 2751/2751 2688/2688 2687/2687
f 2753/2753 2690/2690 2689/2689
f 2754/2754 2691/2691 2690/2690
f 2755/2755 2692/2692 2691/2691
f 2756/2756 2693/2693 2692/2692
f 2757/2757 2694/2694 2693/2693
f 2758/2758 2695/2695 2694/2694
f 2759/2759 2696/2696 2695/2695
f 2760/2760 2697/2697 2696/2696
f 2761/2761 2698/2698 2697/2697
f 2762/2762 2699/2699 2698/2698
f 2763/2763 2700/2700 2699/2699
f 2764/2764 2701/2701 2700/2700
f 2765/2765 2702/2702 2701/2701
f 2766/2766 2703/2703 2702/2702
f 2767/2767 2704/2704 2703/2703
f 2768/2768 2705/2705 2704/2704
f 2769/2769 2706/2706 2705/2705
f 2770/2770 2707/2707 2706/2706
f 2771/2771 2708/2708 2707/2707
f 2772/2772 2709/2709 2708/2708
f 2773/2773 2710/2710 2709/2709
f 2774/2774 2711/2711 2710/2710
f 2775/2775 2712/2712 2711/2711
f 2776/2776 2713/2713 2712/2712
f 2777/2777 2714/2714 2713/2713
f 2778/2778 2715/2715 2714/2714
f 2779/2779 2716/2716 2715/2715
f 2780/2780 2717/2717 2716/2716
f 2781/2781 2718/2718 2717/2717
f 2782/2782 2719/2719 2718/2718
f 2783/2783 2720/2720 2719/2719
f 2784/2784 2721/2721 2720/2720
f 2785/2785 2722/2722 2721/2721
f 2786/2786 2723/2723 2722/2722
f 2787/2787 2724/2724 2723/2723
f 2788/2788 2725/2725 2724/2724
f 2789/2789 2726/2726 2725/2725
f 2790/2790 2727/2727 2726/2726
f 2791/2791 2728/2728 2727/2727
f 2792/2792 2729/2729 2728/2728
f 2793/2793 2730/2730 2729/2729
f 2794/2794 2731/2731 2730/2730
f 2795/2795 2732/2732 2731/2731
f 2796/2796 2733/2733 2732/2732
f 2797/2797 2734/2734 2733/2733
f 2798/2798 2735/2735 2734/2734
f 2799/2799 2736/2736 2735/2735
f 2800/2800 2737/2737 2736/2736
f 2801/2801 2738/2738 2737/2737
f 2802/2802 2739/2739 2738/2738
f 2803/2803 2740/2740 2739/2739
f 2804/2804 2741/2741 2740/2740
f 2805/2805 2742/2742 2741/2741
f 2806/2806 2743/2743 2742/2742
f 2807/2807 2744/2744 2743/2743
f 2808/2808 2745/2745 2744/2744
f 2809/2809 2746/2746 2745/2745
f 2810/2810 2747/2747 2746/2746
f 2811/2811 2748/2748 2747/2747
f 2812/2812 2749/2749 2748/2748
f 2813/2813 2750/2750 2749/2749
f 2814/2814 2751/2751 2750/2750
f 2815/2815 2752/2752 2751/2751
f 2817/2817 2754/2754 2753/2753
f 2818/2818 2755/2755 2754/2754
f 2819/2819 2756/2756 2755/2755
f 2820/2820 2757/2757 2756/2756
f 2821/2821 2758/2758 2757/2757
f 2822/2822 2759/2759 2758/2758
f 2823/2823 2760/2760 2759/2759
f 2824/2824 2761/2761 2760/2760
f 2825/2825 2762/2762 2761/2761
f 2826/2826 2763/2763 2762/2762
f 2827/2827 2764/2764 2763/2763
f 2828/2828 2765/2765 2764/2764
f 2829/2829 2766/2766 2765/2765
f 2830/2830 2767/2767 2766/2766
f 2831/2831 2768/2768 2767/2767
f 2832/2832 2769/2769 2768/2768
f 2833/2833 2770/2770 2769/2769
f 2834/2834 2771/2771 2770/2770
f 2835/2835 2772/2772 2771/2771
f 2836/2836 2773/2773 2772/2772
f 2837/2837 2774/2774 2773/2773
f 2838/2838 2775/2775 2774/2774
f 2839/2839 2776/2776 2775/2775
f 2840/2840 2777/2777 2776/2776
f 2841/2841 2778/2778 2777/2777
f 2842/2842 2779/2779 2778/2778
f 2843/2843 2780/2780 2779/2779
f 2844/2844 2781/2781 2780/2780
f 2845/2845 2782/2782 2781/2781
f 2846/2846 2783/2783 2782/2782
f 2847/2847 2784/2784 2783/2783
f 2848/2848 2785/2785 2784/2784
f 2849/2849 2786/2786 2785/2785
f 2850/2850 2787/2787 2786/2786
f 2851/2851 2788/2788 2787/2787
f 2852/2852 2789/2789 2788/2788
f 2853/2853 2790/2790 2789/2789
f 2854/2854 2791/2791 2790/2790
f 2855/2855 2792/2792 2791/2791
f 2856/2856 2793/2793 2792/2792
f 2857/2857 2794/2794 2793/2793
f 2858/2858 2795/2795 2794/2794
f 2859/2859 2796/2796 2795/2795
f 2860/2860 2797/2797 2796/2796
f 2861/2861 2798/2798 2797/2797
f 2862/2862 2799/2799 2798/2798
f 2863/2863 2800/2800 2799/2799
f 2864/2864 2801/2801 2800/2800
f 2865/2865 2802/2802 2801/2801
f 2866/2866 2803/2803 2802/2802
f 2867/2867 2804/2804 2803/2803
f 2868/2868 2805/2805 2804/2804
f 2869/2869 2806/2806 2805/2805
f 2870/2870 2807/2807 2806/2806
f 2871/2871 2808/2808 2807/2807
f 2872/2872 2809/2809 2808/2808
f 2873/2873 2810/2810 2809/2809
f 2874/2874 2811/2811 2810/2810
f 2875/2875 2812/2812 2811/2811
f 2876/2876 2813/2813 2812/2812
f 2877/2877 2814/2814 2813/2813
f 2878/2878 2815/2815 2814/2814
f 2879/2879 2816/2816 2815/2815
f 2881/2881 2818/2818 2817/2817
f 2882/2882 2819/2819 2818/2818
f 2883/2883 2820/2820 2819/2819
f 2884/2884 2821/2821 2820/2820
f 2885/2885 2822/2822 2821/2821
f 2886/2886 2823/2823 2822/2822
f 2887/2887 2824/2824 2823/2823
f 2888/2888 2825/2825 2824/2824
f 2889/2889 2826/2826 2825/2825
f 2890/2890 2827/2827 2826/2826
f 2891/2891 2828/2828 2827/2827
f 2892/2892 2829/2829 2828/2828
f 2893/2893 2830/2830 2829/2829
f 2894/2894 2831/2831 2830/2830
f 2895/2895 2832/2832 2831/2831
f 2896/2896 2833/2833 2832/2832
f 2897/2897 2834/2834 2833/2833
f 2898/2898 2835/2835 2834/2834
f 2899/2899 2836/2836 2835/2835
f 2900/2900 2837/2837 2836/2836
f 2901/2901 2838/2838 2837/2837
f 2902/2902 2839/2839 2838/2838
f 2903/2903 2840/2840 2839/2839
f 2904/2904 2841/2841 2840/2840
f 2905/2905 2842/2842 2841/2841
f 2906/2906 2843/2843 2842/2842
f 2907/2907 2844/2844 2843/2843
f 2908/2908 2845/2845 2844/2844
f 2909/2909 2846/2846 2845/2845
f 2910/2910 2847/2847 2846/2846
f 2911/2911 2848/2848 2847/2847
f 2912/2912 2849/2849 2848/2848
f 2913/2913 2850/2850 2849/2849
f 2914/2914 2851/2851 2850/2850
f 2915/2915 2852/2852 2851/2851
f 2916/2916 2853/2853 2852/2852
f 2917/2917 2854/2854 2853/2853
f 2918/2918 2855/2855 2854/2854
f 2919/2919 2856/2856 2855/2855
f 2920/2920 2857/2857 2856/2856
f 2921/2921 2858/2858 2857/2857
f 2922/2922 2859/2859 2858/2858
f 2923/2923 2860/2860 2859/2859
f 2924/2924 2861/2861 2860/2860
f 2925/2925 2862/2862 2861/2861
f 2926/2926 2863/2863 2862/2862
f 2927/2927 2864/2864 2863/2863
f 2928/2928 2865/2865 2864/2864
f 2929/2929 2866/2866 2865/2865
f 2930/2930 2867/2867 2866/2866
f 2931/2931 2868/2868 2867/2867
f 2932/2932 2869/2869 2868/2868
f 2933/2933 2870/2870 2869/2869
f 2934/2934 2871/2871 2870/2870
f 2935/2935 2872/2872 2871/2871
f 2936/2936 2873/2873 2872/2872
f 2937/2937 2874/2874 2873/2873
f 2938/2938 2875/2875 2874/2874
f 2939/2939 2876/2876 2875/2875
f 2940/2940 2877/2877 2876/2876
f 2941/2941 2878/2878 2877/2877
f 2942/2942 2879/2879 2878/2878
f 2943/2943 2880/2880 2879/2879
f 2945/2945 2882/2882 2881/2881
f 2946/2946 2883/2883 2882/2882
f 2947/2947 2884/2884 2883/2883
f 2948/2948 2885/2885 2884/2884
f 2949/2949 2886/2886 2885/2885
f 2950/2950 2887/2887 2886/2886
f 2951/2951 2888/2888 2887/2887
f 2952/2952 2889/2889 2888/2888
f 2953/2953 2890/2890 2889/2889
f 2954/2954 2891/2891 2890/2890
f 2955/2955 2892/2892 2891/2891
f 2956/2956 2893/2893 2892/2892
f 2957/2957 2894/2894 2893/2893
f 2958/2958 2895/2895 2894/2894
f 2959/2959 2896/2896 2895/2895
f 2960/2960 2897/2897 2896/2896
f 2961/2961 2898/2898 2897/2897
f 2962/2962 2899/2899 2898/2898
f 2963/2963 2900/2900 2899/2899
f 2964/2964 2901/2901 2900/2900
f 2965/2965 2902/2902 2901/2901
f 2966/2966 2903/2903 2902/2902
f 2967/2967 2904/2904 2903/2903
f 2968/2968 2905/2905 2904/2904
f 2969/2969 2906/2906 2905/2905
f 2970/2970 2907/2907 2906/2906
f 2971/2971 2908/2908 2907/2907
f 2972/2972 2909/2909 2908/2908
f 2973/2973 2910/2910 2909/2909
f 2974/2974 2911/2911 2910/2910
f 2975/2975 2912/2912 2911/2911
f 2976/2976 2913/2913 2912/2912
f 2977/2977 2914/2914 2913/2913
f 2978/2978 2915/2915 2914/2914
f 2979/2979 2916/2916 2915/2915
f 2980/2980 2917/2917 2916/2916
f 2981/2981 2918/2918 2917/2917
f 2982/2982 2919/2919 2918/2918
f 2983/2983 2920/2920 2919/2919
f 2984/2984 2921/2921 2920/2920
f 2985/2985 2922/2922 2921/2921
f 2986/2986 2923/2923 2922/2922
f 2987/2987 2924/2924 2923/2923
f 2988/2988 2925/2925 2924/2924
f 2989/2989 2926/2926 2925/2925
f 2990/2990 2927/2927 2926/2926
f 2991/2991 2928/2928 2927/2927
f 2992/2992 2929/2929 2928/2928
f 2993/2993 2930/2930 2929/2929
f 2994/2994 2931/2931 2930/2930
f 2995/2995 2932/2932 2931/2931
f 2996/2996 2933/2933 2932/2932
f 2997/2997 2934/2934 2933/2933
f 2998/2998 2935/2935 2934/2934
f 2999/2999 2936/2936 2935/2935
f 3000/3000 2937/2937 2936/2936
f 3001/3001 2938/2938 2937/2937
f 3002/3002 2939/2939 2938/2938
f 3003/3003 2940/2940 2939/2939
f 3004/3004 2941/2941 2940/2940
f 3005/3005 2942/2942 2941/2941
f 3006/3006 2943/2943 2942/2942
f 3007/3007 2944/2944 2943/2943
f 3009/3009 2946/2946 2945/2945
f 3010/3010 2947/2947 2946/2946
f 3011/3011 2948/2948 2947/2947
f 3012/3012 2949/2949 2948/2948
f 3013/3013 2950/2950 2949/2949
f 3014/3014 2951/2951 2950/2950
f 3015/3015 2952/2952 2951/2951
f 3016/3016 2953/2953 2952/2952
f 3017/3017 2954/2954 2953/2953
f 3018/3018 2955/2955 2954/2954
f 3019/3019 2956/2956 2955/2955
f 3020/3020 2957/2957 2956/2956
f 3021/3021 2958/2958 2957/2957
f 3022/3022 2959/2959 2958/2958
f 3023/3023 2960/2960 2959/2959
f 3024/3024 2961/2961 2960/2960
f 3025/3025 2962/2962 2961/2961
f 3026/3026 2963/2963 2962/2962
f 3027/3027 2964/2964 2963/2963
f 3028/3028 2965/2965 2964/2964
f 3029/3029 2966/2966 2965/2965
f 3030/3030 2967/2967 2966/2966
f 3031/3031 2968/2968 2967/2967
f 3032/3032 2969/2969 2968/2968
f 3033/3033 2970/2970 2969/2969
f 3034/3034 2971/2971 2970/2970
f 3035/3035 2972/2972 2971/2971
f 3036/3036 2973/2973 2972/2972
f 3037/3037 2974/2974 2973/2973
f 3038/3038 2975/2975 2974/2974
f 3039/3039 2976/2976 2975/2975
f 3040/3040 2977/2977 2976/2976
f 3041/3041 2978/2978 2977/2977
f 3042/3042 2979/2979 2978/2978
f 3043/3043 2980/2980 2979/2979
f 3044/3044 2981/2981 2980/2980
f 3045/3045 2982/2982 2981/2981
f 3046/3046 2983/2983 2982/2982
f 3047/3047 2984/2984 2983/2983
f 3048/3048 2985/2985 2984/2984
f 3049/3049 2986/2986 2985/2985
f 3050/3050 2987/2987 2986/2986
f 3051/3051 2988/2988 2987/2987
f 3052/3052 2989/2989 2988/2988
f 3053/3053 2990/2990 2989/2989
f 3054/3054 2991/2991 2990/2990
f 3055/3055 2992/2992 2991/2991
f 3056/3056 2993/2993 2992/2992
f 3057/3057 2994/2994 2993/2993
f 3058/3058 2995/2995 2994/2994
f 3059/3059 2996/2996 2995/2995
f 3060/3060 2997/2997 2996/2996
f 3061/3061 2998/2998 2997/2997
f 3062/3062 2999/2999 2998/2998
f 3063/3063 3000/3000 2999/2999
f 3064/3064 3001/3001 3000/3000
f 3065/3065 3002/3002 3001/3001
f 3066/3066 3003/3003 3002/3002
f 3067/3067 3004/3004 3003/3003
f 3068/3068 3005/3005 3004/3004
f 3069/3069 3006/3006 3005/3005
f 3070/3070 3007/3007 3006/3006
f 3071/3071 3008/3008 3007/3007
f 3073/3073 3010/3010 3009/3009
f 3074/3074 3011/3011 3010/3010
f 3075/3075 3012/3012 3011/3011
f 3076/3076 3013/3013 3012/3012
f 3077/3077 3014/3014 3013/3013
f 3078/3078 3015/3015 3014/3014
f 3079/3079 3016/3016 3015/3015
f 3080/3080 3017/3017 3016/3016
f 3081/3081 3018/3018 3017/3017
f 3082/3082 3019/3019 3018/3018
f 3083/3083 3020/3020 3019/3019
f 3084/3084 3021/3021 3020/3020
f 3085/3085 3022/3022 3021/3021
f 3086/3086 3023/3023 3022/3022
f 3087/3087 3024/3024 3023/3023
f 3088/3088 3025/3025 3024/3024
f 3089/3089 3026/3026 3025/3025
f 3090/3090 3027/3027 3026/3026
f 3091/3091 3028/3028 3027/3027
f 3092/3092 3029/3029 3028/3028
f 3093/3093 3030/3030 3029/3029
f 3094/3094 3031/3031 3030/3030
f 3095/3095 3032/3032 3031/3031
f 3096/3096 3033/3033 3032/3032
f 3097/3097 3034/3034 3033/3033
f 3098/3098 3035/3035 3034/3034
f 3099/3099 3036/3036 3035/3035
f 3100/3100 3037/3037 3036/3036
f 3101/3101 3038/3038 3037/3037
f 3102/3102 3039/3039 3038/3038
f 3103/3103 3040/3040 3039/3039
f 3104/3104 3041/3041 3040/3040
f 3105/3105 3042/3042 3041/3041
f 3106/3106 3043/3043 3042/3042
f 3107/3107 3044/3044 3043/3043
f 3108/3108 3045/3045 3044/3044
f 3109/3109 3046/3046 3045/3045
f 3110/3110 3047/3047 3046/3046
f 3111/3111 3048/3048 3047/3047
f 3112/3112 3049/3049 3048/3048
f 3113/3113 3050/3050 3049/3049
f 3114/3114 3051/3051 3050/3050
f 3115/3115 3052/3052 3051/3051
f 3116/3116 3053/3053 3052/3052
f 3117/3117 3054/3054 3053/3053
f 3118/3118 3055/3055 3054/3054
f 3119/3119 3056/3056 3055/3055
f 3120/3120 3057/3057 3056/3056
f 3121/3121 3058/3058 3057/3057
f 3122/3122 3059/3059 3058/3058
f 3123/3123 3060/3060 3059/3059
f 3124/3124 3061/3061 3060/3060
f 3125/3125 3062/3062 3061/3061
f 3126/3126 3063/3063 3062/3062
f 3127/3127 3064/3064 3063/3063
f 3128/3128 3065/3065 3064/3064
f 3129/3129 3066/3066 3065/3065
f 3130/3130 3067/3067 3066/3066
f 3131/3131 3068/3068 3067/3067
f 3132/3132 3069/3069 3068/3068
f 3133/3133 3070/3070 3069/3069
f 3134/3134 3071/3071 3070/3070
f 3135/3135 3072/3072 3071/3071
f 3137/3137 3074/3074 3073/3073
f 3138/3138 3075/3075 3074/3074
f 3139/3139 3076/3076 3075/3075
f 3140/3140 3077/3077 3076/3076
f 3141/3141 3078/3078 3077/3077
f 3142/3142 3079/3079 3078/3078
f 3143/3143 3080/3080 3079/3079
f 3144/3144 3081/3081 3080/3080
f 3145/3145 3082/3082 3081/3081
f 3146/3146 3083/3083 3082/3082
f 3147/3147 3084/3084 3083/3083
f 3148/3148 3085/3085 3084/3084
f 3149/3149 3086/3086 3085/3085
f 3150/3150 3087/3087 3086/3086
f 3151/3151 3088/3088 3087/3087
f 3152/3152 3089/3089 3088/3088
f 3153/3153 3090/3090 3089/3089
f 3154/3154 3091/3091 3090/3090
f 3155/3155 3092/3092 3091/3091
f 3156/3156 3093/3093 3092/3092
f 3157/3157 3094/3094 3093/3093
f 3158/3158 3095/3095 3094/3094
f 3159/3159 3096/3096 3095/3095
f 3160/3160 3097/3097 3096/3096
f 3161/3161 3098/3098 3097/3097
f 3162/3162 3099/3099 3098/3098
f 3163/3163 3100/3100 3099/3099
f 3164/3164 3101/3101 3100/3100
f 3165/3165 3102/3102 3101/3101
f 3166/3166 3103/3103 3102/3102
f 3167/3167 3104/3104 3103/3103
f 3168/3168 3105/3105 3104/3104
f 3169/3169 3106/3106 3105/3105
f 3170/3170 3107/3107 3106/3106
f 3171/3171 3108/3108 3107/3107
f 3172/3172 3109/3109 3108/3108
f 3173/3173 3110/3110 3109/3109
f 3174/3174 3111/3111 3110/3110
f 3175/3175 3112/3112 3111/3111
f 3176/3176 3113/3113 3112/3112
f 3177/3177 3114/3114 3113/3113
f 3178/3178 3115/3115 3114/3114
f 3179/3179 3116/3116 3115/3115
f 3180/3180 3117/3117 3116/3116
f 3181/3181 3118/3118 3117/3117
f 3182/3182 3119/3119 3118/3118
f 3183/3183 3120/3120 3119/3119
f 3184/3184 3121/3121 3120/3120
f 3185/3185 3122/3122 3121/3121
f 3186/3186 3123/3123 3122/3122
f 3187/3187 3124/3124 3123/3123
f 3188/3188 3125/3125 3124/3124
f 3189/3189 3126/3126 3125/3125
f 3190/3190 3127/3127 3126/3126
f 3191/3191 3128/3128 3127/3127
f 3192/3192 3129/3129 3128/3128
f 3193/3193 3130/3130 3129/3129
f 3194/3194 3131/3131 3130/3130
f 3195/3195 3132/3132 3131/3131
f 3196/3196 3133/3133 3132/3132
f 3197/3197 3134/3134 3133/3133
f 3198/3198 3135/3135 3134/3134
f 3199/3199 3136/3136 3135/3135
f 3201/3201 3138/3138 3137/3137
f 3202/3202 3139/3139 3138/3138
f 3203/3203 3140/3140 3139/3139
f 3204/3204 3141/3141 3140/3140
f 3205/3205 3142/3142 3141/3141
f 3206/3206 3143/3143 3142/3142
f 3207/3207 3144/3144 3143/3143
f 3208/3208 3145/3145 3144/3144
f 3209/3209 3146/3146 3145/3145
f 3210/3210 3147/3147 3146/3146
f 3211/3211 3148/3148 3147/3147
f 3212/3212 3149/3149 3148/3148
f 3213/3213 3150/3150 3149/3149
f 3214/3214 3151/3151 3150/3150
f 3215/3215 3152/3152 3151/3151
f 3216/3216 3153/3153 3152/3152
f 3217/3217 3154/3154 3153/3153
f 3218/3218 3155/3155 3154/3154
f 3219/3219 3156/3156 3155/3155
f 3220/3220 3157/3157 3156/3156
f 3221/3221 3158/3158 3157/3157
f 3222/3222 3159/3159 3158/3158
f 3223/3223 3160/3160 3159/3159
f 3224/3224 3161/3161 3160/3160
f 3225/3225 3162/3162 3161/3161
f 3226/3226 3163/3163 3162/3162
f 3227/3227 3164/3164 3163/3163
f 3228/3228 3165/3165 3164/3164
f 3229/3229 3166/3166 3165/3165
f 3230/3230 3167/3167 3166/3166
f 3231/3231 3168/3168 3167/3167
f 3232/3232 3169/3169 3168/3168
f 3233/3233 3170/3170 3169/3169
f 3234/3234 3171/3171 3170/3170
f 3235/3235 3172/3172 3171/3171
f 3236/3236 3173/3173 3172/3172
f 3237/3237 3174/3174 3173/3173
f 3238/3238 3175/3175 3174/3174
f 3239/3239 3176/3176 3175/3175
f 3240/3240 3177/3177 3176/3176
f 3241/3241 3178/3178 3177/3177
f 3242/3242 3179/3179 3178/3178
f 3243/3243 3180/3180 3179/3179
f 3244/3244 3181/3181 3180/3180
f 3245/3245 3182/3182 3181/3181
f 3246/3246 3183/3183 3182/3182
f 3247/3247 3184/3184 3183/3183
f 3248/3248 3185/3185 3184/3184
f 3249/3249 3186/3186 3185/3185
f 3250/3250 3187/3187 3186/3186
f 3251/3251 3188/3188 3187/3187
f 3252/3252 3189/3189 3188/3188
f 3253/3253 3190/3190 3189/3189
f 3254/3254 3191/3191 3190/3190
f 3255/3255 3192/3192 3191/3191
f 3256/3256 3193/3193 3192/3192
f 3257/3257 3194/3194 3193/3193
f 3258/3258 3195/3195 3194/3194
f 3259/3259 3196/3196 3195/3195
f 3260/3260 3197/3197 3196/3196
f 3261/3261 3198/3198 3197/3197
f 3262/3262 3199/3199 3198/3198
f 3263/3263 3200/3200 3199/3199
f 3265/3265 3202/3202 3201/3201
f 3266/3266 3203/3203 3202/3202
f 3267/3267 3204/3204 3203/3203
f 3268/3268 3205/3205 3204/3204
f 3269/3269 3206/3206 3205/3205
f 3270/3270 3207/3207 3206/3206
f 3271/3271 3208/3208 3207/3207
f 3272/3272 3209/3209 3208/3208
f 3273/3273 3210/3210 3209/3209
f 3274/3274 3211/3211 3210/3210
f 3275/3275 3212/3212 3211/3211
f 3276/3276 3213/3213 3212/3212
f 3277/3277 3214/3214 3213/3213
f 3278/3278 3215/3215 3214/3214
f 3279/3279 3216/3216 3215/3215
f 3280/3280 3217/3217 3216/3216
f 3281/3281 3218/3218 3217/3217
f 3282/3282 3219/3219 3218/3218
f 3283/3283 3220/3220 3219/3219
f 3284/3284 3221/3221 3220/3220
f 3285/3285 3222/3222 3221/3221
f 3286/3286 3223/3223 3222/3222
f 3287/3287 3224/3224 3223/3223
f 3288/3288 3225/3225 3224/3224
f 3289/3289 3226/3226 3225/3225
f 3290/3290 3227/3227 3226/3226
f 3291/3291 3228/3228 3227/3227
f 3292/3292 3229/3229 3228/3228
f 3293/3293 3230/3230 3229/3229
f 3294/3294 3231/3231 3230/3230
f 3295/3295 3232/3232 3231/3231
f 3296/3296 3233/3233 3232/3232
f 3297/3297 3234/3234 3233/3233
f 3298/3298 3235/3235 3234/3234
f 3299/3299 3236/3236 3235/3235
f 3300/3300 3237/3237 3236/3236
f 3301/3301 3238/3238 3237/3237
f 3302/3302 3239/3239 3238/3238
f 3303/3303 3240/3240 3239/3239
f 3304/3304 3241/3241 3240/3240
f 3305/3305 3242/3242 3241/3241
f 3306/3306 3243/3243 3242/3242
f 3307/3307 3244/3244 3243/3243
f 3308/3308 3245/3245 3244/3244
f 3309/3309 3246/3246 3245/3245
f 3310/3310 3247/3247 3246/3246
f 3311/3311 3248/3248 3247/3247
f 3312/3312 3249/3249 3248/3248
f 3313/3313 3250/3250 3249/3249
f 3314/3314 3251/3251 3250/3250
f 3315/3315 3252/3252 3251/3251
f 3316/3316 3253/3253 3252/3252
f 3317/3317 3254/3254 3253/3253
f 3318/3318 3255/3255 3254/3254
f 3319/3319 3256/3256 3255/3255
f 3320/3320 3257/3257 3256/3256
f 3321/3321 3258/3258 3257/3257
f 3322/3322 3259/3259 3258/3258
f 3323/3323 3260/3260 3259/3259
f 3324/3324 3261/3261 3260/3260
f 3325/3325 3262/3262 3261/3261
f 3326/3326 3263/3263 3262/3262
f 3327/3327 3264/3264 3263/3263
f 3329/3329 3266/3266 3265/3265
f 3330/3330 3267/3267 3266/3266
f 3331/3331 3268/3268 3267/3267
f 3332/3332 3269/3269 3268/3268
f 3333/3333 3270/3270 3269/3269
f 3334/3334 3271/3271 3270/3270
f 3335/3335 3272/3272 3271/3271
f 3336/3336 3273/3273 3272/3272
f 3337/3337 3274/3274 3273/3273
f 3338/3338 3275/3275 3274/3274
f 3339/3339 3276/3276 3275/3275
f 3340/3340 3277/3277 3276/3276
f 3341/3341 3278/3278 3277/3277
f 3342/3342 3279/3279 3278/3278
f 3343/3343 3280/3280 3279/3279
f 3344/3344 3281/3281 3280/3280
f 3345/3345 3282/3282 3281/3281
f 3346/3346 3283/3283 3282/3282
f 3347/3347 3284/3284 3283/3283
f 3348/3348 3285/3285 3284/3284
f 3349/3349 3286/3286 3285/3285
f 3350/3350 3287/3287 3286/3286
f 3351/3351 3288/3288 3287/3287
f 3352/3352 3289/3289 3288/3288
f 3353/3353 3290/3290 3289/3289
f 3354/3354 3291/3291 3290/3290
f 3355/3355 3292/3292 3291/3291
f 3356/3356 3293/3293 3292/3292
f 3357/3357 3294/3294 3293/3293
f 3358/3358 3295/3295 3294/3294
f 3359/3359 3296/3296 3295/3295
f 3360/3360 3297/3297 3296/3296
f 3361/3361 3298/3298 3297/3297
f 3362/3362 3299/3299 3298/3298
f 3363/3363 3300/3300 3299/3299
f 3364/3364 3301/3301 3300/3300
f 3365/3365 3302/3302 3301/3301
f 3366/3366 3303/3303 3302/3302
f 3367/3367 3304/3304 3303/3303
f 3368/3368 3305/3305 3304/3304
f 3369/3369 3306/3306 3305/3305
f 3370/3370 3307/3307 3306/3306
f 3371/3371 3308/3308 3307/3307
f 3372/3372 3309/3309 3308/3308
f 3373/3373 3310/3310 3309/3309
f 3374/3374 3311/3311 3310/3310
f 3375/3375 3312/3312 3311/3311
f 3376/3376 3313/3313 3312/3312
f 3377/3377 3314/3314 3313/3313
f 3378/3378 3315/3315 3314/3314
f 3379/3379 3316/3316 3315/3315
f 3380/3380 3317/3317 3316/3316
f 3381/3381 3318/3318 3317/3317
f 3382/3382 3319/3319 3318/3318
f 3383/3383 3320/3320 3319/3319
f 3384/3384 3321/3321 3320/3320
f 3385/3385 3322/3322 3321/3321
f 3386/3386 3323/3323 3322/3322
f 3387/3387 3324/3324 3323/3323
f 3388/3388 3325/3325 3324/3324
f 3389/3389 3326/3326 3325/3325
f 3390/3390 3327/3327 3326/3326
f 3391/3391 3328/3328 3327/3327
f 3393/3393 3330/3330 3329/3329
f 3394/3394 3331/3331 3330/3330
f 3395/3395 3332/3332 3331/3331
f 3396/3396 3333/3333 3332/3332
f 3397/3397 3334/3334 3333/3333
f 3398/3398 3335/3335 3334/3334
f 3399/3399 3336/3336 3335/3335
f 3400/3400 3337/3337 3336/3336
f 3401/3401 3338/3338 3337/3337
f 3402/3402 3339/3339 3338/3338
f 3403/3403 3340/3340 3339/3339
f 3404/3404 3341/3341 3340/3340
f 3405/3405 3342/3342 3341/3341
f 3406/3406 3343/3343 3342/3342
f 3407/3407 3344/3344 3343/3343
f 3408/3408 3345/3345 3344/3344
f 3409/3409 3346/3346 3345/3345
f 3410/3410 3347/3347 3346/3346
f 3411/3411 3348/3348 3347/3347
f 3412/3412 3349/3349 3348/3348
f 3413/3413 3350/3350 3349/3349
f 3414/3414 3351/3351 3350/3350
f 3415/3415 3352/3352 3351/3351
f 3416/3416 3353/3353 3352/3352
f 3417/3417 3354/3354 3353/3353
f 3418/3418 3355/3355 3354/3354
f 3419/3419 3356/3356 3355/3355
f 3420/3420 3357/3357 3356/3356
f 3421/3421 3358/3358 3357/3357
f 3422/3422 3359/3359 3358/3358
f 3423/3423 3360/3360 3359/3359
f 3424/3424 3361/3361 3360/3360
f 3425/3425 3362/3362 3361/3361
f 3426/3426 3363/3363 3362/3362
f 3427/3427 3364/3364 3363/3363
f 3428/3428 3365/3365 3364/3364
f 3429/3429 3366/3366 3365/3365
f 3430/3430 3367/3367 3366/3366
f 3431/3431 3368/3368 3367/3367
f 3432/3432 3369/3369 3368/3368
f 3433/3433 3370/3370 3369/3369
f 3434/3434 3371/3371 3370/3370
f 3435/3435 3372/3372 3371/3371
f 3436/3436 3373/3373 3372/3372
f 3437/3437 3374/3374 3373/3373
f 3438/3438 3375/3375 3374/3374
f 3439/3439 3376/3376 3375/3375
f 3440/3440 3377/3377 3376/3376
f 3441/3441 3378/3378 3377/3377
f 3442/3442 3379/3379 3378/3378
f 3443/3443 3380/3380 3379/3379
f 3444/3444 3381/3381 3380/3380
f 3445/3445 3382/3382 3381/3381
f 3446/3446 3383/3383 3382/3382
f 3447/3447 3384/3384 3383/3383
f 3448/3448 3385/3385 3384/3384
f 3449/3449 3386/3386 3385/3385
f 3450/3450 3387/3387 3386/3386
f 3451/3451 3388/3388 3387/3387
f 3452/3452 3389/3389 3388/3388
f 3453/3453 3390/3390 3389/3389
f 3454/3454 3391/3391 3390/3390
f 3455/3455 3392/3392 3391/3391
f 3457/3457 3394/3394 3393/3393
f 3458/3458 3395/3395 3394/3394
f 3459/3459 3396/3396 3395/3395
f 3460/3460 3397/3397 3396/3396
f 3461/3461 3398/3398 3397/3397
f 3462/3462 3399/3399 3398/3398
f 3463/3463 3400/3400 3399/3399
f 3464/3464 3401/3401 3400/3400
f 3465/3465 3402/3402 3401/3401
f 3466/3466 3403/3403 3402/3402
f 3467/3467 3404/3404 3403/3403
f 3468/3468 3405/3405 3404/3404
f 3469/3469 3406/3406 3405/3405
f 3470/3470 3407/3407 3406/3406
f 3471/3471 3408/3408 3407/3407
f 3472/3472 3409/3409 3408/3408
f 3473/3473 3410/3410 3409/3409
f 3474/3474 3411/3411 3410/3410
f 3475/3475 3412/3412 3411/3411
f 3476/3476 3413/3413 3412/3412
f 3477/3477 3414/3414 3413/3413
f 3478/3478 3415/3415 3414/3414
f 3479/3479 3416/3416 3415/3415
f 3480/3480 3417/3417 3416/3416
f 3481/3481 3418/3418 3417/3417
f 3482/3482 3419/3419 3418/3418
f 3483/3483 3420/3420 3419/3419
f 3484/3484 3421/3421 3420/3420
f 3485/3485 3422/3422 3421/3421
f 3486/3486 3423/3423 3422/3422
f 3487/3487 3424/3424 3423/3423
f 3488/3488 3425/3425 3424/3424
f 3489/3489 3426/3426 3425/3425
f 3490/3490 3427/3427 3426/3426
f 3491/3491 3428/3428 3427/3427
f 3492/3492 3429/3429 3428/3428
f 3493/3493 3430/3430 3429/3429
f 3494/3494 3431/3431 3430/3430
f 3495/3495 3432/3432 3431/3431
f 3496/3496 3433/3433 3432/3432
f 3497/3497 3434/3434 3433/3433
f 3498/3498 3435/3435 3434/3434
f 3499/3499 3436/3436 3435/3435
f 3500/3500 3437/3437 3436/3436
f 3501/3501 3438/3438 3437/3437
f 3502/3502 3439/3439 3438/3438
f 3503/3503 3440/3440 3439/3439
f 3504/3504 3441/3441 3440/3440
f 3505/3505 3442/3442 3441/3441
f 3506/3506 3443/3443 3442/3442
f 3507/3507 3444/3444 3443/3443
f 3508/3508 3445/3445 3444/3444
f 3509/3509 3446/3446 3445/3445
f 3510/3510 3447/3447 3446/3446
f 3511/3511 3448/3448 3447/3447
f 3512/3512 3449/3449 3448/3448
f 3513/3513 3450/3450 3449/3449
f 3514/3514 3451/3451 3450/3450
f 3515/3515 3452/3452 3451/3451
f 3516/3516 3453/3453 3452/3452
f 3517/3517 3454/3454 3453/3453
f 3518/3518 3455/3455 3454/3454
f 3519/3519 3456/3456 3455/3455
f 3521/3521 3458/3458 3457/3457
f 3522/3522 3459/3459 3458/3458
f 3523/3523 3460/3460 3459/3459
f 3524/3524 3461/3461 3460/3460
f 3525/3525 3462/3462 3461/3461
f 3526/3526 3463/3463 3462/3462
f 3527/3527 3464/3464 3463/3463
f 3528/3528 3465/3465 3464/3464
f 3529/3529 3466/3466 3465/3465
f 3530/3530 3467/3467 3466/3466
f 3531/3531 3468/3468 3467/3467
f 3532/3532 3469/3469 3468/3468
f 3533/3533 3470/3470 3469/3469
f 3534/3534 3471/3471 3470/3470
f 3535/3535 3472/3472 3471/3471
f 3536/3536 3473/3473 3472/3472
f 3537/3537 3474/3474 3473/3473
f 3538/3538 3475/3475 3474/3474
f 3539/3539 3476/3476 3475/3475
f 3540/3540 3477/3477 3476/3476
f 3541/3541 3478/3478 3477/3477
f 3542/3542 3479/3479 3478/3478
f 3543/3543 3480/3480 3479/3479
f 3544/3544 3481/3481 3480/3480
f 3545/3545 3482/3482 3481/3481
f 3546/3546 3483/3483 3482/3482
f 3547/3547 3484/3484 3483/3483
f 3548/3548 3485/3485 3484/3484
f 3549/3549 3486/3486 3485/3485
f 3550/3550 3487/3487 3486/3486
f 3551/3551 3488/3488 3487/3487
f 3552/3552 3489/3489 3488/3488
f 3553/3553 3490/3490 3489/3489
f 3554/3554 3491/3491 3490/3490
f 3555/3555 3492/3492 3491/3491
f 3556/3556 3493/3493 3492/3492
f 3557/3557 3494/3494 3493/3493
f 3558/3558 3495/3495 3494/3494
f 3559/3559 3496/3496 3495/3495
f 3560/3560 3497/3497 3496/3496
f 3561/3561 3498/3498 3497/3497
f 3562/3562 3499/3499 3498/3498
f 3563/3563 3500/3500 3499/3499
f 3564/3564 3501/3501 3500/3500
f 3565/3565 3502/3502 3501/3501
f 3566/3566 3503/3503 3502/3502
f 3567/3567 3504/3504 3503/3503
f 3568/3568 3505/3505 3504/3504
f 3569/3569 3506/3506 3505/3505
f 3570/3570 3507/3507 3506/3506
f 3571/3571 3508/3508 3507/3507
f 3572/3572 3509/3509 3508/3508
f 3573/3573 3510/3510 3509/3509
f 3574/3574 3511/3511 3510/3510
f 3575/3575 3512/3512 3511/3511
f 3576/3576 3513/3513 3512/3512
f 3577/3577 3514/3514 3513/3513
f 3578/3578 3515/3515 3514/3514
f 3579/3579 3516/3516 3515/3515
f 3580/3580 3517/3517 3516/3516
f 3581/3581 3518/3518 3517/3517
f 3582/3582 3519/3519 3518/3518
f 3583/3583 3520/3520 3519/3519
f 3585/3585 3522/3522 3521/3521
f 3586/3586 3523/3523 3522/3522
f 3587/3587 3524/3524 3523/3523
f 3588/3588 3525/3525 3524/3524
f 3589/3589 3526/3526 3525/3525
f 3590/3590 3527/3527 3526/3526
f 3591/3591 3528/3528 3527/3527
f 3592/3592 3529/3529 3528/3528
f 3593/3593 3530/3530 3529/3529
f 3594/3594 3531/3531 3530/3530
f 3595/3595 3532/3532 3531/3531
f 3596/3596 3533/3533 3532/3532
f 3597/3597 3534/3534 3533/3533
f 3598/3598 3535/3535 3534/3534
f 3599/3599 3536/3536 3535/3535
f 3600/3600 3537/3537 3536/3536
f 3601/3601 3538/3538 3537/3537
f 3602/3602 3539/3539 3538/3538
f 3603/3603 3540/3540 3539/3539
f 3604/3604 3541/3541 3540/3540
f 3605/3605 3542/3542 3541/3541
f 3606/3606 3543/3543 3542/3542
f 3607/3607 3544/3544 3543/3543
f 3608/3608 3545/3545 3544/3544
f 3609/3609 3546/3546 3545/3545
f 3610/3610 3547/3547 3546/3546
f 3611/3611 3548/3548 3547/3547
f 3612/3612 3549/3549 3548/3548
f 3613/3613 3550/3550 3549/3549
f 3614/3614 3551/3551 3550/3550
f 3615/3615 3552/3552 3551/3551
f 3616/3616 3553/3553 3552/3552
f 3617/3617 3554/3554 3553/3553
f 3618/3618 3555/3555 3554/3554
f 3619/3619 3556/3556 3555/3555
f 3620/3620 3557/3557 3556/3556
f 3621/3621 3558/3558 3557/3557
f 3622/3622 3559/3559 3558/3558
f 3623/3623 3560/3560 3559/3559
f 3624/3624 3561/3561 3560/3560
f 3625/3625 3562/3562 3561/3561
f 3626/3626 3563/3563 3562/3562
f 3627/3627 3564/3564 3563/3563
f 3628/3628 3565/3565 3564/3564
f 3629/3629 3566/3566 3565/3565
f 3630/3630 3567/3567 3566/3566
f 3631/3631 3568/3568 3567/3567
f 3632/3632 3569/3569 3568/3568
f 3633/3633 3570/3570 3569/3569
f 3634/3634 3571/3571 3570/3570
f 3635/3635 3572/3572 3571/3571
f 3636/3636 3573/3573 3572/3572
f 3637/3637 3574/3574 3573/3573
f 3638/3638 3575/3575 3574/3574
f 3639/3639 3576/3576 3575/3575
f 3640/3640 3577/3577 3576/3576
f 3641/3641 3578/3578 3577/3577
f 3642/3642 3579/3579 3578/3578
f 3643/3643 3580/3580 3579/3579
f 3644/3644 3581/3581 3580/3580
f 3645/3645 3582/3582 3581/3581
f 3646/3646 3583/3583 3582/3582
f 3647/3647 3584/3584 3583/3583
f 3649/3649 3586/3586 3585/3585
f 3650/3650 3587/3587 3586/3586
f 3651/3651 3588/3588 3587/3587
f 3652/3652 3589/3589 3588/3588
f 3653/3653 3590/3590 3589/3589
f 3654/3654 3591/3591 3590/3590
f 3655/3655 3592/3592 3591/3591
f 3656/3656 3593/3593 3592/3592
f 3657/3657 3594/3594 3593/3593
f 3658/3658 3595/3595 3594/3594
f 3659/3659 3596/3596 3595/3595
f 3660/3660 3597/3597 3596/3596
f 3661/3661 3598/3598 3597/3597
f 3662/3662 3599/3599 3598/3598
f 3663/3663 3600/3600 3599/3599
f 3664/3664 3601/3601 3600/3600
f 3665/3665 3602/3602 3601/3601
f 3666/3666 3603/3603 3602/3602
f 3667/3667 3604/3604 3603/3603
f 3668/3668 3605/3605 3604/3604
f 3669/3669 3606/3606 3605/3605
f 3670/3670 3607/3607 3606/3606
f 3671/3671 3608/3608 3607/3607
f 3672/3672 3609/3609 3608/3608
f 3673/3673 3610/3610 3609/3609
f 3674/3674 3611/3611 3610/3610
f 3675/3675 3612/3612 3611/3611
f 3676/3676 3613/3613 3612/3612
f 3677/3677 3614/3614 3613/3613
f 3678/3678 3615/3615 3614/3614
f 3679/3679 3616/3616 3615/3615
f 3680/3680 3617/3617 3616/3616
f 3681/3681 3618/3618 3617/3617
f 3682/3682 3619/3619 3618/3618
f 3683/3683 3620/3620 3619/3619
f 3684/3684 3621/3621 3620/3620
f 3685/3685 3622/3622 3621/3621
f 3686/3686 3623/3623 3622/3622
f 3687/3687 3624/3624 3623/3623
f 3688/3688 3625/3625 3624/3624
f 3689/3689 3626/3626 3625/3625
f 3690/3690 3627/3627 3626/3626
f 3691/3691 3628/3628 3627/3627
f 3692/3692 3629/3629 3628/3628
f 3693/3693 3630/3630 3629/3629
f 3694/3694 3631/3631 3630/3630
f 3695/3695 3632/3632 3631/3631
f 3696/3696 3633/3633 3632/3632
f 3697/3697 3634/3634 3633/3633
f 3698/3698 3635/3635 3634/3634
f 3699/3699 3636/3636 3635/3635
f 3700/3700 3637/3637 3636/3636
f 3701/3701 3638/3638 3637/3637
f 3702/3702 3639/3639 3638/3638
f 3703/3703 3640/3640 3639/3639
f 3704/3704 3641/3641 3640/3640
f 3705/3705 3642/3642 3641/3641
f 3706/3706 3643/3643 3642/3642
f 3707/3707 3644/3644 3643/3643
f 3708/3708 3645/3645 3644/3644
f 3709/3709 3646/3646 3645/3645
f 3710/3710 3647/3647 3646/3646
f 3711/3711 3648/3648 3647/3647
f 3713/3713 3650/3650 3649/3649
f 3714/3714 3651/3651 3650/3650
f 3715/3715 3652/3652 3651/3651
f 3716/3716 3653/3653 3652/3652
f 3717/3717 3654/3654 3653/3653
f 3718/3718 3655/3655 3654/3654
f 3719/3719 3656/3656 3655/3655
f 3720/3720 3657/3657 3656/3656
f 3721/3721 3658/3658 3657/3657
f 3722/3722 3659/3659 3658/3658
f 3723/3723 3660/3660 3659/3659
f 3724/3724 3661/3661 3660/3660
f 3725/3725 3662/3662 3661/3661
f 3726/3726 3663/3663 3662/3662
f 3727/3727 3664/3664 3663/3663
f 3728/3728 3665/3665 3664/3664
f 3729/3729 3666/3666 3665/3665
f 3730/3730 3667/3667 3666/3666
f 3731/3731 3668/3668 3667/3667
f 3732/3732 3669/3669 3668/3668
f 3733/3733 3670/3670 3669/3669
f 3734/3734 3671/3671 3670/3670
f 3735/3735 3672/3672 3671/3671
f 3736/3736 3673/3673 3672/3672
f 3737/3737 3674/3674 3673/3673
f 3738/3738 3675/3675 3674/3674
f 3739/3739 3676/3676 3675/3675
f 3740/3740 3677/3677 3676/3676
f 3741/3741 3678/3678 3677/3677
f 3742/3742 3679/3679 3678/3678
f 3743/3743 3680/3680 3679/3679
f 3744/3744 3681/3681 3680/3680
f 3745/3745 3682/3682 3681/3681
f 3746/3746 3683/3683 3682/3682
f 3747/3747 3684/3684 3683/3683
f 3748/3748 3685/3685 3684/3684
f 3749/3749 3686/3686 3685/3685
f 3750/3750 3687/3687 3686/3686
f 3751/3751 3688/3688 3687/3687
f 3752/3752 3689/3689 3688/3688
f 3753/3753 3690/3690 3689/3689
f 3754/3754 3691/3691 3690/3690
f 3755/3755 3692/3692 3691/3691
f 3756/3756 3693/3693 3692/3692
f 3757/3757 3694/3694 3693/3693
f 3758/3758 3695/3695 3694/3694
f 3759/3759 3696/3696 3695/3695
f 3760/3760 3697/3697 3696/3696
f 3761/3761 3698/3698 3697/3697
f 3762/3762 3699/3699 3698/3698
f 3763/3763 3700/3700 3699/3699
f 3764/3764 3701/3701 3700/3700
f 3765/3765 3702/3702 3701/3701
f 3766/3766 3703/3703 3702/3702
f 3767/3767 3704/3704 3703/3703
f 3768/3768 3705/3705 3704/3704
f 3769/3769 3706/3706 3705/3705
f 3770/3770 3707/3707 3706/3706
f 3771/3771 3708/3708 3707/3707
f 3772/3772 3709/3709 3708/3708
f 3773/3773 3710/3710 3709/3709
f 3774/3774 3711/3711 3710/3710
f 3775/3775 3712/3712 3711/3711
f 3777/3777 3714/3714 3713/3713
f 3778/3778 3715/3715 3714/3714
f 3779/3779 3716/3716 3715/3715
f 3780/3780 3717/3717 3716/3716
f 3781/3781 3718/3718 3717/3717
f 3782/3782 3719/3719 3718/3718
f 3783/3783 3720/3720 3719/3719
f 3784/3784 3721/3721 3720/3720
f 3785/3785 3722/3722 3721/3721
f 3786/3786 3723/3723 3722/3722
f 3787/3787 3724/3724 3723/3723
f 3788/3788 3725/3725 3724/3724
f 3789/3789 3726/3726 3725/3725
f 3790/3790 3727/3727 3726/3726
f 3791/3791 3728/3728 3727/3727
f 3792/3792 3729/3729 3728/3728
f 3793/3793 3730/3730 3729/3729
f 3794/3794 3731/3731 3730/3730
f 3795/3795 3732/3732 3731/3731
f 3796/3796 3733/3733 3732/3732
f 3797/3797 3734/3734 3733/3733
f 3798/3798 3735/3735 3734/3734
f 3799/3799 3736/3736 3735/3735
f 3800/3800 3737/3737 3736/3736
f 3801/3801 3738/3738 3737/3737
f 3802/3802 3739/3739 3738/3738
f 3803/3803 3740/3740 3739/3739
f 3804/3804 3741/3741 3740/3740
f 3805/3805 3742/3742 3741/3741
f 3806/3806 3743/3743 3742/3742
f 3807/3807 3744/3744 3743/3743
f 3808/3808 3745/3745 3744/3744
f 3809/3809 3746/3746 3745/3745
f 3810/3810 3747/3747 3746/3746
f 3811/3811 3748/3748 3747/3747
f 3812/3812 3749/3749 3748/3748
f 3813/3813 3750/3750 3749/3749
f 3814/3814 3751/3751 3750/3750
f 3815/3815 3752/3752 3751/3751
f 3816/3816 3753/3753 3752/3752
f 3817/3817 3754/3754 3753/3753
f 3818/3818 3755/3755 3754/3754
f 3819/3819 3756/3756 3755/3755
f 3820/3820 3757/3757 3756/3756
f 3821/3821 3758/3758 3757/3757
f 3822/3822 3759/3759 3758/3758
f 3823/3823 3760/3760 3759/3759
f 3824/3824 3761/3761 3760/3760
f 3825/3825 3762/3762 3761/3761
f 3826/3826 3763/3763 3762/3762
f 3827/3827 3764/3764 3763/3763
f 3828/3828 3765/3765 3764/3764
f 3829/3829 3766/3766 3765/3765
f 3830/3830 3767/3767 3766/3766
f 3831/3831 3768/3768 3767/3767
f 3832/3832 3769/3769 3768/3768
f 3833/3833 3770/3770 3769/3769
f 3834/3834 3771/3771 3770/3770
f 3835/3835 3772/3772 3771/3771
f 3836/3836 3773/3773 3772/3772
f 3837/3837 3774/3774 3773/3773
f 3838/3838 3775/3775 3774/3774
f 3839/3839 3776/3776 3775/3775
f 3841/3841 3778/3778 3777/3777
f 3842/3842 3779/3779 3778/3778
f 3843/3843 3780/3780 3779/3779
f 3844/3844 3781/3781 3780/3780
f 3845/3845 3782/3782 3781/3781
f 3846/3846 3783/3783 3782/3782
f 3847/3847 3784/3784 3783/3783
f 3848/3848 3785/3785 3784/3784
f 3849/3849 3786/3786 3785/3785
f 3850/3850 3787/3787 3786/3786
f 3851/3851 3788/3788 3787/3787
f 3852/3852 3789/3789 3788/3788
f 3853/3853 3790/3790 3789/3789
f 3854/3854 3791/3791 3790/3790
f 3855/3855 3792/3792 3791/3791
f 3856/3856 3793/3793 3792/3792
f 3857/3857 3794/3794 3793/3793
f 3858/3858 3795/3795 3794/3794
f 3859/3859 3796/3796 3795/3795
f 3860/3860 3797/3797 3796/3796
f 3861/3861 3798/3798 3797/3797
f 3862/3862 3799/3799 3798/3798
f 3863/3863 3800/3800 3799/3799
f 3864/3864 3801/3801 3800/3800
f 3865/3865 3802/3802 3801/3801
f 3866/3866 3803/3803 3802/3802
f 3867/3867 3804/3804 3803/3803
f 3868/3868 3805/3805 3804/3804
f 3869/3869 3806/3806 3805/3805
f 3870/3870 3807/3807 3806/3806
f 3871/3871 3808/3808 3807/3807
f 3872/3872 3809/3809 3808/3808
f 3873/3873 3810/3810 3809/3809
f 3874/3874 3811/3811 3810/3810
f 3875/3875 3812/3812 3811/3811
f 3876/3876 3813/3813 3812/3812
f 3877/3877 3814/3814 3813/3813
f 3878/3878 3815/3815 3814/3814
f 3879/3879 3816/3816 3815/3815
f 3880/3880 3817/3817 3816/3816
f 3881/3881 3818/3818 3817/3817
f 3882/3882 3819/3819 3818/3818
f 3883/3883 3820/3820 3819/3819
f 3884/3884 3821/3821 3820/3820
f 3885/3885 3822/3822 3821/3821
f 3886/3886 3823/3823 3822/3822
f 3887/3887 3824/3824 3823/3823
f 3888/3888 3825/3825 3824/3824
f 3889/3889 3826/3826 3825/3825
f 3890/3890 3827/3827 3826/3826
f 3891/3891 3828/3828 3827/3827
f 3892/3892 3829/3829 3828/3828
f 3893/3893 3830/3830 3829/3829
f 3894/3894 3831/3831 3830/3830
f 3895/3895 3832/3832 3831/3831
f 3896/3896 3833/3833 3832/3832
f 3897/3897 3834/3834 3833/3833
f 3898/3898 3835/3835 3834/3834
f 3899/3899 3836/3836 3835/3835
f 3900/3900 3837/3837 3836/3836
f 3901/3901 3838/3838 3837/3837
f 3902/3902 3839/3839 3838/3838
f 3903/3903 3840/3840 3839/3839
f 3905/3905 3842/3842 3841/3841
f 3906/3906 3843/3843 3842/3842
f 3907/3907 3844/3844 3843/3843
f 3908/3908 3845/3845 3844/3844
f 3909/3909 3846/3846 3845/3845
f 3910/3910 3847/3847 3846/3846
f 3911/3911 3848/3848 3847/3847
f 3912/3912 3849/3849 3848/3848
f 3913/3913 3850/3850 3849/3849
f 3914/3914 3851/3851 3850/3850
f 3915/3915 3852/3852 3851/3851
f 3916/3916 3853/3853 3852/3852
f 3917/3917 3854/3854 3853/3853
f 3918/3918 3855/3855 3854/3854
f 3919/3919 3856/3856 3855/3855
f 3920/3920 3857/3857 3856/3856
f 3921/3921 3858/3858 3857/3857
f 3922/3922 3859/3859 3858/3858
f 3923/3923 3860/3860 3859/3859
f 3924/3924 3861/3861 3860/3860
f 3925/3925 3862/3862 3861/3861
f 3926/3926 3863/3863 3862/3862
f 3927/3927 3864/3864 3863/3863
f 3928/3928 3865/3865 3864/3864
f 3929/3929 3866/3866 3865/3865
f 3930/3930 3867/3867 3866/3866
f 3931/3931 3868/3868 3867/3867
f 3932/3932 3869/3869 3868/3868
f 3933/3933 3870/3870 3869/3869
f 3934/3934 3871/3871 3870/3870
f 3935/3935 3872/3872 3871/3871
f 3936/3936 3873/3873 3872/3872
f 3937/3937 3874/3874 3873/3873
f 3938/3938 3875/3875 3874/3874
f 3939/3939 3876/3876 3875/3875
f 3940/3940 3877/3877 3876/3876
f 3941/3941 3878/3878 3877/3877
f 3942/3942 3879/3879 3878/3878
f 3943/3943 3880/3880 3879/3879
f 3944/3944 3881/3881 3880/3880
f 3945/3945 3882/3882 3881/3881
f 3946/3946 3883/3883 3882/3882
f 3947/3947 3884/3884 3883/3883
f 3948/3948 3885/3885 3884/3884
f 3949/3949 3886/3886 3885/3885
f 3950/3950 3887/3887 3886/3886
f 3951/3951 3888/3888 3887/3887
f 3952/3952 3889/3889 3888/3888
f 3953/3953 3890/3890 3889/3889
f 3954/3954 3891/3891 3890/3890
f 3955/3955 3892/3892 3891/3891
f 3956/3956 3893/3893 3892/3892
f 3957/3957 3894/3894 3893/3893
f 3958/3958 3895/3895 3894/3894
f 3959/3959 3896/3896 3895/3895
f 3960/3960 3897/3897 3896/3896
f 3961/3961 3898/3898 3897/3897
f 3962/3962 3899/3899 3898/3898
f 3963/3963 3900/3900 3899/3899
f 3964/3964 3901/3901 3900/3900
f 3965/3965 3902/3902 3901/3901
f 3966/3966 3903/3903 3902/3902
f 3967/3967 3904/3904 3903/3903
f 3969/3969 3906/3906 3905/3905
f 3970/3970 3907/3907 3906/3906
f 3971/3971 3908/3908 3907/3907
f 3972/3972 3909/3909 3908/3908
f 3973/3973 3910/3910 3909/3909
f 3974/3974 3911/3911 3910/3910
f 3975/3975 3912/3912 3911/3911
f 3976/3976 3913/3913 3912/3912
f 3977/3977 3914/3914 3913/3913
f 3978/3978 3915/3915 3914/3914
f 3979/3979 3916/3916 3915/3915
f 3980/3980 3917/3917 3916/3916
f 3981/3981 3918/3918 3917/3917
f 3982/3982 3919/3919 3918/3918
f 3983/3983 3920/3920 3919/3919
f 3984/3984 3921/3921 3920/3920
f 3985/3985 3922/3922 3921/3921
f 3986/3986 3923/3923 3922/3922
f 3987/3987 3924/3924 3923/3923
f 3988/3988 3925/3925 3924/3924
f 3989/3989 3926/3926 3925/3925
f 3990/3990 3927/3927 3926/3926
f 3991/3991 3928/3928 3927/3927
f 3992/3992 3929/3929 3928/3928
f 3993/3993 3930/3930 3929/3929
f 3994/3994 3931/3931 3930/3930
f 3995/3995 3932/3932 3931/3931
f 3996/3996 3933/3933 3932/3932
f 3997/3997 3934/3934 3933/3933
f 3998/3998 3935/3935 3934/3934
f 3999/3999 3936/3936 3935/3935
f 4000/4000 3937/3937 3936/3936
f 4001/4001 3938/3938 3937/3937
f 4002/4002 3939/3939 3938/3938
f 4003/4003 3940/3940 3939/3939
f 4004/4004 3941/3941 3940/3940
f 4005/4005 3942/3942 3941/3941
f 4006/4006 3943/3943 3942/3942
f 4007/4007 3944/3944 3943/3943
f 4008/4008 3945/3945 3944/3944
f 4009/4009 3946/3946 3945/3945
f 4010/4010 3947/3947 3946/3946
f 4011/4011 3948/3948 3947/3947
f 4012/4012 3949/3949 3948/3948
f 4013/4013 3950/3950 3949/3949
f 4014/4014 3951/3951 3950/3950
f 4015/4015 3952/3952 3951/3951
f 4016/4016 3953/3953 3952/3952
f 4017/4017 3954/3954 3953/3953
f 4018/4018 3955/3955 3954/3954
f 4019/4019 3956/3956 3955/3955
f 4020/4020 3957/3957 3956/3956
f 4021/4021 3958/3958 3957/3957
f 4022/4022 3959/3959 3958/3958
f 4023/4023 3960/3960 3959/3959
f 4024/4024 3961/3961 3960/3960
f 4025/4025 3962/3962 3961/3961
f 4026/4026 3963/3963 3962/3962
f 4027/4027 3964/3964 3963/3963
f 4028/4028 3965/3965 3964/3964
f 4029/4029 3966/3966 3965/3965
f 4030/4030 3967/3967 3966/3966
f 4031/4031 3968/3968 3967/3967
f 4033/4033 3970/3970 3969/3969
f 4034/4034 3971/3971 3970/3970
f 4035/4035 3972/3972 3971/3971
f 4036/4036 3973/3973 3972/3972
f 4037/4037 3974/3974 3973/3973
f 4038/4038 3975/3975 3974/3974
f 4039/4039 3976/3976 3975/3975
f 4040/4040 3977/3977 3976/3976
f 4041/4041 3978/3978 3977/3977
f 4042/4042 3979/3979 3978/3978
f 4043/4043 3980/3980 3979/3979
f 4044/4044 3981/3981 3980/3980
f 4045/4045 3982/3982 3981/3981
f 4046/4046 3983/3983 3982/3982
f 4047/4047 3984/3984 3983/3983
f 4048/4048 3985/3985 3984/3984
f 4049/4049 3986/3986 3985/3985
f 4050/4050 3987/3987 3986/3986
f 4051/4051 3988/3988 3987/3987
f 4052/4052 3989/3989 3988/3988
f 4053/4053 3990/3990 3989/3989
f 4054/4054 3991/3991 3990/3990
f 4055/4055 3992/3992 3991/3991
f 4056/4056 3993/3993 3992/3992
f 4057/4057 3994/3994 3993/3993
f 4058/4058 3995/3995 3994/3994
f 4059/4059 3996/3996 3995/3995
f 4060/4060 3997/3997 3996/3996
f 4061/4061 3998/3998 3997/3997
f 4062/4062 3999/3999 3998/3998
f 4063/4063 4000/4000 3999/3999
f 4064/4064 4001/4001 4000/4000
f 4065/4065 4002/4002 4001/4001
f 4066/4066 4003/4003 4002/4002
f 4067/4067 4004/4004 4003/4003
f 4068/4068 4005/4005 4004/4004
f 4069/4069 4006/4006 4005/4005
f 4070/4070 4007/4007 4006/4006
f 4071/4071 4008/4008 4007/4007
f 4072/4072 4009/4009 4008/4008
f 4073/4073 4010/4010 4009/4009
f 4074/4074 4011/4011 4010/4010
f 4075/4075 4012/4012 4011/4011
f 4076/4076 4013/4013 4012/4012
f 4077/4077 4014/4014 4013/4013
f 4078/4078 4015/4015 4014/4014
f 4079/4079 4016/4016 4015/4015
f 4080/4080 4017/4017 4016/4016
f 4081/4081 4018/4018 4017/4017
f 4082/4082 4019/4019 4018/4018
f 4083/4083 4020/4020 4019/4019
f 4084/4084 4021/4021 4020/4020
f 4085/4085 4022/4022 4021/4021
f 4086/4086 4023/4023 4022/4022
f 4087/4087 4024/4024 4023/4023
f 4088/4088 4025/4025 4024/4024
f 4089/4089 4026/4026 4025/4025
f 4090/4090 4027/4027 4026/4026
f 4091/4091 4028/4028 4027/4027
f 4092/4092 4029/4029 4028/4028
f 4093/4093 4030/4030 4029/4029
f 4094/4094 4031/4031 4030/4030
f 4095/4095 4032/4032 4031/4031
